ID,Symbol,Name,ENSG,ENST,Chromosome,Length,log10(Length),Disease Associated,Oversized,Search Name,Species,path_CDS,path_REJ.N,path_REJ.C
20218,ABCA1,ATP binding cassette subfamily A member 1,ENSG00000165029,ENST00000374736,9,6786,3.831613855309099,True,True,ABCA1 [ENST00000374736],Human,data/coding_sequences/ENST00000374736_CDS.fasta,data/coding_sequences/ENST00000374736_REJ.N.fasta,data/coding_sequences/ENST00000374736_REJ.C.fasta
109058,ABCA1,ATP binding cassette subfamily A member 1,ENSG00000165029,ENST00000678995,9,6792,3.831997677235896,True,True,ABCA1 [ENST00000678995],Human,data/coding_sequences/ENST00000678995_CDS.fasta,data/coding_sequences/ENST00000678995_REJ.N.fasta,data/coding_sequences/ENST00000678995_REJ.C.fasta
7442,ABCA10,ATP binding cassette subfamily A member 10,ENSG00000154263,ENST00000269081,17,4632,3.66576855071938,False,True,ABCA10 [ENST00000269081],Human,data/coding_sequences/ENST00000269081_CDS.fasta,data/coding_sequences/ENST00000269081_REJ.N.fasta,data/coding_sequences/ENST00000269081_REJ.C.fasta
117686,ABCA10,ATP binding cassette subfamily A member 10,ENSG00000154263,ENST00000690296,17,4632,3.66576855071938,False,True,ABCA10 [ENST00000690296],Human,data/coding_sequences/ENST00000690296_CDS.fasta,data/coding_sequences/ENST00000690296_REJ.N.fasta,data/coding_sequences/ENST00000690296_REJ.C.fasta
5457,ABCA12,ATP binding cassette subfamily A member 12,ENSG00000144452,ENST00000272895,2,7788,3.8914259428479943,True,True,ABCA12 [ENST00000272895],Human,data/coding_sequences/ENST00000272895_CDS.fasta,data/coding_sequences/ENST00000272895_REJ.N.fasta,data/coding_sequences/ENST00000272895_REJ.C.fasta
22620,ABCA12,ATP binding cassette subfamily A member 12,ENSG00000144452,ENST00000389661,2,6834,3.834674974462744,True,True,ABCA12 [ENST00000389661],Human,data/coding_sequences/ENST00000389661_CDS.fasta,data/coding_sequences/ENST00000389661_REJ.N.fasta,data/coding_sequences/ENST00000389661_REJ.C.fasta
73892,ABCA13,ATP binding cassette subfamily A member 13,ENSG00000179869,ENST00000544596,7,7101,3.8513195126487454,False,True,ABCA13 [ENST00000544596],Human,data/coding_sequences/ENST00000544596_CDS.fasta,data/coding_sequences/ENST00000544596_REJ.N.fasta,data/coding_sequences/ENST00000544596_REJ.C.fasta
93786,ABCA2,ATP binding cassette subfamily A member 2,ENSG00000107331,ENST00000614293,9,7401,3.8692904042093983,True,True,ABCA2 [ENST00000614293],Human,data/coding_sequences/ENST00000614293_CDS.fasta,data/coding_sequences/ENST00000614293_REJ.N.fasta,data/coding_sequences/ENST00000614293_REJ.C.fasta
13188,ABCA2,ATP binding cassette subfamily A member 2,ENSG00000107331,ENST00000341511,9,7311,3.863976783904387,True,True,ABCA2 [ENST00000341511],Human,data/coding_sequences/ENST00000341511_CDS.fasta,data/coding_sequences/ENST00000341511_REJ.N.fasta,data/coding_sequences/ENST00000341511_REJ.C.fasta
21355,ABCA2,ATP binding cassette subfamily A member 2,ENSG00000107331,ENST00000371605,9,7308,3.8637985386805003,True,True,ABCA2 [ENST00000371605],Human,data/coding_sequences/ENST00000371605_CDS.fasta,data/coding_sequences/ENST00000371605_REJ.N.fasta,data/coding_sequences/ENST00000371605_REJ.C.fasta
25267,ABCA3,ATP binding cassette subfamily A member 3,ENSG00000167972,ENST00000382381,16,4941,3.6938148538894167,True,True,ABCA3 [ENST00000382381],Human,data/coding_sequences/ENST00000382381_CDS.fasta,data/coding_sequences/ENST00000382381_REJ.N.fasta,data/coding_sequences/ENST00000382381_REJ.C.fasta
8672,ABCA3,ATP binding cassette subfamily A member 3,ENSG00000167972,ENST00000301732,16,5115,3.708845638048179,True,True,ABCA3 [ENST00000301732],Human,data/coding_sequences/ENST00000301732_CDS.fasta,data/coding_sequences/ENST00000301732_REJ.N.fasta,data/coding_sequences/ENST00000301732_REJ.C.fasta
18155,ABCA4,ATP binding cassette subfamily A member 4,ENSG00000198691,ENST00000370225,1,6822,3.8339117150713786,True,True,ABCA4 [ENST00000370225],Human,data/coding_sequences/ENST00000370225_CDS.fasta,data/coding_sequences/ENST00000370225_REJ.N.fasta,data/coding_sequences/ENST00000370225_REJ.C.fasta
25117,ABCA5,ATP binding cassette subfamily A member 5,ENSG00000154265,ENST00000392676,17,4929,3.692758818154724,False,True,ABCA5 [ENST00000392676],Human,data/coding_sequences/ENST00000392676_CDS.fasta,data/coding_sequences/ENST00000392676_REJ.N.fasta,data/coding_sequences/ENST00000392676_REJ.C.fasta
84188,ABCA5,ATP binding cassette subfamily A member 5,ENSG00000154265,ENST00000588877,17,4929,3.692758818154724,False,True,ABCA5 [ENST00000588877],Human,data/coding_sequences/ENST00000588877_CDS.fasta,data/coding_sequences/ENST00000588877_REJ.N.fasta,data/coding_sequences/ENST00000588877_REJ.C.fasta
6028,ABCA6,ATP binding cassette subfamily A member 6,ENSG00000154262,ENST00000284425,17,4854,3.686099771995916,False,True,ABCA6 [ENST00000284425],Human,data/coding_sequences/ENST00000284425_CDS.fasta,data/coding_sequences/ENST00000284425_REJ.N.fasta,data/coding_sequences/ENST00000284425_REJ.C.fasta
3093,ABCA7,ATP binding cassette subfamily A member 7,ENSG00000064687,ENST00000263094,19,6441,3.808953299155911,False,True,ABCA7 [ENST00000263094],Human,data/coding_sequences/ENST00000263094_CDS.fasta,data/coding_sequences/ENST00000263094_REJ.N.fasta,data/coding_sequences/ENST00000263094_REJ.C.fasta
86417,ABCA8,ATP binding cassette subfamily A member 8,ENSG00000141338,ENST00000586539,17,4866,3.6871721045948,False,True,ABCA8 [ENST00000586539],Human,data/coding_sequences/ENST00000586539_CDS.fasta,data/coding_sequences/ENST00000586539_REJ.N.fasta,data/coding_sequences/ENST00000586539_REJ.C.fasta
39896,ABCA8,ATP binding cassette subfamily A member 8,ENSG00000141338,ENST00000430352,17,4851,3.6858312746260635,False,True,ABCA8 [ENST00000430352],Human,data/coding_sequences/ENST00000430352_CDS.fasta,data/coding_sequences/ENST00000430352_REJ.N.fasta,data/coding_sequences/ENST00000430352_REJ.C.fasta
3003,ABCA8,ATP binding cassette subfamily A member 8,ENSG00000141338,ENST00000269080,17,4746,3.6763277338813203,False,True,ABCA8 [ENST00000269080],Human,data/coding_sequences/ENST00000269080_CDS.fasta,data/coding_sequences/ENST00000269080_REJ.N.fasta,data/coding_sequences/ENST00000269080_REJ.C.fasta
11277,ABCA9,ATP binding cassette subfamily A member 9,ENSG00000154258,ENST00000340001,17,4875,3.687974620034556,False,True,ABCA9 [ENST00000340001],Human,data/coding_sequences/ENST00000340001_CDS.fasta,data/coding_sequences/ENST00000340001_REJ.N.fasta,data/coding_sequences/ENST00000340001_REJ.C.fasta
46154,ABCA9,ATP binding cassette subfamily A member 9,ENSG00000154258,ENST00000453985,17,4761,3.6776981814745104,False,True,ABCA9 [ENST00000453985],Human,data/coding_sequences/ENST00000453985_CDS.fasta,data/coding_sequences/ENST00000453985_REJ.N.fasta,data/coding_sequences/ENST00000453985_REJ.C.fasta
94955,ABCC1,ATP binding cassette subfamily C member 1,ENSG00000278183,ENST00000621144,CHR_HSCHR16_1_CTG1,4596,3.6623800200162475,False,True,ABCC1 [ENST00000621144],Human,data/coding_sequences/ENST00000621144_CDS.fasta,data/coding_sequences/ENST00000621144_REJ.N.fasta,data/coding_sequences/ENST00000621144_REJ.C.fasta
27236,ABCC1,ATP binding cassette subfamily C member 1,ENSG00000103222,ENST00000399410,16,4596,3.6623800200162475,False,True,ABCC1 [ENST00000399410],Human,data/coding_sequences/ENST00000399410_CDS.fasta,data/coding_sequences/ENST00000399410_REJ.N.fasta,data/coding_sequences/ENST00000399410_REJ.C.fasta
30199,ABCC1,ATP binding cassette subfamily C member 1,ENSG00000103222,ENST00000399408,16,4626,3.6652056284346006,False,True,ABCC1 [ENST00000399408],Human,data/coding_sequences/ENST00000399408_CDS.fasta,data/coding_sequences/ENST00000399408_REJ.N.fasta,data/coding_sequences/ENST00000399408_REJ.C.fasta
102246,ABCC2,ATP binding cassette subfamily C member 2,ENSG00000023839,ENST00000647814,10,4638,3.6663307443019684,True,True,ABCC2 [ENST00000647814],Human,data/coding_sequences/ENST00000647814_CDS.fasta,data/coding_sequences/ENST00000647814_REJ.N.fasta,data/coding_sequences/ENST00000647814_REJ.C.fasta
6634,ABCC3,ATP binding cassette subfamily C member 3,ENSG00000108846,ENST00000285238,17,4584,3.6612446089593336,False,True,ABCC3 [ENST00000285238],Human,data/coding_sequences/ENST00000285238_CDS.fasta,data/coding_sequences/ENST00000285238_REJ.N.fasta,data/coding_sequences/ENST00000285238_REJ.C.fasta
487,ABCC6,ATP binding cassette subfamily C member 6,ENSG00000091262,ENST00000205557,16,4512,3.654369090975286,True,True,ABCC6 [ENST00000205557],Human,data/coding_sequences/ENST00000205557_CDS.fasta,data/coding_sequences/ENST00000205557_REJ.N.fasta,data/coding_sequences/ENST00000205557_REJ.C.fasta
93683,ABCC6,ATP binding cassette subfamily C member 6,ENSG00000275331,ENST00000620078,CHR_HSCHR16_1_CTG1,4512,3.654369090975286,True,True,ABCC6 [ENST00000620078],Human,data/coding_sequences/ENST00000620078_CDS.fasta,data/coding_sequences/ENST00000620078_REJ.N.fasta,data/coding_sequences/ENST00000620078_REJ.C.fasta
7113,ABCC8,ATP binding cassette subfamily C member 8,ENSG00000006071,ENST00000302539,11,4749,3.676602169582018,True,True,ABCC8 [ENST00000302539],Human,data/coding_sequences/ENST00000302539_CDS.fasta,data/coding_sequences/ENST00000302539_REJ.N.fasta,data/coding_sequences/ENST00000302539_REJ.C.fasta
104851,ABCC8,ATP binding cassette subfamily C member 8,ENSG00000006071,ENST00000643260,11,4746,3.6763277338813203,True,True,ABCC8 [ENST00000643260],Human,data/coding_sequences/ENST00000643260_CDS.fasta,data/coding_sequences/ENST00000643260_REJ.N.fasta,data/coding_sequences/ENST00000643260_REJ.C.fasta
99367,ABCC8,ATP binding cassette subfamily C member 8,ENSG00000006071,ENST00000642271,11,4743,3.6760531246518715,True,True,ABCC8 [ENST00000642271],Human,data/coding_sequences/ENST00000642271_CDS.fasta,data/coding_sequences/ENST00000642271_REJ.N.fasta,data/coding_sequences/ENST00000642271_REJ.C.fasta
23534,ABCC8,ATP binding cassette subfamily C member 8,ENSG00000006071,ENST00000389817,11,4746,3.6763277338813203,True,True,ABCC8 [ENST00000389817],Human,data/coding_sequences/ENST00000389817_CDS.fasta,data/coding_sequences/ENST00000389817_REJ.N.fasta,data/coding_sequences/ENST00000389817_REJ.C.fasta
115001,ABCC8,ATP binding cassette subfamily C member 8,ENSG00000006071,ENST00000684571,11,4587,3.6615287401319825,True,True,ABCC8 [ENST00000684571],Human,data/coding_sequences/ENST00000684571_CDS.fasta,data/coding_sequences/ENST00000684571_REJ.N.fasta,data/coding_sequences/ENST00000684571_REJ.C.fasta
113258,ABCC8,ATP binding cassette subfamily C member 8,ENSG00000006071,ENST00000683136,11,4629,3.6654871807828107,True,True,ABCC8 [ENST00000683136],Human,data/coding_sequences/ENST00000683136_CDS.fasta,data/coding_sequences/ENST00000683136_REJ.N.fasta,data/coding_sequences/ENST00000683136_REJ.C.fasta
103154,ABCC8,ATP binding cassette subfamily C member 8,ENSG00000006071,ENST00000644772,11,4812,3.6823256186678073,True,True,ABCC8 [ENST00000644772],Human,data/coding_sequences/ENST00000644772_CDS.fasta,data/coding_sequences/ENST00000644772_REJ.N.fasta,data/coding_sequences/ENST00000644772_REJ.C.fasta
102555,ABCC8,ATP binding cassette subfamily C member 8,ENSG00000006071,ENST00000646902,11,4713,3.6732974397596356,True,True,ABCC8 [ENST00000646902],Human,data/coding_sequences/ENST00000646902_CDS.fasta,data/coding_sequences/ENST00000646902_REJ.N.fasta,data/coding_sequences/ENST00000646902_REJ.C.fasta
114518,ABCC9,ATP binding cassette subfamily C member 9,ENSG00000069431,ENST00000684084,12,4599,3.6626634095740376,True,True,ABCC9 [ENST00000684084],Human,data/coding_sequences/ENST00000684084_CDS.fasta,data/coding_sequences/ENST00000684084_REJ.N.fasta,data/coding_sequences/ENST00000684084_REJ.C.fasta
3433,ABCC9,ATP binding cassette subfamily C member 9,ENSG00000069431,ENST00000261201,12,4650,3.667452952889954,True,True,ABCC9 [ENST00000261201],Human,data/coding_sequences/ENST00000261201_CDS.fasta,data/coding_sequences/ENST00000261201_REJ.N.fasta,data/coding_sequences/ENST00000261201_REJ.C.fasta
4354,ABCC9,ATP binding cassette subfamily C member 9,ENSG00000069431,ENST00000261200,12,4650,3.667452952889954,True,True,ABCC9 [ENST00000261200],Human,data/coding_sequences/ENST00000261200_CDS.fasta,data/coding_sequences/ENST00000261200_REJ.N.fasta,data/coding_sequences/ENST00000261200_REJ.C.fasta
50394,ABI3BP,ABI family member 3 binding protein,ENSG00000154175,ENST00000471714,3,5361,3.7292458072253067,False,True,ABI3BP [ENST00000471714],Human,data/coding_sequences/ENST00000471714_CDS.fasta,data/coding_sequences/ENST00000471714_REJ.N.fasta,data/coding_sequences/ENST00000471714_REJ.C.fasta
91305,ACACA,acetyl-CoA carboxylase alpha,ENSG00000278540,ENST00000614428,17,7041,3.847634344318255,True,True,ACACA [ENST00000614428],Human,data/coding_sequences/ENST00000614428_CDS.fasta,data/coding_sequences/ENST00000614428_REJ.N.fasta,data/coding_sequences/ENST00000614428_REJ.C.fasta
94516,ACACA,acetyl-CoA carboxylase alpha,ENSG00000275176,ENST00000621312,CHR_HSCHR17_7_CTG4,6807,3.8329557506045986,True,True,ACACA [ENST00000621312],Human,data/coding_sequences/ENST00000621312_CDS.fasta,data/coding_sequences/ENST00000621312_REJ.N.fasta,data/coding_sequences/ENST00000621312_REJ.C.fasta
92122,ACACA,acetyl-CoA carboxylase alpha,ENSG00000275176,ENST00000613687,CHR_HSCHR17_7_CTG4,7041,3.847634344318255,True,True,ACACA [ENST00000613687],Human,data/coding_sequences/ENST00000613687_CDS.fasta,data/coding_sequences/ENST00000613687_REJ.N.fasta,data/coding_sequences/ENST00000613687_REJ.C.fasta
87216,ACACA,acetyl-CoA carboxylase alpha,ENSG00000275176,ENST00000611803,CHR_HSCHR17_7_CTG4,6867,3.8367670473942055,True,True,ACACA [ENST00000611803],Human,data/coding_sequences/ENST00000611803_CDS.fasta,data/coding_sequences/ENST00000611803_REJ.N.fasta,data/coding_sequences/ENST00000611803_REJ.C.fasta
90940,ACACA,acetyl-CoA carboxylase alpha,ENSG00000278540,ENST00000612895,17,6867,3.8367670473942055,True,True,ACACA [ENST00000612895],Human,data/coding_sequences/ENST00000612895_CDS.fasta,data/coding_sequences/ENST00000612895_REJ.N.fasta,data/coding_sequences/ENST00000612895_REJ.C.fasta
91724,ACACA,acetyl-CoA carboxylase alpha,ENSG00000278540,ENST00000616317,17,7152,3.854427505787861,True,True,ACACA [ENST00000616317],Human,data/coding_sequences/ENST00000616317_CDS.fasta,data/coding_sequences/ENST00000616317_REJ.N.fasta,data/coding_sequences/ENST00000616317_REJ.C.fasta
92088,ACACA,acetyl-CoA carboxylase alpha,ENSG00000275176,ENST00000619487,CHR_HSCHR17_7_CTG4,7152,3.854427505787861,True,True,ACACA [ENST00000619487],Human,data/coding_sequences/ENST00000619487_CDS.fasta,data/coding_sequences/ENST00000619487_REJ.N.fasta,data/coding_sequences/ENST00000619487_REJ.C.fasta
93612,ACACA,acetyl-CoA carboxylase alpha,ENSG00000278540,ENST00000617649,17,6807,3.8329557506045986,True,True,ACACA [ENST00000617649],Human,data/coding_sequences/ENST00000617649_CDS.fasta,data/coding_sequences/ENST00000617649_REJ.N.fasta,data/coding_sequences/ENST00000617649_REJ.C.fasta
25811,ACACB,acetyl-CoA carboxylase beta,ENSG00000076555,ENST00000377848,12,7377,3.86787978345838,False,True,ACACB [ENST00000377848],Human,data/coding_sequences/ENST00000377848_CDS.fasta,data/coding_sequences/ENST00000377848_REJ.N.fasta,data/coding_sequences/ENST00000377848_REJ.C.fasta
9662,ACACB,acetyl-CoA carboxylase beta,ENSG00000076555,ENST00000338432,12,7377,3.86787978345838,False,True,ACACB [ENST00000338432],Human,data/coding_sequences/ENST00000338432_CDS.fasta,data/coding_sequences/ENST00000338432_REJ.N.fasta,data/coding_sequences/ENST00000338432_REJ.C.fasta
43888,ACAN,aggrecan,ENSG00000157766,ENST00000439576,15,7593,3.880413399877917,True,True,ACAN [ENST00000439576],Human,data/coding_sequences/ENST00000439576_CDS.fasta,data/coding_sequences/ENST00000439576_REJ.N.fasta,data/coding_sequences/ENST00000439576_REJ.C.fasta
75611,ACAN,aggrecan,ENSG00000157766,ENST00000561243,15,7593,3.880413399877917,True,True,ACAN [ENST00000561243],Human,data/coding_sequences/ENST00000561243_CDS.fasta,data/coding_sequences/ENST00000561243_REJ.N.fasta,data/coding_sequences/ENST00000561243_REJ.C.fasta
74807,ACAN,aggrecan,ENSG00000157766,ENST00000560601,15,7707,3.8868853589860084,True,True,ACAN [ENST00000560601],Human,data/coding_sequences/ENST00000560601_CDS.fasta,data/coding_sequences/ENST00000560601_REJ.N.fasta,data/coding_sequences/ENST00000560601_REJ.C.fasta
14382,ACAN,aggrecan,ENSG00000157766,ENST00000352105,15,7296,3.86308482532036,True,True,ACAN [ENST00000352105],Human,data/coding_sequences/ENST00000352105_CDS.fasta,data/coding_sequences/ENST00000352105_REJ.N.fasta,data/coding_sequences/ENST00000352105_REJ.C.fasta
77263,ACAN,aggrecan,ENSG00000157766,ENST00000559004,15,7479,3.873843533223436,True,True,ACAN [ENST00000559004],Human,data/coding_sequences/ENST00000559004_CDS.fasta,data/coding_sequences/ENST00000559004_REJ.N.fasta,data/coding_sequences/ENST00000559004_REJ.C.fasta
57058,ADAMTS12,ADAM metallopeptidase with thrombospondin type 1 motif 12,ENSG00000151388,ENST00000504830,5,4785,3.6798819421128623,False,True,ADAMTS12 [ENST00000504830],Human,data/coding_sequences/ENST00000504830_CDS.fasta,data/coding_sequences/ENST00000504830_REJ.N.fasta,data/coding_sequences/ENST00000504830_REJ.C.fasta
14350,ADAMTS12,ADAM metallopeptidase with thrombospondin type 1 motif 12,ENSG00000151388,ENST00000352040,5,4530,3.656098202012832,False,True,ADAMTS12 [ENST00000352040],Human,data/coding_sequences/ENST00000352040_CDS.fasta,data/coding_sequences/ENST00000352040_REJ.N.fasta,data/coding_sequences/ENST00000352040_REJ.C.fasta
25939,ADAMTS20,ADAM metallopeptidase with thrombospondin type 1 motif 20,ENSG00000173157,ENST00000389420,12,5733,3.758381941774675,False,True,ADAMTS20 [ENST00000389420],Human,data/coding_sequences/ENST00000389420_CDS.fasta,data/coding_sequences/ENST00000389420_REJ.N.fasta,data/coding_sequences/ENST00000389420_REJ.C.fasta
71115,ADAMTS20,ADAM metallopeptidase with thrombospondin type 1 motif 20,ENSG00000173157,ENST00000553158,12,4515,3.6546577546495245,False,True,ADAMTS20 [ENST00000553158],Human,data/coding_sequences/ENST00000553158_CDS.fasta,data/coding_sequences/ENST00000553158_REJ.N.fasta,data/coding_sequences/ENST00000553158_REJ.C.fasta
22551,ADAMTS7,ADAM metallopeptidase with thrombospondin type 1 motif 7,ENSG00000136378,ENST00000388820,15,5061,3.7042363373087874,False,True,ADAMTS7 [ENST00000388820],Human,data/coding_sequences/ENST00000388820_CDS.fasta,data/coding_sequences/ENST00000388820_REJ.N.fasta,data/coding_sequences/ENST00000388820_REJ.C.fasta
55907,ADAMTS9,ADAM metallopeptidase with thrombospondin type 1 motif 9,ENSG00000163638,ENST00000498707,3,5808,3.7640266076920375,False,True,ADAMTS9 [ENST00000498707],Human,data/coding_sequences/ENST00000498707_CDS.fasta,data/coding_sequences/ENST00000498707_REJ.N.fasta,data/coding_sequences/ENST00000498707_REJ.C.fasta
6081,ADAMTS9,ADAM metallopeptidase with thrombospondin type 1 motif 9,ENSG00000163638,ENST00000295903,3,5724,3.7576996250877386,False,True,ADAMTS9 [ENST00000295903],Human,data/coding_sequences/ENST00000295903_CDS.fasta,data/coding_sequences/ENST00000295903_REJ.N.fasta,data/coding_sequences/ENST00000295903_REJ.C.fasta
111856,ADAMTSL1,ADAMTS like 1,ENSG00000178031,ENST00000680146,9,5433,3.7350397050337207,False,True,ADAMTSL1 [ENST00000680146],Human,data/coding_sequences/ENST00000680146_CDS.fasta,data/coding_sequences/ENST00000680146_REJ.N.fasta,data/coding_sequences/ENST00000680146_REJ.C.fasta
25201,ADAMTSL1,ADAMTS like 1,ENSG00000178031,ENST00000380548,9,5289,3.7233735670189843,False,True,ADAMTSL1 [ENST00000380548],Human,data/coding_sequences/ENST00000380548_CDS.fasta,data/coding_sequences/ENST00000380548_REJ.N.fasta,data/coding_sequences/ENST00000380548_REJ.C.fasta
5007,ADAMTSL3,ADAMTS like 3,ENSG00000156218,ENST00000286744,15,5076,3.705521613422667,False,True,ADAMTSL3 [ENST00000286744],Human,data/coding_sequences/ENST00000286744_CDS.fasta,data/coding_sequences/ENST00000286744_REJ.N.fasta,data/coding_sequences/ENST00000286744_REJ.C.fasta
79085,ADAMTSL3,ADAMTS like 3,ENSG00000156218,ENST00000567476,15,5049,3.7032053706954864,False,True,ADAMTSL3 [ENST00000567476],Human,data/coding_sequences/ENST00000567476_CDS.fasta,data/coding_sequences/ENST00000567476_REJ.N.fasta,data/coding_sequences/ENST00000567476_REJ.C.fasta
21014,ADCY10,adenylate cyclase 10,ENSG00000143199,ENST00000367851,1,4833,3.6842167951388807,False,True,ADCY10 [ENST00000367851],Human,data/coding_sequences/ENST00000367851_CDS.fasta,data/coding_sequences/ENST00000367851_REJ.N.fasta,data/coding_sequences/ENST00000367851_REJ.C.fasta
18587,ADCY10,adenylate cyclase 10,ENSG00000143199,ENST00000367848,1,4557,3.6586790285824486,False,True,ADCY10 [ENST00000367848],Human,data/coding_sequences/ENST00000367848_CDS.fasta,data/coding_sequences/ENST00000367848_REJ.N.fasta,data/coding_sequences/ENST00000367848_REJ.C.fasta
113101,ADGB,androglobin,ENSG00000118492,ENST00000681847,6,5004,3.6993173010213822,False,True,ADGB [ENST00000681847],Human,data/coding_sequences/ENST00000681847_CDS.fasta,data/coding_sequences/ENST00000681847_REJ.N.fasta,data/coding_sequences/ENST00000681847_REJ.C.fasta
30679,ADGB,androglobin,ENSG00000118492,ENST00000397944,6,5004,3.6993173010213822,False,True,ADGB [ENST00000397944],Human,data/coding_sequences/ENST00000397944_CDS.fasta,data/coding_sequences/ENST00000397944_REJ.N.fasta,data/coding_sequences/ENST00000397944_REJ.C.fasta
61092,ADGRB1,adhesion G protein-coupled receptor B1,ENSG00000181790,ENST00000517894,8,4755,3.6771505212734326,False,True,ADGRB1 [ENST00000517894],Human,data/coding_sequences/ENST00000517894_CDS.fasta,data/coding_sequences/ENST00000517894_REJ.N.fasta,data/coding_sequences/ENST00000517894_REJ.C.fasta
11455,ADGRB1,adhesion G protein-coupled receptor B1,ENSG00000181790,ENST00000323289,8,4755,3.6771505212734326,False,True,ADGRB1 [ENST00000323289],Human,data/coding_sequences/ENST00000323289_CDS.fasta,data/coding_sequences/ENST00000323289_REJ.N.fasta,data/coding_sequences/ENST00000323289_REJ.C.fasta
102793,ADGRB1,adhesion G protein-coupled receptor B1,ENSG00000181790,ENST00000643448,8,4746,3.6763277338813203,False,True,ADGRB1 [ENST00000643448],Human,data/coding_sequences/ENST00000643448_CDS.fasta,data/coding_sequences/ENST00000643448_REJ.N.fasta,data/coding_sequences/ENST00000643448_REJ.C.fasta
27946,ADGRB2,adhesion G protein-coupled receptor B2,ENSG00000121753,ENST00000398556,1,4503,3.653501946962933,False,True,ADGRB2 [ENST00000398556],Human,data/coding_sequences/ENST00000398556_CDS.fasta,data/coding_sequences/ENST00000398556_REJ.N.fasta,data/coding_sequences/ENST00000398556_REJ.C.fasta
20375,ADGRB2,adhesion G protein-coupled receptor B2,ENSG00000121753,ENST00000373658,1,4758,3.6774244377012475,False,True,ADGRB2 [ENST00000373658],Human,data/coding_sequences/ENST00000373658_CDS.fasta,data/coding_sequences/ENST00000373658_REJ.N.fasta,data/coding_sequences/ENST00000373658_REJ.C.fasta
18595,ADGRB2,adhesion G protein-coupled receptor B2,ENSG00000121753,ENST00000373655,1,4755,3.6771505212734326,False,True,ADGRB2 [ENST00000373655],Human,data/coding_sequences/ENST00000373655_CDS.fasta,data/coding_sequences/ENST00000373655_REJ.N.fasta,data/coding_sequences/ENST00000373655_REJ.C.fasta
30947,ADGRB2,adhesion G protein-coupled receptor B2,ENSG00000121753,ENST00000398538,1,4665,3.668851648082519,False,True,ADGRB2 [ENST00000398538],Human,data/coding_sequences/ENST00000398538_CDS.fasta,data/coding_sequences/ENST00000398538_REJ.N.fasta,data/coding_sequences/ENST00000398538_REJ.C.fasta
65151,ADGRB2,adhesion G protein-coupled receptor B2,ENSG00000121753,ENST00000527361,1,4656,3.668012971641832,False,True,ADGRB2 [ENST00000527361],Human,data/coding_sequences/ENST00000527361_CDS.fasta,data/coding_sequences/ENST00000527361_REJ.N.fasta,data/coding_sequences/ENST00000527361_REJ.C.fasta
73158,ADGRB3,adhesion G protein-coupled receptor B3,ENSG00000135298,ENST00000546190,6,4569,3.659821158055705,False,True,ADGRB3 [ENST00000546190],Human,data/coding_sequences/ENST00000546190_CDS.fasta,data/coding_sequences/ENST00000546190_REJ.N.fasta,data/coding_sequences/ENST00000546190_REJ.C.fasta
18564,ADGRB3,adhesion G protein-coupled receptor B3,ENSG00000135298,ENST00000370598,6,4569,3.659821158055705,False,True,ADGRB3 [ENST00000370598],Human,data/coding_sequences/ENST00000370598_CDS.fasta,data/coding_sequences/ENST00000370598_REJ.N.fasta,data/coding_sequences/ENST00000370598_REJ.C.fasta
57696,ADGRL3,adhesion G protein-coupled receptor L3,ENSG00000150471,ENST00000506720,4,4743,3.6760531246518715,False,True,ADGRL3 [ENST00000506720],Human,data/coding_sequences/ENST00000506720_CDS.fasta,data/coding_sequences/ENST00000506720_REJ.N.fasta,data/coding_sequences/ENST00000506720_REJ.C.fasta
60054,ADGRL3,adhesion G protein-coupled receptor L3,ENSG00000150471,ENST00000508946,4,4539,3.656960182742849,False,True,ADGRL3 [ENST00000508946],Human,data/coding_sequences/ENST00000508946_CDS.fasta,data/coding_sequences/ENST00000508946_REJ.N.fasta,data/coding_sequences/ENST00000508946_REJ.C.fasta
57904,ADGRL3,adhesion G protein-coupled receptor L3,ENSG00000150471,ENST00000506746,4,4716,3.6735737964230517,False,True,ADGRL3 [ENST00000506746],Human,data/coding_sequences/ENST00000506746_CDS.fasta,data/coding_sequences/ENST00000506746_REJ.N.fasta,data/coding_sequences/ENST00000506746_REJ.C.fasta
60326,ADGRL3,adhesion G protein-coupled receptor L3,ENSG00000150471,ENST00000514996,4,4512,3.654369090975286,False,True,ADGRL3 [ENST00000514996],Human,data/coding_sequences/ENST00000514996_CDS.fasta,data/coding_sequences/ENST00000514996_REJ.N.fasta,data/coding_sequences/ENST00000514996_REJ.C.fasta
112681,ADGRL3,adhesion G protein-coupled receptor L3,ENSG00000150471,ENST00000683033,4,4632,3.66576855071938,False,True,ADGRL3 [ENST00000683033],Human,data/coding_sequences/ENST00000683033_CDS.fasta,data/coding_sequences/ENST00000683033_REJ.N.fasta,data/coding_sequences/ENST00000683033_REJ.C.fasta
56338,ADGRL3,adhesion G protein-coupled receptor L3,ENSG00000150471,ENST00000507625,4,4587,3.6615287401319825,False,True,ADGRL3 [ENST00000507625],Human,data/coding_sequences/ENST00000507625_CDS.fasta,data/coding_sequences/ENST00000507625_REJ.N.fasta,data/coding_sequences/ENST00000507625_REJ.C.fasta
38205,ADGRV1,adhesion G protein-coupled receptor V1,ENSG00000164199,ENST00000425867,5,7875,3.896250562461638,True,True,ADGRV1 [ENST00000425867],Human,data/coding_sequences/ENST00000425867_CDS.fasta,data/coding_sequences/ENST00000425867_REJ.N.fasta,data/coding_sequences/ENST00000425867_REJ.C.fasta
100465,ADGRV1,adhesion G protein-coupled receptor V1,ENSG00000164199,ENST00000640403,5,6115,3.7863964613723042,True,True,ADGRV1 [ENST00000640403],Human,data/coding_sequences/ENST00000640403_CDS.fasta,data/coding_sequences/ENST00000640403_REJ.N.fasta,data/coding_sequences/ENST00000640403_REJ.C.fasta
89398,ADPRHL1,ADP-ribosylhydrolase like 1,ENSG00000153531,ENST00000612156,13,5904,3.7711463488149852,False,True,ADPRHL1 [ENST00000612156],Human,data/coding_sequences/ENST00000612156_CDS.fasta,data/coding_sequences/ENST00000612156_REJ.N.fasta,data/coding_sequences/ENST00000612156_REJ.C.fasta
112439,ADPRHL1,ADP-ribosylhydrolase like 1,ENSG00000153531,ENST00000682618,13,4812,3.6823256186678073,False,True,ADPRHL1 [ENST00000682618],Human,data/coding_sequences/ENST00000682618_CDS.fasta,data/coding_sequences/ENST00000682618_REJ.N.fasta,data/coding_sequences/ENST00000682618_REJ.C.fasta
16075,AFDN,"afadin, adherens junction formation factor",ENSG00000130396,ENST00000366806,6,5346,3.7280289544205183,False,True,AFDN [ENST00000366806],Human,data/coding_sequences/ENST00000366806_CDS.fasta,data/coding_sequences/ENST00000366806_REJ.N.fasta,data/coding_sequences/ENST00000366806_REJ.C.fasta
22626,AFDN,"afadin, adherens junction formation factor",ENSG00000130396,ENST00000392112,6,5232,3.718667735316211,False,True,AFDN [ENST00000392112],Human,data/coding_sequences/ENST00000392112_CDS.fasta,data/coding_sequences/ENST00000392112_REJ.N.fasta,data/coding_sequences/ENST00000392112_REJ.C.fasta
44787,AFDN,"afadin, adherens junction formation factor",ENSG00000130396,ENST00000447894,6,5475,3.738384123512156,False,True,AFDN [ENST00000447894],Human,data/coding_sequences/ENST00000447894_CDS.fasta,data/coding_sequences/ENST00000447894_REJ.N.fasta,data/coding_sequences/ENST00000447894_REJ.C.fasta
28478,AFDN,"afadin, adherens junction formation factor",ENSG00000130396,ENST00000400822,6,5505,3.7407573233077707,False,True,AFDN [ENST00000400822],Human,data/coding_sequences/ENST00000400822_CDS.fasta,data/coding_sequences/ENST00000400822_REJ.N.fasta,data/coding_sequences/ENST00000400822_REJ.C.fasta
9932,AFDN,"afadin, adherens junction formation factor",ENSG00000130396,ENST00000344191,6,4998,3.6987962517904314,False,True,AFDN [ENST00000344191],Human,data/coding_sequences/ENST00000344191_CDS.fasta,data/coding_sequences/ENST00000344191_REJ.N.fasta,data/coding_sequences/ENST00000344191_REJ.C.fasta
59723,AFDN,"afadin, adherens junction formation factor",ENSG00000130396,ENST00000515794,6,5673,3.753812783564702,False,True,AFDN [ENST00000515794],Human,data/coding_sequences/ENST00000515794_CDS.fasta,data/coding_sequences/ENST00000515794_REJ.N.fasta,data/coding_sequences/ENST00000515794_REJ.C.fasta
15021,AFDN,"afadin, adherens junction formation factor",ENSG00000130396,ENST00000351017,6,5451,3.7364761820276966,False,True,AFDN [ENST00000351017],Human,data/coding_sequences/ENST00000351017_CDS.fasta,data/coding_sequences/ENST00000351017_REJ.N.fasta,data/coding_sequences/ENST00000351017_REJ.C.fasta
114183,AFDN,"afadin, adherens junction formation factor",ENSG00000130396,ENST00000683244,6,5496,3.740046724051494,False,True,AFDN [ENST00000683244],Human,data/coding_sequences/ENST00000683244_CDS.fasta,data/coding_sequences/ENST00000683244_REJ.N.fasta,data/coding_sequences/ENST00000683244_REJ.C.fasta
23412,AFDN,"afadin, adherens junction formation factor",ENSG00000130396,ENST00000392108,6,4956,3.695131297704026,False,True,AFDN [ENST00000392108],Human,data/coding_sequences/ENST00000392108_CDS.fasta,data/coding_sequences/ENST00000392108_REJ.N.fasta,data/coding_sequences/ENST00000392108_REJ.C.fasta
8924,AGL,"amylo-alpha-1, 6-glucosidase, 4-alpha-glucanotransferase",ENSG00000162688,ENST00000294724,1,4599,3.6626634095740376,True,True,AGL [ENST00000294724],Human,data/coding_sequences/ENST00000294724_CDS.fasta,data/coding_sequences/ENST00000294724_REJ.N.fasta,data/coding_sequences/ENST00000294724_REJ.C.fasta
19334,AGL,"amylo-alpha-1, 6-glucosidase, 4-alpha-glucanotransferase",ENSG00000162688,ENST00000370165,1,4599,3.6626634095740376,True,True,AGL [ENST00000370165],Human,data/coding_sequences/ENST00000370165_CDS.fasta,data/coding_sequences/ENST00000370165_REJ.N.fasta,data/coding_sequences/ENST00000370165_REJ.C.fasta
21398,AGL,"amylo-alpha-1, 6-glucosidase, 4-alpha-glucanotransferase",ENSG00000162688,ENST00000370161,1,4551,3.658106835506393,True,True,AGL [ENST00000370161],Human,data/coding_sequences/ENST00000370161_CDS.fasta,data/coding_sequences/ENST00000370161_REJ.N.fasta,data/coding_sequences/ENST00000370161_REJ.C.fasta
16079,AGL,"amylo-alpha-1, 6-glucosidase, 4-alpha-glucanotransferase",ENSG00000162688,ENST00000361915,1,4599,3.6626634095740376,True,True,AGL [ENST00000361915],Human,data/coding_sequences/ENST00000361915_CDS.fasta,data/coding_sequences/ENST00000361915_REJ.N.fasta,data/coding_sequences/ENST00000361915_REJ.C.fasta
19971,AGL,"amylo-alpha-1, 6-glucosidase, 4-alpha-glucanotransferase",ENSG00000162688,ENST00000370163,1,4599,3.6626634095740376,True,True,AGL [ENST00000370163],Human,data/coding_sequences/ENST00000370163_CDS.fasta,data/coding_sequences/ENST00000370163_REJ.N.fasta,data/coding_sequences/ENST00000370163_REJ.C.fasta
105455,AGRN,agrin,ENSG00000188157,ENST00000651234,1,5892,3.7702627381705933,True,True,AGRN [ENST00000651234],Human,data/coding_sequences/ENST00000651234_CDS.fasta,data/coding_sequences/ENST00000651234_REJ.N.fasta,data/coding_sequences/ENST00000651234_REJ.C.fasta
24828,AGRN,agrin,ENSG00000188157,ENST00000379370,1,6138,3.7880268840958036,True,True,AGRN [ENST00000379370],Human,data/coding_sequences/ENST00000379370_CDS.fasta,data/coding_sequences/ENST00000379370_REJ.N.fasta,data/coding_sequences/ENST00000379370_REJ.C.fasta
91671,AGRN,agrin,ENSG00000188157,ENST00000620552,1,5793,3.762903528499057,True,True,AGRN [ENST00000620552],Human,data/coding_sequences/ENST00000620552_CDS.fasta,data/coding_sequences/ENST00000620552_REJ.N.fasta,data/coding_sequences/ENST00000620552_REJ.C.fasta
106359,AGRN,agrin,ENSG00000188157,ENST00000652369,1,5823,3.7651467901080253,True,True,AGRN [ENST00000652369],Human,data/coding_sequences/ENST00000652369_CDS.fasta,data/coding_sequences/ENST00000652369_REJ.N.fasta,data/coding_sequences/ENST00000652369_REJ.C.fasta
13799,AHCTF1,AT-hook containing transcription factor 1,ENSG00000153207,ENST00000326225,1,6828,3.834293512442696,False,True,AHCTF1 [ENST00000326225],Human,data/coding_sequences/ENST00000326225_CDS.fasta,data/coding_sequences/ENST00000326225_REJ.N.fasta,data/coding_sequences/ENST00000326225_REJ.C.fasta
106319,AHCTF1,AT-hook containing transcription factor 1,ENSG00000153207,ENST00000648844,1,6801,3.83257277484618,False,True,AHCTF1 [ENST00000648844],Human,data/coding_sequences/ENST00000648844_CDS.fasta,data/coding_sequences/ENST00000648844_REJ.N.fasta,data/coding_sequences/ENST00000648844_REJ.C.fasta
17252,AHCTF1,AT-hook containing transcription factor 1,ENSG00000153207,ENST00000366508,1,6906,3.8392265740134355,False,True,AHCTF1 [ENST00000366508],Human,data/coding_sequences/ENST00000366508_CDS.fasta,data/coding_sequences/ENST00000366508_REJ.N.fasta,data/coding_sequences/ENST00000366508_REJ.C.fasta
98525,AHDC1,AT-hook DNA binding motif containing 1,ENSG00000126705,ENST00000642245,1,4812,3.6823256186678073,True,True,AHDC1 [ENST00000642245],Human,data/coding_sequences/ENST00000642245_CDS.fasta,data/coding_sequences/ENST00000642245_REJ.N.fasta,data/coding_sequences/ENST00000642245_REJ.C.fasta
102796,AHDC1,AT-hook DNA binding motif containing 1,ENSG00000126705,ENST00000644989,1,4812,3.6823256186678073,True,True,AHDC1 [ENST00000644989],Human,data/coding_sequences/ENST00000644989_CDS.fasta,data/coding_sequences/ENST00000644989_REJ.N.fasta,data/coding_sequences/ENST00000644989_REJ.C.fasta
2244,AHDC1,AT-hook DNA binding motif containing 1,ENSG00000126705,ENST00000247087,1,4812,3.6823256186678073,True,True,AHDC1 [ENST00000247087],Human,data/coding_sequences/ENST00000247087_CDS.fasta,data/coding_sequences/ENST00000247087_REJ.N.fasta,data/coding_sequences/ENST00000247087_REJ.C.fasta
20313,AHDC1,AT-hook DNA binding motif containing 1,ENSG00000126705,ENST00000374011,1,4812,3.6823256186678073,True,True,AHDC1 [ENST00000374011],Human,data/coding_sequences/ENST00000374011_CDS.fasta,data/coding_sequences/ENST00000374011_REJ.N.fasta,data/coding_sequences/ENST00000374011_REJ.C.fasta
98809,AHDC1,AT-hook DNA binding motif containing 1,ENSG00000126705,ENST00000642416,1,4812,3.6823256186678073,True,True,AHDC1 [ENST00000642416],Human,data/coding_sequences/ENST00000642416_CDS.fasta,data/coding_sequences/ENST00000642416_REJ.N.fasta,data/coding_sequences/ENST00000642416_REJ.C.fasta
108637,AHDC1,AT-hook DNA binding motif containing 1,ENSG00000126705,ENST00000673934,1,4812,3.6823256186678073,True,True,AHDC1 [ENST00000673934],Human,data/coding_sequences/ENST00000673934_CDS.fasta,data/coding_sequences/ENST00000673934_REJ.N.fasta,data/coding_sequences/ENST00000673934_REJ.C.fasta
39270,AK9,adenylate kinase 9,ENSG00000155085,ENST00000424296,6,5736,3.758609142659744,False,True,AK9 [ENST00000424296],Human,data/coding_sequences/ENST00000424296_CDS.fasta,data/coding_sequences/ENST00000424296_REJ.N.fasta,data/coding_sequences/ENST00000424296_REJ.C.fasta
98,AKAP11,A-kinase anchoring protein 11,ENSG00000023516,ENST00000025301,13,5706,3.7563317673210577,False,True,AKAP11 [ENST00000025301],Human,data/coding_sequences/ENST00000025301_CDS.fasta,data/coding_sequences/ENST00000025301_REJ.N.fasta,data/coding_sequences/ENST00000025301_REJ.C.fasta
15243,AKAP12,A-kinase anchoring protein 12,ENSG00000131016,ENST00000354675,6,5055,3.70372115992702,False,True,AKAP12 [ENST00000354675],Human,data/coding_sequences/ENST00000354675_CDS.fasta,data/coding_sequences/ENST00000354675_REJ.N.fasta,data/coding_sequences/ENST00000354675_REJ.C.fasta
2291,AKAP12,A-kinase anchoring protein 12,ENSG00000131016,ENST00000253332,6,5349,3.728272597895017,False,True,AKAP12 [ENST00000253332],Human,data/coding_sequences/ENST00000253332_CDS.fasta,data/coding_sequences/ENST00000253332_REJ.N.fasta,data/coding_sequences/ENST00000253332_REJ.C.fasta
29922,AKAP12,A-kinase anchoring protein 12,ENSG00000131016,ENST00000402676,6,5349,3.728272597895017,False,True,AKAP12 [ENST00000402676],Human,data/coding_sequences/ENST00000402676_CDS.fasta,data/coding_sequences/ENST00000402676_REJ.N.fasta,data/coding_sequences/ENST00000402676_REJ.C.fasta
15019,AKAP12,A-kinase anchoring protein 12,ENSG00000131016,ENST00000359755,6,5034,3.701913211212344,False,True,AKAP12 [ENST00000359755],Human,data/coding_sequences/ENST00000359755_CDS.fasta,data/coding_sequences/ENST00000359755_REJ.N.fasta,data/coding_sequences/ENST00000359755_REJ.C.fasta
77169,AKAP13,A-kinase anchoring protein 13,ENSG00000170776,ENST00000559362,15,5236,3.718999637878718,False,True,AKAP13 [ENST00000559362],Human,data/coding_sequences/ENST00000559362_CDS.fasta,data/coding_sequences/ENST00000559362_REJ.N.fasta,data/coding_sequences/ENST00000559362_REJ.C.fasta
5728,AKAP6,A-kinase anchoring protein 6,ENSG00000151320,ENST00000280979,14,6960,3.842609239610562,False,True,AKAP6 [ENST00000280979],Human,data/coding_sequences/ENST00000280979_CDS.fasta,data/coding_sequences/ENST00000280979_REJ.N.fasta,data/coding_sequences/ENST00000280979_REJ.C.fasta
54580,AKAP9,A-kinase anchoring protein 9,ENSG00000127914,ENST00000491695,7,6369,3.8040712488856614,False,True,AKAP9 [ENST00000491695],Human,data/coding_sequences/ENST00000491695_CDS.fasta,data/coding_sequences/ENST00000491695_REJ.N.fasta,data/coding_sequences/ENST00000491695_REJ.C.fasta
24462,AKAP9,A-kinase anchoring protein 9,ENSG00000127914,ENST00000394534,7,4716,3.6735737964230517,False,True,AKAP9 [ENST00000394534],Human,data/coding_sequences/ENST00000394534_CDS.fasta,data/coding_sequences/ENST00000394534_REJ.N.fasta,data/coding_sequences/ENST00000394534_REJ.C.fasta
25948,ALK,ALK receptor tyrosine kinase,ENSG00000171094,ENST00000389048,2,4863,3.6869042695681773,False,True,ALK [ENST00000389048],Human,data/coding_sequences/ENST00000389048_CDS.fasta,data/coding_sequences/ENST00000389048_REJ.N.fasta,data/coding_sequences/ENST00000389048_REJ.C.fasta
115192,ALMS1,ALMS1 centrosome and basal body associated protein,ENSG00000116127,ENST00000684590,2,6573,3.817763632280368,True,True,ALMS1 [ENST00000684590],Human,data/coding_sequences/ENST00000684590_CDS.fasta,data/coding_sequences/ENST00000684590_REJ.N.fasta,data/coding_sequences/ENST00000684590_REJ.C.fasta
15952,ALPK2,alpha kinase 2,ENSG00000198796,ENST00000361673,18,6513,3.8137810781740824,False,True,ALPK2 [ENST00000361673],Human,data/coding_sequences/ENST00000361673_CDS.fasta,data/coding_sequences/ENST00000361673_REJ.N.fasta,data/coding_sequences/ENST00000361673_REJ.C.fasta
2706,ALPK3,alpha kinase 3,ENSG00000136383,ENST00000258888,15,5118,3.7091002815511667,True,True,ALPK3 [ENST00000258888],Human,data/coding_sequences/ENST00000258888_CDS.fasta,data/coding_sequences/ENST00000258888_REJ.N.fasta,data/coding_sequences/ENST00000258888_REJ.C.fasta
112301,ALS2,alsin Rho guanine nucleotide exchange factor ALS2,ENSG00000003393,ENST00000681808,2,4797,3.680969718465897,True,True,ALS2 [ENST00000681808],Human,data/coding_sequences/ENST00000681808_CDS.fasta,data/coding_sequences/ENST00000681808_REJ.N.fasta,data/coding_sequences/ENST00000681808_REJ.C.fasta
112195,ALS2,alsin Rho guanine nucleotide exchange factor ALS2,ENSG00000003393,ENST00000680726,2,4698,3.671913012441587,True,True,ALS2 [ENST00000680726],Human,data/coding_sequences/ENST00000680726_CDS.fasta,data/coding_sequences/ENST00000680726_REJ.N.fasta,data/coding_sequences/ENST00000680726_REJ.C.fasta
112564,ALS2,alsin Rho guanine nucleotide exchange factor ALS2,ENSG00000003393,ENST00000680000,2,4956,3.695131297704026,True,True,ALS2 [ENST00000680000],Human,data/coding_sequences/ENST00000680000_CDS.fasta,data/coding_sequences/ENST00000680000_REJ.N.fasta,data/coding_sequences/ENST00000680000_REJ.C.fasta
113144,ALS2,alsin Rho guanine nucleotide exchange factor ALS2,ENSG00000003393,ENST00000680149,2,4695,3.6716355966021297,True,True,ALS2 [ENST00000680149],Human,data/coding_sequences/ENST00000680149_CDS.fasta,data/coding_sequences/ENST00000680149_REJ.N.fasta,data/coding_sequences/ENST00000680149_REJ.C.fasta
113266,ALS2,alsin Rho guanine nucleotide exchange factor ALS2,ENSG00000003393,ENST00000680814,2,4845,3.6852937813867843,True,True,ALS2 [ENST00000680814],Human,data/coding_sequences/ENST00000680814_CDS.fasta,data/coding_sequences/ENST00000680814_REJ.N.fasta,data/coding_sequences/ENST00000680814_REJ.C.fasta
113715,ALS2,alsin Rho guanine nucleotide exchange factor ALS2,ENSG00000003393,ENST00000680163,2,4974,3.696705780933917,True,True,ALS2 [ENST00000680163],Human,data/coding_sequences/ENST00000680163_CDS.fasta,data/coding_sequences/ENST00000680163_REJ.N.fasta,data/coding_sequences/ENST00000680163_REJ.C.fasta
110387,ALS2,alsin Rho guanine nucleotide exchange factor ALS2,ENSG00000003393,ENST00000679435,2,4974,3.696705780933917,True,True,ALS2 [ENST00000679435],Human,data/coding_sequences/ENST00000679435_CDS.fasta,data/coding_sequences/ENST00000679435_REJ.N.fasta,data/coding_sequences/ENST00000679435_REJ.C.fasta
114229,ALS2,alsin Rho guanine nucleotide exchange factor ALS2,ENSG00000003393,ENST00000680759,2,4806,3.6817837664678814,True,True,ALS2 [ENST00000680759],Human,data/coding_sequences/ENST00000680759_CDS.fasta,data/coding_sequences/ENST00000680759_REJ.N.fasta,data/coding_sequences/ENST00000680759_REJ.C.fasta
112833,ALS2,alsin Rho guanine nucleotide exchange factor ALS2,ENSG00000003393,ENST00000680508,2,4863,3.6869042695681773,True,True,ALS2 [ENST00000680508],Human,data/coding_sequences/ENST00000680508_CDS.fasta,data/coding_sequences/ENST00000680508_REJ.N.fasta,data/coding_sequences/ENST00000680508_REJ.C.fasta
2606,ALS2,alsin Rho guanine nucleotide exchange factor ALS2,ENSG00000003393,ENST00000264276,2,4974,3.696705780933917,True,True,ALS2 [ENST00000264276],Human,data/coding_sequences/ENST00000264276_CDS.fasta,data/coding_sequences/ENST00000264276_REJ.N.fasta,data/coding_sequences/ENST00000264276_REJ.C.fasta
110826,ALS2,alsin Rho guanine nucleotide exchange factor ALS2,ENSG00000003393,ENST00000679516,2,4974,3.696705780933917,True,True,ALS2 [ENST00000679516],Human,data/coding_sequences/ENST00000679516_CDS.fasta,data/coding_sequences/ENST00000679516_REJ.N.fasta,data/coding_sequences/ENST00000679516_REJ.C.fasta
114337,ALS2,alsin Rho guanine nucleotide exchange factor ALS2,ENSG00000003393,ENST00000680861,2,4974,3.696705780933917,True,True,ALS2 [ENST00000680861],Human,data/coding_sequences/ENST00000680861_CDS.fasta,data/coding_sequences/ENST00000680861_REJ.N.fasta,data/coding_sequences/ENST00000680861_REJ.C.fasta
113825,ALS2,alsin Rho guanine nucleotide exchange factor ALS2,ENSG00000003393,ENST00000681619,2,4971,3.696443763138999,True,True,ALS2 [ENST00000681619],Human,data/coding_sequences/ENST00000681619_CDS.fasta,data/coding_sequences/ENST00000681619_REJ.N.fasta,data/coding_sequences/ENST00000681619_REJ.C.fasta
112740,ALS2,alsin Rho guanine nucleotide exchange factor ALS2,ENSG00000003393,ENST00000680497,2,5076,3.705521613422667,True,True,ALS2 [ENST00000680497],Human,data/coding_sequences/ENST00000680497_CDS.fasta,data/coding_sequences/ENST00000680497_REJ.N.fasta,data/coding_sequences/ENST00000680497_REJ.C.fasta
9931,ANAPC1,anaphase promoting complex subunit 1,ENSG00000153107,ENST00000341068,2,5835,3.766040860381389,True,True,ANAPC1 [ENST00000341068],Human,data/coding_sequences/ENST00000341068_CDS.fasta,data/coding_sequences/ENST00000341068_REJ.N.fasta,data/coding_sequences/ENST00000341068_REJ.C.fasta
2601,ANK1,ankyrin 1,ENSG00000029534,ENST00000265709,8,5694,3.7554174628109362,True,True,ANK1 [ENST00000265709],Human,data/coding_sequences/ENST00000265709_CDS.fasta,data/coding_sequences/ENST00000265709_REJ.N.fasta,data/coding_sequences/ENST00000265709_REJ.C.fasta
120893,ANK1,ankyrin 1,ENSG00000029534,ENST00000705522,8,5565,3.745465168670727,True,True,ANK1 [ENST00000705522],Human,data/coding_sequences/ENST00000705522_CDS.fasta,data/coding_sequences/ENST00000705522_REJ.N.fasta,data/coding_sequences/ENST00000705522_REJ.C.fasta
15685,ANK1,ankyrin 1,ENSG00000029534,ENST00000347528,8,5646,3.7517408738109004,True,True,ANK1 [ENST00000347528],Human,data/coding_sequences/ENST00000347528_CDS.fasta,data/coding_sequences/ENST00000347528_REJ.N.fasta,data/coding_sequences/ENST00000347528_REJ.C.fasta
120811,ANK1,ankyrin 1,ENSG00000029534,ENST00000705521,8,5862,3.768045814102417,True,True,ANK1 [ENST00000705521],Human,data/coding_sequences/ENST00000705521_CDS.fasta,data/coding_sequences/ENST00000705521_REJ.N.fasta,data/coding_sequences/ENST00000705521_REJ.C.fasta
8712,ANK1,ankyrin 1,ENSG00000029534,ENST00000289734,8,5643,3.751510050270041,True,True,ANK1 [ENST00000289734],Human,data/coding_sequences/ENST00000289734_CDS.fasta,data/coding_sequences/ENST00000289734_REJ.N.fasta,data/coding_sequences/ENST00000289734_REJ.C.fasta
108424,ANK2,ankyrin 2,ENSG00000145362,ENST00000672684,4,5358,3.7290027092721902,True,True,ANK2 [ENST00000672684],Human,data/coding_sequences/ENST00000672684_CDS.fasta,data/coding_sequences/ENST00000672684_REJ.N.fasta,data/coding_sequences/ENST00000672684_REJ.C.fasta
108618,ANK2,ankyrin 2,ENSG00000145362,ENST00000672366,4,5520,3.741939077729199,True,True,ANK2 [ENST00000672366],Human,data/coding_sequences/ENST00000672366_CDS.fasta,data/coding_sequences/ENST00000672366_REJ.N.fasta,data/coding_sequences/ENST00000672366_REJ.C.fasta
107476,ANK2,ankyrin 2,ENSG00000145362,ENST00000672990,4,5676,3.7540423867854362,True,True,ANK2 [ENST00000672990],Human,data/coding_sequences/ENST00000672990_CDS.fasta,data/coding_sequences/ENST00000672990_REJ.N.fasta,data/coding_sequences/ENST00000672990_REJ.C.fasta
108141,ANK2,ankyrin 2,ENSG00000145362,ENST00000673255,4,5619,3.7496590320949,True,True,ANK2 [ENST00000673255],Human,data/coding_sequences/ENST00000673255_CDS.fasta,data/coding_sequences/ENST00000673255_REJ.N.fasta,data/coding_sequences/ENST00000673255_REJ.C.fasta
107495,ANK2,ankyrin 2,ENSG00000145362,ENST00000671854,4,5541,3.743588150159904,True,True,ANK2 [ENST00000671854],Human,data/coding_sequences/ENST00000671854_CDS.fasta,data/coding_sequences/ENST00000671854_REJ.N.fasta,data/coding_sequences/ENST00000671854_REJ.C.fasta
108143,ANK2,ankyrin 2,ENSG00000145362,ENST00000672880,4,5640,3.751279103983342,True,True,ANK2 [ENST00000672880],Human,data/coding_sequences/ENST00000672880_CDS.fasta,data/coding_sequences/ENST00000672880_REJ.N.fasta,data/coding_sequences/ENST00000672880_REJ.C.fasta
107758,ANK2,ankyrin 2,ENSG00000145362,ENST00000672356,4,5517,3.74170298395774,True,True,ANK2 [ENST00000672356],Human,data/coding_sequences/ENST00000672356_CDS.fasta,data/coding_sequences/ENST00000672356_REJ.N.fasta,data/coding_sequences/ENST00000672356_REJ.C.fasta
107160,ANK2,ankyrin 2,ENSG00000145362,ENST00000672854,4,5421,3.734079407280594,True,True,ANK2 [ENST00000672854],Human,data/coding_sequences/ENST00000672854_CDS.fasta,data/coding_sequences/ENST00000672854_REJ.N.fasta,data/coding_sequences/ENST00000672854_REJ.C.fasta
108175,ANK2,ankyrin 2,ENSG00000145362,ENST00000672045,4,5640,3.751279103983342,True,True,ANK2 [ENST00000672045],Human,data/coding_sequences/ENST00000672045_CDS.fasta,data/coding_sequences/ENST00000672045_REJ.N.fasta,data/coding_sequences/ENST00000672045_REJ.C.fasta
107939,ANK2,ankyrin 2,ENSG00000145362,ENST00000672793,4,5550,3.7442929831226763,True,True,ANK2 [ENST00000672793],Human,data/coding_sequences/ENST00000672793_CDS.fasta,data/coding_sequences/ENST00000672793_REJ.N.fasta,data/coding_sequences/ENST00000672793_REJ.C.fasta
56606,ANK2,ankyrin 2,ENSG00000145362,ENST00000504454,4,5191,3.7152510288788494,True,True,ANK2 [ENST00000504454],Human,data/coding_sequences/ENST00000504454_CDS.fasta,data/coding_sequences/ENST00000504454_REJ.N.fasta,data/coding_sequences/ENST00000504454_REJ.C.fasta
108957,ANK2,ankyrin 2,ENSG00000145362,ENST00000671825,4,5556,3.744762237065578,True,True,ANK2 [ENST00000671825],Human,data/coding_sequences/ENST00000671825_CDS.fasta,data/coding_sequences/ENST00000671825_REJ.N.fasta,data/coding_sequences/ENST00000671825_REJ.C.fasta
25771,ANK2,ankyrin 2,ENSG00000145362,ENST00000394537,4,5619,3.7496590320949,True,True,ANK2 [ENST00000394537],Human,data/coding_sequences/ENST00000394537_CDS.fasta,data/coding_sequences/ENST00000394537_REJ.N.fasta,data/coding_sequences/ENST00000394537_REJ.C.fasta
107789,ANK2,ankyrin 2,ENSG00000145362,ENST00000672402,4,5649,3.751971574736327,True,True,ANK2 [ENST00000672402],Human,data/coding_sequences/ENST00000672402_CDS.fasta,data/coding_sequences/ENST00000672402_REJ.N.fasta,data/coding_sequences/ENST00000672402_REJ.C.fasta
107824,ANK2,ankyrin 2,ENSG00000145362,ENST00000671727,4,5796,3.763128376799137,True,True,ANK2 [ENST00000671727],Human,data/coding_sequences/ENST00000671727_CDS.fasta,data/coding_sequences/ENST00000671727_REJ.N.fasta,data/coding_sequences/ENST00000671727_REJ.C.fasta
108397,ANK2,ankyrin 2,ENSG00000145362,ENST00000672986,4,5220,3.717670503002262,True,True,ANK2 [ENST00000672986],Human,data/coding_sequences/ENST00000672986_CDS.fasta,data/coding_sequences/ENST00000672986_REJ.N.fasta,data/coding_sequences/ENST00000672986_REJ.C.fasta
107114,ANK2,ankyrin 2,ENSG00000145362,ENST00000673240,4,5664,3.7531232446817127,True,True,ANK2 [ENST00000673240],Human,data/coding_sequences/ENST00000673240_CDS.fasta,data/coding_sequences/ENST00000673240_REJ.N.fasta,data/coding_sequences/ENST00000673240_REJ.C.fasta
108768,ANK2,ankyrin 2,ENSG00000145362,ENST00000673536,4,5127,3.709863317440399,True,True,ANK2 [ENST00000673536],Human,data/coding_sequences/ENST00000673536_CDS.fasta,data/coding_sequences/ENST00000673536_REJ.N.fasta,data/coding_sequences/ENST00000673536_REJ.C.fasta
55787,ANK2,ankyrin 2,ENSG00000145362,ENST00000506722,4,5592,3.747567162737625,True,True,ANK2 [ENST00000506722],Human,data/coding_sequences/ENST00000506722_CDS.fasta,data/coding_sequences/ENST00000506722_REJ.N.fasta,data/coding_sequences/ENST00000506722_REJ.C.fasta
108663,ANK2,ankyrin 2,ENSG00000145362,ENST00000671893,4,5070,3.705007959333336,True,True,ANK2 [ENST00000671893],Human,data/coding_sequences/ENST00000671893_CDS.fasta,data/coding_sequences/ENST00000671893_REJ.N.fasta,data/coding_sequences/ENST00000671893_REJ.C.fasta
106928,ANK2,ankyrin 2,ENSG00000145362,ENST00000671762,4,5748,3.759516759462188,True,True,ANK2 [ENST00000671762],Human,data/coding_sequences/ENST00000671762_CDS.fasta,data/coding_sequences/ENST00000671762_REJ.N.fasta,data/coding_sequences/ENST00000671762_REJ.C.fasta
108880,ANK2,ankyrin 2,ENSG00000145362,ENST00000672779,4,5664,3.7531232446817127,True,True,ANK2 [ENST00000672779],Human,data/coding_sequences/ENST00000672779_CDS.fasta,data/coding_sequences/ENST00000672779_REJ.N.fasta,data/coding_sequences/ENST00000672779_REJ.C.fasta
108584,ANK2,ankyrin 2,ENSG00000145362,ENST00000671951,4,5334,3.727053011353857,True,True,ANK2 [ENST00000671951],Human,data/coding_sequences/ENST00000671951_CDS.fasta,data/coding_sequences/ENST00000671951_REJ.N.fasta,data/coding_sequences/ENST00000671951_REJ.C.fasta
108582,ANK2,ankyrin 2,ENSG00000145362,ENST00000671756,4,5292,3.7236198355154633,True,True,ANK2 [ENST00000671756],Human,data/coding_sequences/ENST00000671756_CDS.fasta,data/coding_sequences/ENST00000671756_REJ.N.fasta,data/coding_sequences/ENST00000671756_REJ.C.fasta
108844,ANK2,ankyrin 2,ENSG00000145362,ENST00000673044,4,5307,3.7248490876293854,True,True,ANK2 [ENST00000673044],Human,data/coding_sequences/ENST00000673044_CDS.fasta,data/coding_sequences/ENST00000673044_REJ.N.fasta,data/coding_sequences/ENST00000673044_REJ.C.fasta
107489,ANK2,ankyrin 2,ENSG00000145362,ENST00000672965,4,5493,3.739809599021359,True,True,ANK2 [ENST00000672965],Human,data/coding_sequences/ENST00000672965_CDS.fasta,data/coding_sequences/ENST00000672965_REJ.N.fasta,data/coding_sequences/ENST00000672965_REJ.C.fasta
108625,ANK2,ankyrin 2,ENSG00000145362,ENST00000673453,4,5313,3.725339815909737,True,True,ANK2 [ENST00000673453],Human,data/coding_sequences/ENST00000673453_CDS.fasta,data/coding_sequences/ENST00000673453_REJ.N.fasta,data/coding_sequences/ENST00000673453_REJ.C.fasta
106983,ANK2,ankyrin 2,ENSG00000145362,ENST00000672221,4,5454,3.7367151336056112,True,True,ANK2 [ENST00000672221],Human,data/coding_sequences/ENST00000672221_CDS.fasta,data/coding_sequences/ENST00000672221_REJ.N.fasta,data/coding_sequences/ENST00000672221_REJ.C.fasta
107841,ANK2,ankyrin 2,ENSG00000145362,ENST00000672312,4,5457,3.736953953783146,True,True,ANK2 [ENST00000672312],Human,data/coding_sequences/ENST00000672312_CDS.fasta,data/coding_sequences/ENST00000672312_REJ.N.fasta,data/coding_sequences/ENST00000672312_REJ.C.fasta
107968,ANK2,ankyrin 2,ENSG00000145362,ENST00000672246,4,5277,3.7223870941771238,True,True,ANK2 [ENST00000672246],Human,data/coding_sequences/ENST00000672246_CDS.fasta,data/coding_sequences/ENST00000672246_REJ.N.fasta,data/coding_sequences/ENST00000672246_REJ.C.fasta
108811,ANK2,ankyrin 2,ENSG00000145362,ENST00000671793,4,5832,3.765817515309918,True,True,ANK2 [ENST00000671793],Human,data/coding_sequences/ENST00000671793_CDS.fasta,data/coding_sequences/ENST00000671793_REJ.N.fasta,data/coding_sequences/ENST00000671793_REJ.C.fasta
121365,ANK2,ankyrin 2,ENSG00000145362,ENST00000705785,4,5700,3.7558748556724915,True,True,ANK2 [ENST00000705785],Human,data/coding_sequences/ENST00000705785_CDS.fasta,data/coding_sequences/ENST00000705785_REJ.N.fasta,data/coding_sequences/ENST00000705785_REJ.C.fasta
108754,ANK2,ankyrin 2,ENSG00000145362,ENST00000671704,4,5433,3.7350397050337207,True,True,ANK2 [ENST00000671704],Human,data/coding_sequences/ENST00000671704_CDS.fasta,data/coding_sequences/ENST00000671704_REJ.N.fasta,data/coding_sequences/ENST00000671704_REJ.C.fasta
108904,ANK2,ankyrin 2,ENSG00000145362,ENST00000672955,4,5433,3.7350397050337207,True,True,ANK2 [ENST00000672955],Human,data/coding_sequences/ENST00000672955_CDS.fasta,data/coding_sequences/ENST00000672955_REJ.N.fasta,data/coding_sequences/ENST00000672955_REJ.C.fasta
108943,ANK2,ankyrin 2,ENSG00000145362,ENST00000672731,4,5268,3.7216457662897464,True,True,ANK2 [ENST00000672731],Human,data/coding_sequences/ENST00000672731_CDS.fasta,data/coding_sequences/ENST00000672731_REJ.N.fasta,data/coding_sequences/ENST00000672731_REJ.C.fasta
107230,ANK2,ankyrin 2,ENSG00000145362,ENST00000672177,4,5469,3.737907923374639,True,True,ANK2 [ENST00000672177],Human,data/coding_sequences/ENST00000672177_CDS.fasta,data/coding_sequences/ENST00000672177_REJ.N.fasta,data/coding_sequences/ENST00000672177_REJ.C.fasta
107874,ANK2,ankyrin 2,ENSG00000145362,ENST00000673546,4,5394,3.7319109421168726,True,True,ANK2 [ENST00000673546],Human,data/coding_sequences/ENST00000673546_CDS.fasta,data/coding_sequences/ENST00000673546_REJ.N.fasta,data/coding_sequences/ENST00000673546_REJ.C.fasta
107622,ANK2,ankyrin 2,ENSG00000145362,ENST00000672315,4,5307,3.7248490876293854,True,True,ANK2 [ENST00000672315],Human,data/coding_sequences/ENST00000672315_CDS.fasta,data/coding_sequences/ENST00000672315_REJ.N.fasta,data/coding_sequences/ENST00000672315_REJ.C.fasta
107071,ANK2,ankyrin 2,ENSG00000145362,ENST00000672088,4,5616,3.749427099121749,True,True,ANK2 [ENST00000672088],Human,data/coding_sequences/ENST00000672088_CDS.fasta,data/coding_sequences/ENST00000672088_REJ.N.fasta,data/coding_sequences/ENST00000672088_REJ.C.fasta
107639,ANK2,ankyrin 2,ENSG00000145362,ENST00000673430,4,5733,3.758381941774675,True,True,ANK2 [ENST00000673430],Human,data/coding_sequences/ENST00000673430_CDS.fasta,data/coding_sequences/ENST00000673430_REJ.N.fasta,data/coding_sequences/ENST00000673430_REJ.C.fasta
108379,ANK2,ankyrin 2,ENSG00000145362,ENST00000672362,4,5685,3.7547304690237535,True,True,ANK2 [ENST00000672362],Human,data/coding_sequences/ENST00000672362_CDS.fasta,data/coding_sequences/ENST00000672362_REJ.N.fasta,data/coding_sequences/ENST00000672362_REJ.C.fasta
108854,ANK2,ankyrin 2,ENSG00000145362,ENST00000672696,4,5484,3.739097446117475,True,True,ANK2 [ENST00000672696],Human,data/coding_sequences/ENST00000672696_CDS.fasta,data/coding_sequences/ENST00000672696_REJ.N.fasta,data/coding_sequences/ENST00000672696_REJ.C.fasta
107890,ANK2,ankyrin 2,ENSG00000145362,ENST00000672350,4,5577,3.746400644491561,True,True,ANK2 [ENST00000672350],Human,data/coding_sequences/ENST00000672350_CDS.fasta,data/coding_sequences/ENST00000672350_REJ.N.fasta,data/coding_sequences/ENST00000672350_REJ.C.fasta
107330,ANK2,ankyrin 2,ENSG00000145362,ENST00000672759,4,5334,3.727053011353857,True,True,ANK2 [ENST00000672759],Human,data/coding_sequences/ENST00000672759_CDS.fasta,data/coding_sequences/ENST00000672759_REJ.N.fasta,data/coding_sequences/ENST00000672759_REJ.C.fasta
87098,ANK3,ankyrin 3,ENSG00000151150,ENST00000610321,10,4932,3.693023067923694,True,True,ANK3 [ENST00000610321],Human,data/coding_sequences/ENST00000610321_CDS.fasta,data/coding_sequences/ENST00000610321_REJ.N.fasta,data/coding_sequences/ENST00000610321_REJ.C.fasta
21649,ANK3,ankyrin 3,ENSG00000151150,ENST00000373827,10,5586,3.747100931364986,True,True,ANK3 [ENST00000373827],Human,data/coding_sequences/ENST00000373827_CDS.fasta,data/coding_sequences/ENST00000373827_REJ.N.fasta,data/coding_sequences/ENST00000373827_REJ.C.fasta
49164,ANK3,ankyrin 3,ENSG00000151150,ENST00000467420,10,5379,3.730701544281845,True,True,ANK3 [ENST00000467420],Human,data/coding_sequences/ENST00000467420_CDS.fasta,data/coding_sequences/ENST00000467420_REJ.N.fasta,data/coding_sequences/ENST00000467420_REJ.C.fasta
56555,ANK3,ankyrin 3,ENSG00000151150,ENST00000503366,10,5607,3.7487305560984945,True,True,ANK3 [ENST00000503366],Human,data/coding_sequences/ENST00000503366_CDS.fasta,data/coding_sequences/ENST00000503366_REJ.N.fasta,data/coding_sequences/ENST00000503366_REJ.C.fasta
35323,ANKHD1,ankyrin repeat and KH domain containing 1,ENSG00000131503,ENST00000421134,5,4696,3.671728088239558,False,True,ANKHD1 [ENST00000421134],Human,data/coding_sequences/ENST00000421134_CDS.fasta,data/coding_sequences/ENST00000421134_REJ.N.fasta,data/coding_sequences/ENST00000421134_REJ.C.fasta
16847,ANKHD1,ankyrin repeat and KH domain containing 1,ENSG00000131503,ENST00000360839,5,7629,3.882467614895371,False,True,ANKHD1 [ENST00000360839],Human,data/coding_sequences/ENST00000360839_CDS.fasta,data/coding_sequences/ENST00000360839_REJ.N.fasta,data/coding_sequences/ENST00000360839_REJ.C.fasta
66025,ANKHD1-EIF4EBP3,ANKHD1-EIF4EBP3 readthrough,ENSG00000254996,ENST00000532219,5,7854,3.8950908969343994,False,True,ANKHD1-EIF4EBP3 [ENST00000532219],Human,data/coding_sequences/ENST00000532219_CDS.fasta,data/coding_sequences/ENST00000532219_REJ.N.fasta,data/coding_sequences/ENST00000532219_REJ.C.fasta
9025,ANKRD11,ankyrin repeat domain containing 11,ENSG00000167522,ENST00000301030,16,7992,3.902655475217926,True,True,ANKRD11 [ENST00000301030],Human,data/coding_sequences/ENST00000301030_CDS.fasta,data/coding_sequences/ENST00000301030_REJ.N.fasta,data/coding_sequences/ENST00000301030_REJ.C.fasta
99239,ANKRD11,ankyrin repeat domain containing 11,ENSG00000167522,ENST00000642600,16,7992,3.902655475217926,True,True,ANKRD11 [ENST00000642600],Human,data/coding_sequences/ENST00000642600_CDS.fasta,data/coding_sequences/ENST00000642600_REJ.N.fasta,data/coding_sequences/ENST00000642600_REJ.C.fasta
23554,ANKRD11,ankyrin repeat domain containing 11,ENSG00000167522,ENST00000378330,16,7992,3.902655475217926,True,True,ANKRD11 [ENST00000378330],Human,data/coding_sequences/ENST00000378330_CDS.fasta,data/coding_sequences/ENST00000378330_REJ.N.fasta,data/coding_sequences/ENST00000378330_REJ.C.fasta
29382,ANKRD12,ankyrin repeat domain 12,ENSG00000101745,ENST00000400020,18,6120,3.7867514221455614,False,True,ANKRD12 [ENST00000400020],Human,data/coding_sequences/ENST00000400020_CDS.fasta,data/coding_sequences/ENST00000400020_REJ.N.fasta,data/coding_sequences/ENST00000400020_REJ.C.fasta
2699,ANKRD12,ankyrin repeat domain 12,ENSG00000101745,ENST00000262126,18,6189,3.791620482692814,False,True,ANKRD12 [ENST00000262126],Human,data/coding_sequences/ENST00000262126_CDS.fasta,data/coding_sequences/ENST00000262126_REJ.N.fasta,data/coding_sequences/ENST00000262126_REJ.C.fasta
78245,ANKRD17,ankyrin repeat domain 17,ENSG00000132466,ENST00000558247,4,7464,3.8729716307384434,True,True,ANKRD17 [ENST00000558247],Human,data/coding_sequences/ENST00000558247_CDS.fasta,data/coding_sequences/ENST00000558247_REJ.N.fasta,data/coding_sequences/ENST00000558247_REJ.C.fasta
16548,ANKRD17,ankyrin repeat domain 17,ENSG00000132466,ENST00000358602,4,7812,3.892762234615817,True,True,ANKRD17 [ENST00000358602],Human,data/coding_sequences/ENST00000358602_CDS.fasta,data/coding_sequences/ENST00000358602_REJ.N.fasta,data/coding_sequences/ENST00000358602_REJ.C.fasta
10291,ANKRD17,ankyrin repeat domain 17,ENSG00000132466,ENST00000330838,4,7059,3.8487431818956837,True,True,ANKRD17 [ENST00000330838],Human,data/coding_sequences/ENST00000330838_CDS.fasta,data/coding_sequences/ENST00000330838_REJ.N.fasta,data/coding_sequences/ENST00000330838_REJ.C.fasta
61447,ANKRD17,ankyrin repeat domain 17,ENSG00000132466,ENST00000509867,4,7473,3.873494982256169,True,True,ANKRD17 [ENST00000509867],Human,data/coding_sequences/ENST00000509867_CDS.fasta,data/coding_sequences/ENST00000509867_REJ.N.fasta,data/coding_sequences/ENST00000509867_REJ.C.fasta
40926,ANKRD26,ankyrin repeat domain containing 26,ENSG00000107890,ENST00000436985,10,5130,3.7101173651118162,True,True,ANKRD26 [ENST00000436985],Human,data/coding_sequences/ENST00000436985_CDS.fasta,data/coding_sequences/ENST00000436985_REJ.N.fasta,data/coding_sequences/ENST00000436985_REJ.C.fasta
20208,ANKRD26,ankyrin repeat domain containing 26,ENSG00000107890,ENST00000376087,10,5133,3.710371264260763,True,True,ANKRD26 [ENST00000376087],Human,data/coding_sequences/ENST00000376087_CDS.fasta,data/coding_sequences/ENST00000376087_REJ.N.fasta,data/coding_sequences/ENST00000376087_REJ.C.fasta
17928,ANKRD30A,ankyrin repeat domain 30A,ENSG00000148513,ENST00000374660,10,4551,3.658106835506393,False,True,ANKRD30A [ENST00000374660],Human,data/coding_sequences/ENST00000374660_CDS.fasta,data/coding_sequences/ENST00000374660_REJ.N.fasta,data/coding_sequences/ENST00000374660_REJ.C.fasta
117159,ANKRD30B,ankyrin repeat domain 30B,ENSG00000180777,ENST00000690538,18,4578,3.660675788338524,False,True,ANKRD30B [ENST00000690538],Human,data/coding_sequences/ENST00000690538_CDS.fasta,data/coding_sequences/ENST00000690538_REJ.N.fasta,data/coding_sequences/ENST00000690538_REJ.C.fasta
57756,ANKRD31,ankyrin repeat domain 31,ENSG00000145700,ENST00000506364,5,5793,3.762903528499057,False,True,ANKRD31 [ENST00000506364],Human,data/coding_sequences/ENST00000506364_CDS.fasta,data/coding_sequences/ENST00000506364_REJ.N.fasta,data/coding_sequences/ENST00000506364_REJ.C.fasta
5729,ANKRD31,ankyrin repeat domain 31,ENSG00000145700,ENST00000274361,5,5622,3.749890841271422,False,True,ANKRD31 [ENST00000274361],Human,data/coding_sequences/ENST00000274361_CDS.fasta,data/coding_sequences/ENST00000274361_REJ.N.fasta,data/coding_sequences/ENST00000274361_REJ.C.fasta
105570,ANKRD36,ankyrin repeat domain 36,ENSG00000135976,ENST00000652721,2,5748,3.759516759462188,False,True,ANKRD36 [ENST00000652721],Human,data/coding_sequences/ENST00000652721_CDS.fasta,data/coding_sequences/ENST00000652721_REJ.N.fasta,data/coding_sequences/ENST00000652721_REJ.C.fasta
31832,ANKRD36,ankyrin repeat domain 36,ENSG00000135976,ENST00000420699,2,5748,3.759516759462188,False,True,ANKRD36 [ENST00000420699],Human,data/coding_sequences/ENST00000420699_CDS.fasta,data/coding_sequences/ENST00000420699_REJ.N.fasta,data/coding_sequences/ENST00000420699_REJ.C.fasta
49726,ANKRD36,ankyrin repeat domain 36,ENSG00000135976,ENST00000461153,2,5748,3.759516759462188,False,True,ANKRD36 [ENST00000461153],Human,data/coding_sequences/ENST00000461153_CDS.fasta,data/coding_sequences/ENST00000461153_REJ.N.fasta,data/coding_sequences/ENST00000461153_REJ.C.fasta
7830,ANKRD36C,ankyrin repeat domain 36C,ENSG00000174501,ENST00000295246,2,6360,3.803457115648414,False,True,ANKRD36C [ENST00000295246],Human,data/coding_sequences/ENST00000295246_CDS.fasta,data/coding_sequences/ENST00000295246_REJ.N.fasta,data/coding_sequences/ENST00000295246_REJ.C.fasta
45107,ANKRD36C,ankyrin repeat domain 36C,ENSG00000174501,ENST00000456556,2,5337,3.7272972028035873,False,True,ANKRD36C [ENST00000456556],Human,data/coding_sequences/ENST00000456556_CDS.fasta,data/coding_sequences/ENST00000456556_REJ.N.fasta,data/coding_sequences/ENST00000456556_REJ.C.fasta
68942,APC2,APC regulator of WNT signaling pathway 2,ENSG00000115266,ENST00000535453,19,6912,3.839603729470837,True,True,APC2 [ENST00000535453],Human,data/coding_sequences/ENST00000535453_CDS.fasta,data/coding_sequences/ENST00000535453_REJ.N.fasta,data/coding_sequences/ENST00000535453_REJ.C.fasta
86040,APC2,APC regulator of WNT signaling pathway 2,ENSG00000115266,ENST00000590469,19,6912,3.839603729470837,True,True,APC2 [ENST00000590469],Human,data/coding_sequences/ENST00000590469_CDS.fasta,data/coding_sequences/ENST00000590469_REJ.N.fasta,data/coding_sequences/ENST00000590469_REJ.C.fasta
1458,APC2,APC regulator of WNT signaling pathway 2,ENSG00000115266,ENST00000233607,19,6912,3.839603729470837,True,True,APC2 [ENST00000233607],Human,data/coding_sequences/ENST00000233607_CDS.fasta,data/coding_sequences/ENST00000233607_REJ.N.fasta,data/coding_sequences/ENST00000233607_REJ.C.fasta
5500,ARAP2,"ArfGAP with RhoGAP domain, ankyrin repeat and PH domain 2",ENSG00000047365,ENST00000303965,4,5115,3.708845638048179,False,True,ARAP2 [ENST00000303965],Human,data/coding_sequences/ENST00000303965_CDS.fasta,data/coding_sequences/ENST00000303965_REJ.N.fasta,data/coding_sequences/ENST00000303965_REJ.C.fasta
1814,ARAP3,"ArfGAP with RhoGAP domain, ankyrin repeat and PH domain 3",ENSG00000120318,ENST00000239440,5,4635,3.666049738480516,False,True,ARAP3 [ENST00000239440],Human,data/coding_sequences/ENST00000239440_CDS.fasta,data/coding_sequences/ENST00000239440_REJ.N.fasta,data/coding_sequences/ENST00000239440_REJ.C.fasta
3119,ARFGEF1,ADP ribosylation factor guanine nucleotide exchange factor 1,ENSG00000066777,ENST00000262215,8,5550,3.7442929831226763,True,True,ARFGEF1 [ENST00000262215],Human,data/coding_sequences/ENST00000262215_CDS.fasta,data/coding_sequences/ENST00000262215_REJ.N.fasta,data/coding_sequences/ENST00000262215_REJ.C.fasta
114061,ARFGEF2,ADP ribosylation factor guanine nucleotide exchange factor 2,ENSG00000124198,ENST00000681885,20,4680,3.670245853074124,True,True,ARFGEF2 [ENST00000681885],Human,data/coding_sequences/ENST00000681885_CDS.fasta,data/coding_sequences/ENST00000681885_REJ.N.fasta,data/coding_sequences/ENST00000681885_REJ.C.fasta
113083,ARFGEF2,ADP ribosylation factor guanine nucleotide exchange factor 2,ENSG00000124198,ENST00000681021,20,5187,3.714916247993585,True,True,ARFGEF2 [ENST00000681021],Human,data/coding_sequences/ENST00000681021_CDS.fasta,data/coding_sequences/ENST00000681021_REJ.N.fasta,data/coding_sequences/ENST00000681021_REJ.C.fasta
18551,ARFGEF2,ADP ribosylation factor guanine nucleotide exchange factor 2,ENSG00000124198,ENST00000371917,20,5358,3.7290027092721902,True,True,ARFGEF2 [ENST00000371917],Human,data/coding_sequences/ENST00000371917_CDS.fasta,data/coding_sequences/ENST00000371917_REJ.N.fasta,data/coding_sequences/ENST00000371917_REJ.C.fasta
109543,ARFGEF2,ADP ribosylation factor guanine nucleotide exchange factor 2,ENSG00000124198,ENST00000679436,20,5355,3.7287594751678745,True,True,ARFGEF2 [ENST00000679436],Human,data/coding_sequences/ENST00000679436_CDS.fasta,data/coding_sequences/ENST00000679436_REJ.N.fasta,data/coding_sequences/ENST00000679436_REJ.C.fasta
2182,ARFGEF3,ARFGEF family member 3,ENSG00000112379,ENST00000251691,6,6534,3.8151791301394185,False,True,ARFGEF3 [ENST00000251691],Human,data/coding_sequences/ENST00000251691_CDS.fasta,data/coding_sequences/ENST00000251691_REJ.N.fasta,data/coding_sequences/ENST00000251691_REJ.C.fasta
28037,ARHGAP21,Rho GTPase activating protein 21,ENSG00000107863,ENST00000396432,10,5877,3.7691556907143986,False,True,ARHGAP21 [ENST00000396432],Human,data/coding_sequences/ENST00000396432_CDS.fasta,data/coding_sequences/ENST00000396432_REJ.N.fasta,data/coding_sequences/ENST00000396432_REJ.C.fasta
20792,ARHGAP21,Rho GTPase activating protein 21,ENSG00000107863,ENST00000376410,10,5847,3.766933093837284,False,True,ARHGAP21 [ENST00000376410],Human,data/coding_sequences/ENST00000376410_CDS.fasta,data/coding_sequences/ENST00000376410_REJ.N.fasta,data/coding_sequences/ENST00000376410_REJ.C.fasta
113314,ARHGAP21,Rho GTPase activating protein 21,ENSG00000107863,ENST00000680286,10,5898,3.7707047682157793,False,True,ARHGAP21 [ENST00000680286],Human,data/coding_sequences/ENST00000680286_CDS.fasta,data/coding_sequences/ENST00000680286_REJ.N.fasta,data/coding_sequences/ENST00000680286_REJ.C.fasta
91469,ARHGAP23,Rho GTPase activating protein 23,ENSG00000275832,ENST00000616767,17,4818,3.6828667956623247,False,True,ARHGAP23 [ENST00000616767],Human,data/coding_sequences/ENST00000616767_CDS.fasta,data/coding_sequences/ENST00000616767_REJ.N.fasta,data/coding_sequences/ENST00000616767_REJ.C.fasta
112923,ARHGAP32,Rho GTPase activating protein 32,ENSG00000134909,ENST00000682385,11,6306,3.799753966411886,False,True,ARHGAP32 [ENST00000682385],Human,data/coding_sequences/ENST00000682385_CDS.fasta,data/coding_sequences/ENST00000682385_REJ.N.fasta,data/coding_sequences/ENST00000682385_REJ.C.fasta
26137,ARHGAP32,Rho GTPase activating protein 32,ENSG00000134909,ENST00000392657,11,5217,3.717420836722375,False,True,ARHGAP32 [ENST00000392657],Human,data/coding_sequences/ENST00000392657_CDS.fasta,data/coding_sequences/ENST00000392657_REJ.N.fasta,data/coding_sequences/ENST00000392657_REJ.C.fasta
64218,ARHGAP32,Rho GTPase activating protein 32,ENSG00000134909,ENST00000527272,11,5217,3.717420836722375,False,True,ARHGAP32 [ENST00000527272],Human,data/coding_sequences/ENST00000527272_CDS.fasta,data/coding_sequences/ENST00000527272_REJ.N.fasta,data/coding_sequences/ENST00000527272_REJ.C.fasta
7937,ARHGAP32,Rho GTPase activating protein 32,ENSG00000134909,ENST00000310343,11,6264,3.796851749049887,False,True,ARHGAP32 [ENST00000310343],Human,data/coding_sequences/ENST00000310343_CDS.fasta,data/coding_sequences/ENST00000310343_REJ.N.fasta,data/coding_sequences/ENST00000310343_REJ.C.fasta
69321,ARHGAP5,Rho GTPase activating protein 5,ENSG00000100852,ENST00000539826,14,4509,3.6540802353065707,False,True,ARHGAP5 [ENST00000539826],Human,data/coding_sequences/ENST00000539826_CDS.fasta,data/coding_sequences/ENST00000539826_REJ.N.fasta,data/coding_sequences/ENST00000539826_REJ.C.fasta
9470,ARHGAP5,Rho GTPase activating protein 5,ENSG00000100852,ENST00000345122,14,4509,3.6540802353065707,False,True,ARHGAP5 [ENST00000345122],Human,data/coding_sequences/ENST00000345122_CDS.fasta,data/coding_sequences/ENST00000345122_REJ.N.fasta,data/coding_sequences/ENST00000345122_REJ.C.fasta
77394,ARHGAP5,Rho GTPase activating protein 5,ENSG00000100852,ENST00000556611,14,4506,3.653791187387812,False,True,ARHGAP5 [ENST00000556611],Human,data/coding_sequences/ENST00000556611_CDS.fasta,data/coding_sequences/ENST00000556611_REJ.N.fasta,data/coding_sequences/ENST00000556611_REJ.C.fasta
19901,ARHGEF11,Rho guanine nucleotide exchange factor 11,ENSG00000132694,ENST00000368194,1,4689,3.6710802327388494,False,True,ARHGEF11 [ENST00000368194],Human,data/coding_sequences/ENST00000368194_CDS.fasta,data/coding_sequences/ENST00000368194_REJ.N.fasta,data/coding_sequences/ENST00000368194_REJ.C.fasta
16633,ARHGEF11,Rho guanine nucleotide exchange factor 11,ENSG00000132694,ENST00000361409,1,4569,3.659821158055705,False,True,ARHGEF11 [ENST00000361409],Human,data/coding_sequences/ENST00000361409_CDS.fasta,data/coding_sequences/ENST00000361409_REJ.N.fasta,data/coding_sequences/ENST00000361409_REJ.C.fasta
17348,ARHGEF12,Rho guanine nucleotide exchange factor 12,ENSG00000196914,ENST00000356641,11,4578,3.660675788338524,False,True,ARHGEF12 [ENST00000356641],Human,data/coding_sequences/ENST00000356641_CDS.fasta,data/coding_sequences/ENST00000356641_REJ.N.fasta,data/coding_sequences/ENST00000356641_REJ.C.fasta
28702,ARHGEF12,Rho guanine nucleotide exchange factor 12,ENSG00000196914,ENST00000397843,11,4635,3.666049738480516,False,True,ARHGEF12 [ENST00000397843],Human,data/coding_sequences/ENST00000397843_CDS.fasta,data/coding_sequences/ENST00000397843_REJ.N.fasta,data/coding_sequences/ENST00000397843_REJ.C.fasta
4291,ARHGEF17,Rho guanine nucleotide exchange factor 17,ENSG00000110237,ENST00000263674,11,6192,3.791830947674836,False,True,ARHGEF17 [ENST00000263674],Human,data/coding_sequences/ENST00000263674_CDS.fasta,data/coding_sequences/ENST00000263674_REJ.N.fasta,data/coding_sequences/ENST00000263674_REJ.C.fasta
60742,ARHGEF28,Rho guanine nucleotide exchange factor 28,ENSG00000214944,ENST00000513042,5,5118,3.7091002815511667,False,True,ARHGEF28 [ENST00000513042],Human,data/coding_sequences/ENST00000513042_CDS.fasta,data/coding_sequences/ENST00000513042_REJ.N.fasta,data/coding_sequences/ENST00000513042_REJ.C.fasta
38106,ARHGEF28,Rho guanine nucleotide exchange factor 28,ENSG00000214944,ENST00000426542,5,5118,3.7091002815511667,False,True,ARHGEF28 [ENST00000426542],Human,data/coding_sequences/ENST00000426542_CDS.fasta,data/coding_sequences/ENST00000426542_REJ.N.fasta,data/coding_sequences/ENST00000426542_REJ.C.fasta
40592,ARHGEF28,Rho guanine nucleotide exchange factor 28,ENSG00000214944,ENST00000437974,5,5196,3.71566914240099,False,True,ARHGEF28 [ENST00000437974],Human,data/coding_sequences/ENST00000437974_CDS.fasta,data/coding_sequences/ENST00000437974_REJ.N.fasta,data/coding_sequences/ENST00000437974_REJ.C.fasta
72023,ARHGEF28,Rho guanine nucleotide exchange factor 28,ENSG00000214944,ENST00000545377,5,5196,3.71566914240099,False,True,ARHGEF28 [ENST00000545377],Human,data/coding_sequences/ENST00000545377_CDS.fasta,data/coding_sequences/ENST00000545377_REJ.N.fasta,data/coding_sequences/ENST00000545377_REJ.C.fasta
5167,ARHGEF28,Rho guanine nucleotide exchange factor 28,ENSG00000214944,ENST00000296794,5,4956,3.695131297704026,False,True,ARHGEF28 [ENST00000296794],Human,data/coding_sequences/ENST00000296794_CDS.fasta,data/coding_sequences/ENST00000296794_REJ.N.fasta,data/coding_sequences/ENST00000296794_REJ.C.fasta
30747,ARHGEF4,Rho guanine nucleotide exchange factor 4,ENSG00000136002,ENST00000409359,2,5631,3.7505855273410087,False,True,ARHGEF4 [ENST00000409359],Human,data/coding_sequences/ENST00000409359_CDS.fasta,data/coding_sequences/ENST00000409359_REJ.N.fasta,data/coding_sequences/ENST00000409359_REJ.C.fasta
7399,ARHGEF40,Rho guanine nucleotide exchange factor 40,ENSG00000165801,ENST00000298694,14,4560,3.658964842664435,False,True,ARHGEF40 [ENST00000298694],Human,data/coding_sequences/ENST00000298694_CDS.fasta,data/coding_sequences/ENST00000298694_REJ.N.fasta,data/coding_sequences/ENST00000298694_REJ.C.fasta
98562,ARHGEF5,Rho guanine nucleotide exchange factor 5,ENSG00000284933,ENST00000642803,CHR_HSCHR7_3_CTG4_4,4794,3.680698029697635,False,True,ARHGEF5 [ENST00000642803],Human,data/coding_sequences/ENST00000642803_CDS.fasta,data/coding_sequences/ENST00000642803_REJ.N.fasta,data/coding_sequences/ENST00000642803_REJ.C.fasta
103467,ARHGEF5,Rho guanine nucleotide exchange factor 5,ENSG00000284933,ENST00000647153,CHR_HSCHR7_3_CTG4_4,4794,3.680698029697635,False,True,ARHGEF5 [ENST00000647153],Human,data/coding_sequences/ENST00000647153_CDS.fasta,data/coding_sequences/ENST00000647153_REJ.N.fasta,data/coding_sequences/ENST00000647153_REJ.C.fasta
106,ARHGEF5,Rho guanine nucleotide exchange factor 5,ENSG00000050327,ENST00000056217,7,4794,3.680698029697635,False,True,ARHGEF5 [ENST00000056217],Human,data/coding_sequences/ENST00000056217_CDS.fasta,data/coding_sequences/ENST00000056217_REJ.N.fasta,data/coding_sequences/ENST00000056217_REJ.C.fasta
13114,ARID1A,AT-rich interaction domain 1A,ENSG00000117713,ENST00000324856,1,6858,3.8361974807789254,True,True,ARID1A [ENST00000324856],Human,data/coding_sequences/ENST00000324856_CDS.fasta,data/coding_sequences/ENST00000324856_REJ.N.fasta,data/coding_sequences/ENST00000324856_REJ.C.fasta
101334,ARID1A,AT-rich interaction domain 1A,ENSG00000117713,ENST00000636219,1,5712,3.7567881987681178,True,True,ARID1A [ENST00000636219],Human,data/coding_sequences/ENST00000636219_CDS.fasta,data/coding_sequences/ENST00000636219_REJ.N.fasta,data/coding_sequences/ENST00000636219_REJ.C.fasta
47610,ARID1A,AT-rich interaction domain 1A,ENSG00000117713,ENST00000457599,1,6207,3.792881745385397,True,True,ARID1A [ENST00000457599],Human,data/coding_sequences/ENST00000457599_CDS.fasta,data/coding_sequences/ENST00000457599_REJ.N.fasta,data/coding_sequences/ENST00000457599_REJ.C.fasta
36905,ARID1A,AT-rich interaction domain 1A,ENSG00000117713,ENST00000430799,1,5706,3.7563317673210577,True,True,ARID1A [ENST00000430799],Human,data/coding_sequences/ENST00000430799_CDS.fasta,data/coding_sequences/ENST00000430799_REJ.N.fasta,data/coding_sequences/ENST00000430799_REJ.C.fasta
20075,ARID1A,AT-rich interaction domain 1A,ENSG00000117713,ENST00000374152,1,5709,3.756560043006683,True,True,ARID1A [ENST00000374152],Human,data/coding_sequences/ENST00000374152_CDS.fasta,data/coding_sequences/ENST00000374152_REJ.N.fasta,data/coding_sequences/ENST00000374152_REJ.C.fasta
14502,ARID1B,AT-rich interaction domain 1B,ENSG00000049618,ENST00000350026,6,6711,3.826787238816292,True,True,ARID1B [ENST00000350026],Human,data/coding_sequences/ENST00000350026_CDS.fasta,data/coding_sequences/ENST00000350026_REJ.N.fasta,data/coding_sequences/ENST00000350026_REJ.C.fasta
31440,ARID1B,AT-rich interaction domain 1B,ENSG00000049618,ENST00000414678,6,5277,3.7223870941771238,True,True,ARID1B [ENST00000414678],Human,data/coding_sequences/ENST00000414678_CDS.fasta,data/coding_sequences/ENST00000414678_REJ.N.fasta,data/coding_sequences/ENST00000414678_REJ.C.fasta
13936,ARID1B,AT-rich interaction domain 1B,ENSG00000049618,ENST00000346085,6,6999,3.845035993513415,True,True,ARID1B [ENST00000346085],Human,data/coding_sequences/ENST00000346085_CDS.fasta,data/coding_sequences/ENST00000346085_REJ.N.fasta,data/coding_sequences/ENST00000346085_REJ.C.fasta
100965,ARID1B,AT-rich interaction domain 1B,ENSG00000049618,ENST00000637904,6,4620,3.6646419755561257,True,True,ARID1B [ENST00000637904],Human,data/coding_sequences/ENST00000637904_CDS.fasta,data/coding_sequences/ENST00000637904_REJ.N.fasta,data/coding_sequences/ENST00000637904_REJ.C.fasta
99852,ARID1B,AT-rich interaction domain 1B,ENSG00000049618,ENST00000637015,6,7248,3.8602181846687564,True,True,ARID1B [ENST00000637015],Human,data/coding_sequences/ENST00000637015_CDS.fasta,data/coding_sequences/ENST00000637015_REJ.N.fasta,data/coding_sequences/ENST00000637015_REJ.C.fasta
100345,ARID1B,AT-rich interaction domain 1B,ENSG00000049618,ENST00000636930,6,7119,3.8524189929370016,True,True,ARID1B [ENST00000636930],Human,data/coding_sequences/ENST00000636930_CDS.fasta,data/coding_sequences/ENST00000636930_REJ.N.fasta,data/coding_sequences/ENST00000636930_REJ.C.fasta
13250,ARID2,AT-rich interaction domain 2,ENSG00000189079,ENST00000334344,12,5508,3.740993931584886,True,True,ARID2 [ENST00000334344],Human,data/coding_sequences/ENST00000334344_CDS.fasta,data/coding_sequences/ENST00000334344_REJ.N.fasta,data/coding_sequences/ENST00000334344_REJ.C.fasta
36882,ARID2,AT-rich interaction domain 2,ENSG00000189079,ENST00000422737,12,5289,3.7233735670189843,True,True,ARID2 [ENST00000422737],Human,data/coding_sequences/ENST00000422737_CDS.fasta,data/coding_sequences/ENST00000422737_REJ.N.fasta,data/coding_sequences/ENST00000422737_REJ.C.fasta
37918,ARMCX4,armadillo repeat containing X-linked 4,ENSG00000196440,ENST00000423738,X,6873,3.83714634390906,False,True,ARMCX4 [ENST00000423738],Human,data/coding_sequences/ENST00000423738_CDS.fasta,data/coding_sequences/ENST00000423738_REJ.N.fasta,data/coding_sequences/ENST00000423738_REJ.C.fasta
20335,ASCC3,activating signal cointegrator 1 complex subunit 3,ENSG00000112249,ENST00000369162,6,6609,3.82013575187043,False,True,ASCC3 [ENST00000369162],Human,data/coding_sequences/ENST00000369162_CDS.fasta,data/coding_sequences/ENST00000369162_REJ.N.fasta,data/coding_sequences/ENST00000369162_REJ.C.fasta
109720,ASH1L,ASH1 like histone lysine methyltransferase,ENSG00000116539,ENST00000676814,1,5130,3.7101173651118162,True,True,ASH1L [ENST00000676814],Human,data/coding_sequences/ENST00000676814_CDS.fasta,data/coding_sequences/ENST00000676814_REJ.N.fasta,data/coding_sequences/ENST00000676814_REJ.C.fasta
110201,ASH1L,ASH1 like histone lysine methyltransferase,ENSG00000116539,ENST00000678699,1,5226,3.718169405391307,True,True,ASH1L [ENST00000678699],Human,data/coding_sequences/ENST00000678699_CDS.fasta,data/coding_sequences/ENST00000678699_REJ.N.fasta,data/coding_sequences/ENST00000678699_REJ.C.fasta
110594,ASH1L,ASH1 like histone lysine methyltransferase,ENSG00000116539,ENST00000677042,1,5181,3.714413592287121,True,True,ASH1L [ENST00000677042],Human,data/coding_sequences/ENST00000677042_CDS.fasta,data/coding_sequences/ENST00000677042_REJ.N.fasta,data/coding_sequences/ENST00000677042_REJ.C.fasta
7860,ASPM,assembly factor for spindle microtubules,ENSG00000066279,ENST00000294732,1,5679,3.754271868683459,True,True,ASPM [ENST00000294732],Human,data/coding_sequences/ENST00000294732_CDS.fasta,data/coding_sequences/ENST00000294732_REJ.N.fasta,data/coding_sequences/ENST00000294732_REJ.C.fasta
7861,ASXL1,ASXL transcriptional regulator 1,ENSG00000171456,ENST00000306058,20,4611,3.6637951222194074,True,True,ASXL1 [ENST00000306058],Human,data/coding_sequences/ENST00000306058_CDS.fasta,data/coding_sequences/ENST00000306058_REJ.N.fasta,data/coding_sequences/ENST00000306058_REJ.C.fasta
18275,ASXL1,ASXL transcriptional regulator 1,ENSG00000171456,ENST00000375687,20,4626,3.6652056284346006,True,True,ASXL1 [ENST00000375687],Human,data/coding_sequences/ENST00000375687_CDS.fasta,data/coding_sequences/ENST00000375687_REJ.N.fasta,data/coding_sequences/ENST00000375687_REJ.C.fasta
93301,ASXL1,ASXL transcriptional regulator 1,ENSG00000171456,ENST00000613218,20,4626,3.6652056284346006,True,True,ASXL1 [ENST00000613218],Human,data/coding_sequences/ENST00000613218_CDS.fasta,data/coding_sequences/ENST00000613218_REJ.N.fasta,data/coding_sequences/ENST00000613218_REJ.C.fasta
91707,ASXL1,ASXL transcriptional regulator 1,ENSG00000171456,ENST00000620121,20,4626,3.6652056284346006,True,True,ASXL1 [ENST00000620121],Human,data/coding_sequences/ENST00000620121_CDS.fasta,data/coding_sequences/ENST00000620121_REJ.N.fasta,data/coding_sequences/ENST00000620121_REJ.C.fasta
118597,ASXL3,ASXL transcriptional regulator 3,ENSG00000141431,ENST00000696964,18,6750,3.829303772831025,True,True,ASXL3 [ENST00000696964],Human,data/coding_sequences/ENST00000696964_CDS.fasta,data/coding_sequences/ENST00000696964_REJ.N.fasta,data/coding_sequences/ENST00000696964_REJ.C.fasta
7667,ASXL3,ASXL transcriptional regulator 3,ENSG00000141431,ENST00000269197,18,6747,3.8291107101552946,True,True,ASXL3 [ENST00000269197],Human,data/coding_sequences/ENST00000269197_CDS.fasta,data/coding_sequences/ENST00000269197_REJ.N.fasta,data/coding_sequences/ENST00000269197_REJ.C.fasta
112741,ASXL3,ASXL transcriptional regulator 3,ENSG00000141431,ENST00000681521,18,6627,3.821316970591097,True,True,ASXL3 [ENST00000681521],Human,data/coding_sequences/ENST00000681521_CDS.fasta,data/coding_sequences/ENST00000681521_REJ.N.fasta,data/coding_sequences/ENST00000681521_REJ.C.fasta
12348,ATAD5,ATPase family AAA domain containing 5,ENSG00000176208,ENST00000321990,17,5535,3.7431176252147416,False,True,ATAD5 [ENST00000321990],Human,data/coding_sequences/ENST00000321990_CDS.fasta,data/coding_sequences/ENST00000321990_REJ.N.fasta,data/coding_sequences/ENST00000321990_REJ.C.fasta
32167,ATG2A,autophagy related 2A,ENSG00000110046,ENST00000418259,11,5229,3.7184186418296554,False,True,ATG2A [ENST00000418259],Human,data/coding_sequences/ENST00000418259_CDS.fasta,data/coding_sequences/ENST00000418259_REJ.N.fasta,data/coding_sequences/ENST00000418259_REJ.C.fasta
25784,ATG2A,autophagy related 2A,ENSG00000110046,ENST00000377264,11,5817,3.7646990637983677,False,True,ATG2A [ENST00000377264],Human,data/coding_sequences/ENST00000377264_CDS.fasta,data/coding_sequences/ENST00000377264_REJ.N.fasta,data/coding_sequences/ENST00000377264_REJ.C.fasta
17440,ATG2B,autophagy related 2B,ENSG00000066739,ENST00000359933,14,6237,3.794975744051132,False,True,ATG2B [ENST00000359933],Human,data/coding_sequences/ENST00000359933_CDS.fasta,data/coding_sequences/ENST00000359933_REJ.N.fasta,data/coding_sequences/ENST00000359933_REJ.C.fasta
65357,ATM,ATM serine/threonine kinase,ENSG00000149311,ENST00000527805,11,4638,3.6663307443019684,True,True,ATM [ENST00000527805],Human,data/coding_sequences/ENST00000527805_CDS.fasta,data/coding_sequences/ENST00000527805_REJ.N.fasta,data/coding_sequences/ENST00000527805_REJ.C.fasta
111239,ATM,ATM serine/threonine kinase,ENSG00000149311,ENST00000675595,11,4638,3.6663307443019684,True,True,ATM [ENST00000675595],Human,data/coding_sequences/ENST00000675595_CDS.fasta,data/coding_sequences/ENST00000675595_REJ.N.fasta,data/coding_sequences/ENST00000675595_REJ.C.fasta
12979,ATP7A,ATPase copper transporting alpha,ENSG00000165240,ENST00000343533,X,4533,3.656385719058688,True,True,ATP7A [ENST00000343533],Human,data/coding_sequences/ENST00000343533_CDS.fasta,data/coding_sequences/ENST00000343533_REJ.N.fasta,data/coding_sequences/ENST00000343533_REJ.C.fasta
117362,ATP7A,ATPase copper transporting alpha,ENSG00000165240,ENST00000689767,X,4596,3.6623800200162475,True,True,ATP7A [ENST00000689767],Human,data/coding_sequences/ENST00000689767_CDS.fasta,data/coding_sequences/ENST00000689767_REJ.N.fasta,data/coding_sequences/ENST00000689767_REJ.C.fasta
114796,ATP7A,ATPase copper transporting alpha,ENSG00000165240,ENST00000686133,X,4503,3.653501946962933,True,True,ATP7A [ENST00000686133],Human,data/coding_sequences/ENST00000686133_CDS.fasta,data/coding_sequences/ENST00000686133_REJ.N.fasta,data/coding_sequences/ENST00000686133_REJ.C.fasta
115656,ATP7A,ATPase copper transporting alpha,ENSG00000165240,ENST00000685264,X,4503,3.653501946962933,True,True,ATP7A [ENST00000685264],Human,data/coding_sequences/ENST00000685264_CDS.fasta,data/coding_sequences/ENST00000685264_REJ.N.fasta,data/coding_sequences/ENST00000685264_REJ.C.fasta
115411,ATP7A,ATPase copper transporting alpha,ENSG00000165240,ENST00000687086,X,4503,3.653501946962933,True,True,ATP7A [ENST00000687086],Human,data/coding_sequences/ENST00000687086_CDS.fasta,data/coding_sequences/ENST00000687086_REJ.N.fasta,data/coding_sequences/ENST00000687086_REJ.C.fasta
11250,ATP7A,ATPase copper transporting alpha,ENSG00000165240,ENST00000341514,X,4503,3.653501946962933,True,True,ATP7A [ENST00000341514],Human,data/coding_sequences/ENST00000341514_CDS.fasta,data/coding_sequences/ENST00000341514_REJ.N.fasta,data/coding_sequences/ENST00000341514_REJ.C.fasta
106867,ATR,ATR serine/threonine kinase,ENSG00000175054,ENST00000661310,3,7743,3.8889092592635315,True,True,ATR [ENST00000661310],Human,data/coding_sequences/ENST00000661310_CDS.fasta,data/coding_sequences/ENST00000661310_REJ.N.fasta,data/coding_sequences/ENST00000661310_REJ.C.fasta
105982,ATR,ATR serine/threonine kinase,ENSG00000175054,ENST00000656590,3,6582,3.8183578779583547,True,True,ATR [ENST00000656590],Human,data/coding_sequences/ENST00000656590_CDS.fasta,data/coding_sequences/ENST00000656590_REJ.N.fasta,data/coding_sequences/ENST00000656590_REJ.C.fasta
15032,ATR,ATR serine/threonine kinase,ENSG00000175054,ENST00000350721,3,7935,3.899546931090867,True,True,ATR [ENST00000350721],Human,data/coding_sequences/ENST00000350721_CDS.fasta,data/coding_sequences/ENST00000350721_REJ.N.fasta,data/coding_sequences/ENST00000350721_REJ.C.fasta
27238,ATRX,ATRX chromatin remodeler,ENSG00000085224,ENST00000395603,X,7365,3.8671727511786496,True,True,ATRX [ENST00000395603],Human,data/coding_sequences/ENST00000395603_CDS.fasta,data/coding_sequences/ENST00000395603_REJ.N.fasta,data/coding_sequences/ENST00000395603_REJ.C.fasta
21008,ATRX,ATRX chromatin remodeler,ENSG00000085224,ENST00000373344,X,7479,3.873843533223436,True,True,ATRX [ENST00000373344],Human,data/coding_sequences/ENST00000373344_CDS.fasta,data/coding_sequences/ENST00000373344_REJ.N.fasta,data/coding_sequences/ENST00000373344_REJ.C.fasta
85878,BAHCC1,BAH domain and coiled-coil containing 1,ENSG00000266074,ENST00000584436,17,7920,3.8987251815894934,False,True,BAHCC1 [ENST00000584436],Human,data/coding_sequences/ENST00000584436_CDS.fasta,data/coding_sequences/ENST00000584436_REJ.N.fasta,data/coding_sequences/ENST00000584436_REJ.C.fasta
109335,BAHCC1,BAH domain and coiled-coil containing 1,ENSG00000266074,ENST00000675386,17,7827,3.893595333819883,False,True,BAHCC1 [ENST00000675386],Human,data/coding_sequences/ENST00000675386_CDS.fasta,data/coding_sequences/ENST00000675386_REJ.N.fasta,data/coding_sequences/ENST00000675386_REJ.C.fasta
17581,BAZ1A,bromodomain adjacent to zinc finger domain 1A,ENSG00000198604,ENST00000358716,14,4575,3.6603910984024672,False,True,BAZ1A [ENST00000358716],Human,data/coding_sequences/ENST00000358716_CDS.fasta,data/coding_sequences/ENST00000358716_REJ.N.fasta,data/coding_sequences/ENST00000358716_REJ.C.fasta
22426,BAZ1A,bromodomain adjacent to zinc finger domain 1A,ENSG00000198604,ENST00000382422,14,4671,3.669409867287783,False,True,BAZ1A [ENST00000382422],Human,data/coding_sequences/ENST00000382422_CDS.fasta,data/coding_sequences/ENST00000382422_REJ.N.fasta,data/coding_sequences/ENST00000382422_REJ.C.fasta
15205,BAZ1A,bromodomain adjacent to zinc finger domain 1A,ENSG00000198604,ENST00000360310,14,4671,3.669409867287783,False,True,BAZ1A [ENST00000360310],Human,data/coding_sequences/ENST00000360310_CDS.fasta,data/coding_sequences/ENST00000360310_REJ.N.fasta,data/coding_sequences/ENST00000360310_REJ.C.fasta
23991,BAZ2A,bromodomain adjacent to zinc finger domain 2A,ENSG00000076108,ENST00000379441,12,5628,3.750354088762708,False,True,BAZ2A [ENST00000379441],Human,data/coding_sequences/ENST00000379441_CDS.fasta,data/coding_sequences/ENST00000379441_REJ.N.fasta,data/coding_sequences/ENST00000379441_REJ.C.fasta
73695,BAZ2A,bromodomain adjacent to zinc finger domain 2A,ENSG00000076108,ENST00000551812,12,5718,3.75724415102197,False,True,BAZ2A [ENST00000551812],Human,data/coding_sequences/ENST00000551812_CDS.fasta,data/coding_sequences/ENST00000551812_REJ.N.fasta,data/coding_sequences/ENST00000551812_REJ.C.fasta
73887,BAZ2A,bromodomain adjacent to zinc finger domain 2A,ENSG00000076108,ENST00000549884,12,5712,3.7567881987681178,False,True,BAZ2A [ENST00000549884],Human,data/coding_sequences/ENST00000549884_CDS.fasta,data/coding_sequences/ENST00000549884_REJ.N.fasta,data/coding_sequences/ENST00000549884_REJ.C.fasta
25956,BAZ2B,bromodomain adjacent to zinc finger domain 2B,ENSG00000123636,ENST00000392783,2,6507,3.8133808067338557,False,True,BAZ2B [ENST00000392783],Human,data/coding_sequences/ENST00000392783_CDS.fasta,data/coding_sequences/ENST00000392783_REJ.N.fasta,data/coding_sequences/ENST00000392783_REJ.C.fasta
25624,BAZ2B,bromodomain adjacent to zinc finger domain 2B,ENSG00000123636,ENST00000392782,2,6399,3.8061121101690913,False,True,BAZ2B [ENST00000392782],Human,data/coding_sequences/ENST00000392782_CDS.fasta,data/coding_sequences/ENST00000392782_REJ.N.fasta,data/coding_sequences/ENST00000392782_REJ.C.fasta
13183,BCOR,BCL6 corepressor,ENSG00000183337,ENST00000342274,X,5166,3.7131544018372984,True,True,BCOR [ENST00000342274],Human,data/coding_sequences/ENST00000342274_CDS.fasta,data/coding_sequences/ENST00000342274_REJ.N.fasta,data/coding_sequences/ENST00000342274_REJ.C.fasta
106868,BCOR,BCL6 corepressor,ENSG00000183337,ENST00000673391,X,5166,3.7131544018372984,True,True,BCOR [ENST00000673391],Human,data/coding_sequences/ENST00000673391_CDS.fasta,data/coding_sequences/ENST00000673391_REJ.N.fasta,data/coding_sequences/ENST00000673391_REJ.C.fasta
31084,BCOR,BCL6 corepressor,ENSG00000183337,ENST00000397354,X,5166,3.7131544018372984,True,True,BCOR [ENST00000397354],Human,data/coding_sequences/ENST00000397354_CDS.fasta,data/coding_sequences/ENST00000397354_REJ.N.fasta,data/coding_sequences/ENST00000397354_REJ.C.fasta
41618,BCOR,BCL6 corepressor,ENSG00000183337,ENST00000442018,X,4980,3.6972293427597176,True,True,BCOR [ENST00000442018],Human,data/coding_sequences/ENST00000442018_CDS.fasta,data/coding_sequences/ENST00000442018_REJ.N.fasta,data/coding_sequences/ENST00000442018_REJ.C.fasta
28159,BCOR,BCL6 corepressor,ENSG00000183337,ENST00000406200,X,5268,3.7216457662897464,True,True,BCOR [ENST00000406200],Human,data/coding_sequences/ENST00000406200_CDS.fasta,data/coding_sequences/ENST00000406200_REJ.N.fasta,data/coding_sequences/ENST00000406200_REJ.C.fasta
25148,BCOR,BCL6 corepressor,ENSG00000183337,ENST00000378455,X,5112,3.7085908451503435,True,True,BCOR [ENST00000378455],Human,data/coding_sequences/ENST00000378455_CDS.fasta,data/coding_sequences/ENST00000378455_REJ.N.fasta,data/coding_sequences/ENST00000378455_REJ.C.fasta
34228,BCOR,BCL6 corepressor,ENSG00000183337,ENST00000413905,X,5073,3.7052648623174043,True,True,BCOR [ENST00000413905],Human,data/coding_sequences/ENST00000413905_CDS.fasta,data/coding_sequences/ENST00000413905_REJ.N.fasta,data/coding_sequences/ENST00000413905_REJ.C.fasta
107954,BCOR,BCL6 corepressor,ENSG00000183337,ENST00000672922,X,5268,3.7216457662897464,True,True,BCOR [ENST00000672922],Human,data/coding_sequences/ENST00000672922_CDS.fasta,data/coding_sequences/ENST00000672922_REJ.N.fasta,data/coding_sequences/ENST00000672922_REJ.C.fasta
110393,BCOR,BCL6 corepressor,ENSG00000183337,ENST00000679513,X,5268,3.7216457662897464,True,True,BCOR [ENST00000679513],Human,data/coding_sequences/ENST00000679513_CDS.fasta,data/coding_sequences/ENST00000679513_REJ.N.fasta,data/coding_sequences/ENST00000679513_REJ.C.fasta
91603,BCOR,BCL6 corepressor,ENSG00000183337,ENST00000615339,X,5268,3.7216457662897464,True,True,BCOR [ENST00000615339],Human,data/coding_sequences/ENST00000615339_CDS.fasta,data/coding_sequences/ENST00000615339_REJ.N.fasta,data/coding_sequences/ENST00000615339_REJ.C.fasta
39698,BCOR,BCL6 corepressor,ENSG00000183337,ENST00000427012,X,5214,3.71717102683231,True,True,BCOR [ENST00000427012],Human,data/coding_sequences/ENST00000427012_CDS.fasta,data/coding_sequences/ENST00000427012_REJ.N.fasta,data/coding_sequences/ENST00000427012_REJ.C.fasta
26013,BCOR,BCL6 corepressor,ENSG00000183337,ENST00000378444,X,5268,3.7216457662897464,True,True,BCOR [ENST00000378444],Human,data/coding_sequences/ENST00000378444_CDS.fasta,data/coding_sequences/ENST00000378444_REJ.N.fasta,data/coding_sequences/ENST00000378444_REJ.C.fasta
111927,BCOR,BCL6 corepressor,ENSG00000183337,ENST00000680831,X,5268,3.7216457662897464,True,True,BCOR [ENST00000680831],Human,data/coding_sequences/ENST00000680831_CDS.fasta,data/coding_sequences/ENST00000680831_REJ.N.fasta,data/coding_sequences/ENST00000680831_REJ.C.fasta
1248,BCORL1,BCL6 corepressor like 1,ENSG00000085185,ENST00000218147,X,5136,3.710625015060797,True,True,BCORL1 [ENST00000218147],Human,data/coding_sequences/ENST00000218147_CDS.fasta,data/coding_sequences/ENST00000218147_REJ.N.fasta,data/coding_sequences/ENST00000218147_REJ.C.fasta
66633,BCORL1,BCL6 corepressor like 1,ENSG00000085185,ENST00000540052,X,5358,3.7290027092721902,True,True,BCORL1 [ENST00000540052],Human,data/coding_sequences/ENST00000540052_CDS.fasta,data/coding_sequences/ENST00000540052_REJ.N.fasta,data/coding_sequences/ENST00000540052_REJ.C.fasta
90253,BDP1,"B double prime 1, subunit of RNA polymerase III transcription initiation factor IIIB",ENSG00000274803,ENST00000611966,CHR_HSCHR5_1_CTG1_1,7875,3.896250562461638,False,True,BDP1 [ENST00000611966],Human,data/coding_sequences/ENST00000611966_CDS.fasta,data/coding_sequences/ENST00000611966_REJ.N.fasta,data/coding_sequences/ENST00000611966_REJ.C.fasta
93464,BDP1,"B double prime 1, subunit of RNA polymerase III transcription initiation factor IIIB",ENSG00000273873,ENST00000617085,CHR_HSCHR5_2_CTG1_1,7875,3.896250562461638,False,True,BDP1 [ENST00000617085],Human,data/coding_sequences/ENST00000617085_CDS.fasta,data/coding_sequences/ENST00000617085_REJ.N.fasta,data/coding_sequences/ENST00000617085_REJ.C.fasta
16005,BDP1,"B double prime 1, subunit of RNA polymerase III transcription initiation factor IIIB",ENSG00000145734,ENST00000358731,5,7875,3.896250562461638,False,True,BDP1 [ENST00000358731],Human,data/coding_sequences/ENST00000358731_CDS.fasta,data/coding_sequences/ENST00000358731_REJ.N.fasta,data/coding_sequences/ENST00000358731_REJ.C.fasta
30719,BICRA,BRD4 interacting chromatin remodeling complex associated protein,ENSG00000063169,ENST00000396720,19,4683,3.6705241577820797,True,True,BICRA [ENST00000396720],Human,data/coding_sequences/ENST00000396720_CDS.fasta,data/coding_sequences/ENST00000396720_REJ.N.fasta,data/coding_sequences/ENST00000396720_REJ.C.fasta
88237,BICRA,BRD4 interacting chromatin remodeling complex associated protein,ENSG00000063169,ENST00000594866,19,4683,3.6705241577820797,True,True,BICRA [ENST00000594866],Human,data/coding_sequences/ENST00000594866_CDS.fasta,data/coding_sequences/ENST00000594866_REJ.N.fasta,data/coding_sequences/ENST00000594866_REJ.C.fasta
98641,BIVM-ERCC5,BIVM-ERCC5 readthrough,ENSG00000270181,ENST00000639435,13,4923,3.6922298357727557,False,True,BIVM-ERCC5 [ENST00000639435],Human,data/coding_sequences/ENST00000639435_CDS.fasta,data/coding_sequences/ENST00000639435_REJ.N.fasta,data/coding_sequences/ENST00000639435_REJ.C.fasta
115272,BLTP1,bridge-like lipid transfer protein family member 1,ENSG00000138688,ENST00000686836,4,5646,3.7517408738109004,False,True,BLTP1 [ENST00000686836],Human,data/coding_sequences/ENST00000686836_CDS.fasta,data/coding_sequences/ENST00000686836_REJ.N.fasta,data/coding_sequences/ENST00000686836_REJ.C.fasta
34407,BLTP1,bridge-like lipid transfer protein family member 1,ENSG00000138688,ENST00000419325,4,4917,3.6917002082901615,False,True,BLTP1 [ENST00000419325],Human,data/coding_sequences/ENST00000419325_CDS.fasta,data/coding_sequences/ENST00000419325_REJ.N.fasta,data/coding_sequences/ENST00000419325_REJ.C.fasta
114692,BLTP1,bridge-like lipid transfer protein family member 1,ENSG00000138688,ENST00000688248,4,5508,3.740993931584886,False,True,BLTP1 [ENST00000688248],Human,data/coding_sequences/ENST00000688248_CDS.fasta,data/coding_sequences/ENST00000688248_REJ.N.fasta,data/coding_sequences/ENST00000688248_REJ.C.fasta
41998,BLTP1,bridge-like lipid transfer protein family member 1,ENSG00000138688,ENST00000438707,4,5025,3.7011360660925265,False,True,BLTP1 [ENST00000438707],Human,data/coding_sequences/ENST00000438707_CDS.fasta,data/coding_sequences/ENST00000438707_REJ.N.fasta,data/coding_sequences/ENST00000438707_REJ.C.fasta
26253,BLTP2,bridge-like lipid transfer protein family member 2,ENSG00000007202,ENST00000389003,17,6279,3.797890483058349,False,True,BLTP2 [ENST00000389003],Human,data/coding_sequences/ENST00000389003_CDS.fasta,data/coding_sequences/ENST00000389003_REJ.N.fasta,data/coding_sequences/ENST00000389003_REJ.C.fasta
65253,BLTP2,bridge-like lipid transfer protein family member 2,ENSG00000007202,ENST00000528896,17,6708,3.8265930539340482,False,True,BLTP2 [ENST00000528896],Human,data/coding_sequences/ENST00000528896_CDS.fasta,data/coding_sequences/ENST00000528896_REJ.N.fasta,data/coding_sequences/ENST00000528896_REJ.C.fasta
71010,BLTP2,bridge-like lipid transfer protein family member 2,ENSG00000007202,ENST00000544884,17,6279,3.797890483058349,False,True,BLTP2 [ENST00000544884],Human,data/coding_sequences/ENST00000544884_CDS.fasta,data/coding_sequences/ENST00000544884_REJ.N.fasta,data/coding_sequences/ENST00000544884_REJ.C.fasta
72929,BPTF,bromodomain PHD finger transcription factor,ENSG00000171634,ENST00000544778,17,7372,3.867585326547036,True,True,BPTF [ENST00000544778],Human,data/coding_sequences/ENST00000544778_CDS.fasta,data/coding_sequences/ENST00000544778_REJ.N.fasta,data/coding_sequences/ENST00000544778_REJ.C.fasta
53602,BRCA1,BRCA1 DNA repair associated,ENSG00000012048,ENST00000493795,17,5451,3.7364761820276966,True,True,BRCA1 [ENST00000493795],Human,data/coding_sequences/ENST00000493795_CDS.fasta,data/coding_sequences/ENST00000493795_REJ.N.fasta,data/coding_sequences/ENST00000493795_REJ.C.fasta
15367,BRCA1,BRCA1 DNA repair associated,ENSG00000012048,ENST00000357654,17,5592,3.747567162737625,True,True,BRCA1 [ENST00000357654],Human,data/coding_sequences/ENST00000357654_CDS.fasta,data/coding_sequences/ENST00000357654_REJ.N.fasta,data/coding_sequences/ENST00000357654_REJ.C.fasta
49719,BRCA1,BRCA1 DNA repair associated,ENSG00000012048,ENST00000471181,17,5655,3.752432609261474,True,True,BRCA1 [ENST00000471181],Human,data/coding_sequences/ENST00000471181_CDS.fasta,data/coding_sequences/ENST00000471181_REJ.N.fasta,data/coding_sequences/ENST00000471181_REJ.C.fasta
91106,BRCA2,BRCA2 DNA repair associated,ENSG00000139618,ENST00000614259,13,7950,3.9003671286564705,True,True,BRCA2 [ENST00000614259],Human,data/coding_sequences/ENST00000614259_CDS.fasta,data/coding_sequences/ENST00000614259_REJ.N.fasta,data/coding_sequences/ENST00000614259_REJ.C.fasta
10530,BRWD1,bromodomain and WD repeat domain containing 1,ENSG00000185658,ENST00000342449,21,6810,3.833147111912785,False,True,BRWD1 [ENST00000342449],Human,data/coding_sequences/ENST00000342449_CDS.fasta,data/coding_sequences/ENST00000342449_REJ.N.fasta,data/coding_sequences/ENST00000342449_REJ.C.fasta
24470,BRWD1,bromodomain and WD repeat domain containing 1,ENSG00000185658,ENST00000380800,21,6600,3.8195439355418688,False,True,BRWD1 [ENST00000380800],Human,data/coding_sequences/ENST00000380800_CDS.fasta,data/coding_sequences/ENST00000380800_REJ.N.fasta,data/coding_sequences/ENST00000380800_REJ.C.fasta
11544,BRWD1,bromodomain and WD repeat domain containing 1,ENSG00000185658,ENST00000333229,21,6963,3.84279639517558,False,True,BRWD1 [ENST00000333229],Human,data/coding_sequences/ENST00000333229_CDS.fasta,data/coding_sequences/ENST00000333229_REJ.N.fasta,data/coding_sequences/ENST00000333229_REJ.C.fasta
18625,BRWD3,bromodomain and WD repeat domain containing 3,ENSG00000165288,ENST00000373275,X,5409,3.7331169814420644,True,True,BRWD3 [ENST00000373275],Human,data/coding_sequences/ENST00000373275_CDS.fasta,data/coding_sequences/ENST00000373275_REJ.N.fasta,data/coding_sequences/ENST00000373275_REJ.C.fasta
3129,BTAF1,B-TFIID TATA-box binding protein associated factor 1,ENSG00000095564,ENST00000265990,10,5550,3.7442929831226763,False,True,BTAF1 [ENST00000265990],Human,data/coding_sequences/ENST00000265990_CDS.fasta,data/coding_sequences/ENST00000265990_REJ.N.fasta,data/coding_sequences/ENST00000265990_REJ.C.fasta
98758,BTBD8,BTB domain containing 8,ENSG00000189195,ENST00000636805,1,5379,3.730701544281845,False,True,BTBD8 [ENST00000636805],Human,data/coding_sequences/ENST00000636805_CDS.fasta,data/coding_sequences/ENST00000636805_REJ.N.fasta,data/coding_sequences/ENST00000636805_REJ.C.fasta
112355,C2CD3,C2 domain containing 3 centriole elongation regulator,ENSG00000168014,ENST00000681143,11,6657,3.8232785569516707,True,True,C2CD3 [ENST00000681143],Human,data/coding_sequences/ENST00000681143_CDS.fasta,data/coding_sequences/ENST00000681143_REJ.N.fasta,data/coding_sequences/ENST00000681143_REJ.C.fasta
113073,C2CD3,C2 domain containing 3 centriole elongation regulator,ENSG00000168014,ENST00000681829,11,7032,3.8470788620657155,True,True,C2CD3 [ENST00000681829],Human,data/coding_sequences/ENST00000681829_CDS.fasta,data/coding_sequences/ENST00000681829_REJ.N.fasta,data/coding_sequences/ENST00000681829_REJ.C.fasta
43005,C2CD3,C2 domain containing 3 centriole elongation regulator,ENSG00000168014,ENST00000442398,11,5766,3.760874638052189,True,True,C2CD3 [ENST00000442398],Human,data/coding_sequences/ENST00000442398_CDS.fasta,data/coding_sequences/ENST00000442398_REJ.N.fasta,data/coding_sequences/ENST00000442398_REJ.C.fasta
35446,C2CD3,C2 domain containing 3 centriole elongation regulator,ENSG00000168014,ENST00000414160,11,5907,3.771366970857781,True,True,C2CD3 [ENST00000414160],Human,data/coding_sequences/ENST00000414160_CDS.fasta,data/coding_sequences/ENST00000414160_REJ.N.fasta,data/coding_sequences/ENST00000414160_REJ.C.fasta
112193,C2CD3,C2 domain containing 3 centriole elongation regulator,ENSG00000168014,ENST00000679906,11,6906,3.8392265740134355,True,True,C2CD3 [ENST00000679906],Human,data/coding_sequences/ENST00000679906_CDS.fasta,data/coding_sequences/ENST00000679906_REJ.N.fasta,data/coding_sequences/ENST00000679906_REJ.C.fasta
66019,C2CD3,C2 domain containing 3 centriole elongation regulator,ENSG00000168014,ENST00000538361,11,5814,3.764475027434409,True,True,C2CD3 [ENST00000538361],Human,data/coding_sequences/ENST00000538361_CDS.fasta,data/coding_sequences/ENST00000538361_REJ.N.fasta,data/coding_sequences/ENST00000538361_REJ.C.fasta
112283,C2CD3,C2 domain containing 3 centriole elongation regulator,ENSG00000168014,ENST00000680665,11,4989,3.6980135039391815,True,True,C2CD3 [ENST00000680665],Human,data/coding_sequences/ENST00000680665_CDS.fasta,data/coding_sequences/ENST00000680665_REJ.N.fasta,data/coding_sequences/ENST00000680665_REJ.C.fasta
113948,C2CD3,C2 domain containing 3 centriole elongation regulator,ENSG00000168014,ENST00000681811,11,4614,3.664077590185075,True,True,C2CD3 [ENST00000681811],Human,data/coding_sequences/ENST00000681811_CDS.fasta,data/coding_sequences/ENST00000681811_REJ.N.fasta,data/coding_sequences/ENST00000681811_REJ.C.fasta
113891,C2CD3,C2 domain containing 3 centriole elongation regulator,ENSG00000168014,ENST00000680231,11,6927,3.8405451876368386,True,True,C2CD3 [ENST00000680231],Human,data/coding_sequences/ENST00000680231_CDS.fasta,data/coding_sequences/ENST00000680231_REJ.N.fasta,data/coding_sequences/ENST00000680231_REJ.C.fasta
112236,C2CD3,C2 domain containing 3 centriole elongation regulator,ENSG00000168014,ENST00000681310,11,5817,3.7646990637983677,True,True,C2CD3 [ENST00000681310],Human,data/coding_sequences/ENST00000681310_CDS.fasta,data/coding_sequences/ENST00000681310_REJ.N.fasta,data/coding_sequences/ENST00000681310_REJ.C.fasta
12279,C2CD3,C2 domain containing 3 centriole elongation regulator,ENSG00000168014,ENST00000334126,11,7062,3.8489277132270785,True,True,C2CD3 [ENST00000334126],Human,data/coding_sequences/ENST00000334126_CDS.fasta,data/coding_sequences/ENST00000334126_REJ.N.fasta,data/coding_sequences/ENST00000334126_REJ.C.fasta
9127,C2CD3,C2 domain containing 3 centriole elongation regulator,ENSG00000168014,ENST00000313663,11,5892,3.7702627381705933,True,True,C2CD3 [ENST00000313663],Human,data/coding_sequences/ENST00000313663_CDS.fasta,data/coding_sequences/ENST00000313663_REJ.N.fasta,data/coding_sequences/ENST00000313663_REJ.C.fasta
42976,C2CD6,C2 calcium dependent domain containing 6,ENSG00000155754,ENST00000439140,2,5463,3.7374312005145827,False,True,C2CD6 [ENST00000439140],Human,data/coding_sequences/ENST00000439140_CDS.fasta,data/coding_sequences/ENST00000439140_REJ.N.fasta,data/coding_sequences/ENST00000439140_REJ.C.fasta
1550,C3,complement C3,ENSG00000125730,ENST00000245907,19,4992,3.6982745766743674,True,True,C3 [ENST00000245907],Human,data/coding_sequences/ENST00000245907_CDS.fasta,data/coding_sequences/ENST00000245907_REJ.N.fasta,data/coding_sequences/ENST00000245907_REJ.C.fasta
72535,C4A,complement C4A (Rodgers blood group),ENSG00000206340,ENST00000549812,CHR_HSCHR6_MHC_QBL_CTG1,5097,3.707314633588708,True,True,C4A [ENST00000549812],Human,data/coding_sequences/ENST00000549812_CDS.fasta,data/coding_sequences/ENST00000549812_REJ.N.fasta,data/coding_sequences/ENST00000549812_REJ.C.fasta
39037,C4A,complement C4A (Rodgers blood group),ENSG00000244731,ENST00000428956,6,5235,3.718916686014861,True,True,C4A [ENST00000428956],Human,data/coding_sequences/ENST00000428956_CDS.fasta,data/coding_sequences/ENST00000428956_REJ.N.fasta,data/coding_sequences/ENST00000428956_REJ.C.fasta
57409,C4A,complement C4A (Rodgers blood group),ENSG00000244731,ENST00000498271,6,5097,3.707314633588708,True,True,C4A [ENST00000498271],Human,data/coding_sequences/ENST00000498271_CDS.fasta,data/coding_sequences/ENST00000498271_REJ.N.fasta,data/coding_sequences/ENST00000498271_REJ.C.fasta
72812,C4A,complement C4A (Rodgers blood group),ENSG00000227746,ENST00000550297,CHR_HSCHR6_MHC_MCF_CTG1,5097,3.707314633588708,True,True,C4A [ENST00000550297],Human,data/coding_sequences/ENST00000550297_CDS.fasta,data/coding_sequences/ENST00000550297_REJ.N.fasta,data/coding_sequences/ENST00000550297_REJ.C.fasta
119199,C4A,complement C4A (Rodgers blood group),ENSG00000244731,ENST00000698442,6,4740,3.6757783416740852,True,True,C4A [ENST00000698442],Human,data/coding_sequences/ENST00000698442_CDS.fasta,data/coding_sequences/ENST00000698442_REJ.N.fasta,data/coding_sequences/ENST00000698442_REJ.C.fasta
73122,C4A,complement C4A (Rodgers blood group),ENSG00000244207,ENST00000546746,CHR_HSCHR6_MHC_DBB_CTG1,5097,3.707314633588708,True,True,C4A [ENST00000546746],Human,data/coding_sequences/ENST00000546746_CDS.fasta,data/coding_sequences/ENST00000546746_REJ.N.fasta,data/coding_sequences/ENST00000546746_REJ.C.fasta
18582,C4A,complement C4A (Rodgers blood group),ENSG00000244207,ENST00000375295,CHR_HSCHR6_MHC_DBB_CTG1,5235,3.718916686014861,True,True,C4A [ENST00000375295],Human,data/coding_sequences/ENST00000375295_CDS.fasta,data/coding_sequences/ENST00000375295_REJ.N.fasta,data/coding_sequences/ENST00000375295_REJ.C.fasta
24705,C4A,complement C4A (Rodgers blood group),ENSG00000206340,ENST00000383325,CHR_HSCHR6_MHC_QBL_CTG1,5235,3.718916686014861,True,True,C4A [ENST00000383325],Human,data/coding_sequences/ENST00000383325_CDS.fasta,data/coding_sequences/ENST00000383325_REJ.N.fasta,data/coding_sequences/ENST00000383325_REJ.C.fasta
33054,C4A,complement C4A (Rodgers blood group),ENSG00000227746,ENST00000421274,CHR_HSCHR6_MHC_MCF_CTG1,5235,3.718916686014861,True,True,C4A [ENST00000421274],Human,data/coding_sequences/ENST00000421274_CDS.fasta,data/coding_sequences/ENST00000421274_REJ.N.fasta,data/coding_sequences/ENST00000421274_REJ.C.fasta
72697,C4B,complement C4B (Chido blood group),ENSG00000228454,ENST00000548301,CHR_HSCHR6_MHC_SSTO_CTG1,5097,3.707314633588708,True,True,C4B [ENST00000548301],Human,data/coding_sequences/ENST00000548301_CDS.fasta,data/coding_sequences/ENST00000548301_REJ.N.fasta,data/coding_sequences/ENST00000548301_REJ.C.fasta
32742,C4B,complement C4B (Chido blood group),ENSG00000228267,ENST00000411583,CHR_HSCHR6_MHC_COX_CTG1,5235,3.718916686014861,True,True,C4B [ENST00000411583],Human,data/coding_sequences/ENST00000411583_CDS.fasta,data/coding_sequences/ENST00000411583_REJ.N.fasta,data/coding_sequences/ENST00000411583_REJ.C.fasta
46746,C4B,complement C4B (Chido blood group),ENSG00000236625,ENST00000449788,CHR_HSCHR6_MHC_DBB_CTG1,5235,3.718916686014861,True,True,C4B [ENST00000449788],Human,data/coding_sequences/ENST00000449788_CDS.fasta,data/coding_sequences/ENST00000449788_REJ.N.fasta,data/coding_sequences/ENST00000449788_REJ.C.fasta
71813,C4B,complement C4B (Chido blood group),ENSG00000236625,ENST00000546399,CHR_HSCHR6_MHC_DBB_CTG1,5097,3.707314633588708,True,True,C4B [ENST00000546399],Human,data/coding_sequences/ENST00000546399_CDS.fasta,data/coding_sequences/ENST00000546399_REJ.N.fasta,data/coding_sequences/ENST00000546399_REJ.C.fasta
37614,C4B,complement C4B (Chido blood group),ENSG00000224389,ENST00000425700,6,5097,3.707314633588708,True,True,C4B [ENST00000425700],Human,data/coding_sequences/ENST00000425700_CDS.fasta,data/coding_sequences/ENST00000425700_REJ.N.fasta,data/coding_sequences/ENST00000425700_REJ.C.fasta
72369,C4B,complement C4B (Chido blood group),ENSG00000228267,ENST00000548530,CHR_HSCHR6_MHC_COX_CTG1,5097,3.707314633588708,True,True,C4B [ENST00000548530],Human,data/coding_sequences/ENST00000548530_CDS.fasta,data/coding_sequences/ENST00000548530_REJ.N.fasta,data/coding_sequences/ENST00000548530_REJ.C.fasta
20119,C4B,complement C4B (Chido blood group),ENSG00000228454,ENST00000375177,CHR_HSCHR6_MHC_SSTO_CTG1,5235,3.718916686014861,True,True,C4B [ENST00000375177],Human,data/coding_sequences/ENST00000375177_CDS.fasta,data/coding_sequences/ENST00000375177_REJ.N.fasta,data/coding_sequences/ENST00000375177_REJ.C.fasta
42339,C4B,complement C4B (Chido blood group),ENSG00000224389,ENST00000435363,6,5235,3.718916686014861,True,True,C4B [ENST00000435363],Human,data/coding_sequences/ENST00000435363_CDS.fasta,data/coding_sequences/ENST00000435363_REJ.N.fasta,data/coding_sequences/ENST00000435363_REJ.C.fasta
40931,C4B_2,"complement component 4B (Chido blood group), copy 2",ENSG00000233312,ENST00000435500,CHR_HSCHR6_MHC_SSTO_CTG1,5235,3.718916686014861,False,True,C4B_2 [ENST00000435500],Human,data/coding_sequences/ENST00000435500_CDS.fasta,data/coding_sequences/ENST00000435500_REJ.N.fasta,data/coding_sequences/ENST00000435500_REJ.C.fasta
70530,C4B_2,"complement component 4B (Chido blood group), copy 2",ENSG00000233312,ENST00000552464,CHR_HSCHR6_MHC_SSTO_CTG1,5097,3.707314633588708,False,True,C4B_2 [ENST00000552464],Human,data/coding_sequences/ENST00000552464_CDS.fasta,data/coding_sequences/ENST00000552464_REJ.N.fasta,data/coding_sequences/ENST00000552464_REJ.C.fasta
68963,C4orf50,chromosome 4 open reading frame 50,ENSG00000181215,ENST00000531445,4,4527,3.655810494495252,False,True,C4orf50 [ENST00000531445],Human,data/coding_sequences/ENST00000531445_CDS.fasta,data/coding_sequences/ENST00000531445_REJ.N.fasta,data/coding_sequences/ENST00000531445_REJ.C.fasta
60380,C4orf54,chromosome 4 open reading frame 54,ENSG00000248713,ENST00000511828,4,5382,3.7309436934277356,False,True,C4orf54 [ENST00000511828],Human,data/coding_sequences/ENST00000511828_CDS.fasta,data/coding_sequences/ENST00000511828_REJ.N.fasta,data/coding_sequences/ENST00000511828_REJ.C.fasta
116321,C5,complement C5,ENSG00000106804,ENST00000696281,9,5049,3.7032053706954864,True,True,C5 [ENST00000696281],Human,data/coding_sequences/ENST00000696281_CDS.fasta,data/coding_sequences/ENST00000696281_REJ.N.fasta,data/coding_sequences/ENST00000696281_REJ.C.fasta
1074,C5,complement C5,ENSG00000106804,ENST00000223642,9,5031,3.7016543173257483,True,True,C5 [ENST00000223642],Human,data/coding_sequences/ENST00000223642_CDS.fasta,data/coding_sequences/ENST00000223642_REJ.N.fasta,data/coding_sequences/ENST00000223642_REJ.C.fasta
2612,CABIN1,calcineurin binding protein 1,ENSG00000099991,ENST00000263119,22,6663,3.8236698132681366,False,True,CABIN1 [ENST00000263119],Human,data/coding_sequences/ENST00000263119_CDS.fasta,data/coding_sequences/ENST00000263119_REJ.N.fasta,data/coding_sequences/ENST00000263119_REJ.C.fasta
27580,CABIN1,calcineurin binding protein 1,ENSG00000099991,ENST00000405822,22,6426,3.807940721215499,False,True,CABIN1 [ENST00000405822],Human,data/coding_sequences/ENST00000405822_CDS.fasta,data/coding_sequences/ENST00000405822_REJ.N.fasta,data/coding_sequences/ENST00000405822_REJ.C.fasta
93081,CABIN1,calcineurin binding protein 1,ENSG00000099991,ENST00000617531,22,6513,3.8137810781740824,False,True,CABIN1 [ENST00000617531],Human,data/coding_sequences/ENST00000617531_CDS.fasta,data/coding_sequences/ENST00000617531_REJ.N.fasta,data/coding_sequences/ENST00000617531_REJ.C.fasta
27926,CABIN1,calcineurin binding protein 1,ENSG00000099991,ENST00000398319,22,6663,3.8236698132681366,False,True,CABIN1 [ENST00000398319],Human,data/coding_sequences/ENST00000398319_CDS.fasta,data/coding_sequences/ENST00000398319_REJ.N.fasta,data/coding_sequences/ENST00000398319_REJ.C.fasta
101097,CACNA1A,calcium voltage-gated channel subunit alpha1 A,ENSG00000141837,ENST00000637769,19,7524,3.876448786878341,True,True,CACNA1A [ENST00000637769],Human,data/coding_sequences/ENST00000637769_CDS.fasta,data/coding_sequences/ENST00000637769_REJ.N.fasta,data/coding_sequences/ENST00000637769_REJ.C.fasta
101443,CACNA1A,calcium voltage-gated channel subunit alpha1 A,ENSG00000141837,ENST00000637432,19,6801,3.83257277484618,True,True,CACNA1A [ENST00000637432],Human,data/coding_sequences/ENST00000637432_CDS.fasta,data/coding_sequences/ENST00000637432_REJ.N.fasta,data/coding_sequences/ENST00000637432_REJ.C.fasta
98982,CACNA1A,calcium voltage-gated channel subunit alpha1 A,ENSG00000141837,ENST00000635727,19,7524,3.876448786878341,True,True,CACNA1A [ENST00000635727],Human,data/coding_sequences/ENST00000635727_CDS.fasta,data/coding_sequences/ENST00000635727_REJ.N.fasta,data/coding_sequences/ENST00000635727_REJ.C.fasta
99675,CACNA1A,calcium voltage-gated channel subunit alpha1 A,ENSG00000141837,ENST00000636012,19,7488,3.874365835730049,True,True,CACNA1A [ENST00000636012],Human,data/coding_sequences/ENST00000636012_CDS.fasta,data/coding_sequences/ENST00000636012_REJ.N.fasta,data/coding_sequences/ENST00000636012_REJ.C.fasta
101402,CACNA1A,calcium voltage-gated channel subunit alpha1 A,ENSG00000141837,ENST00000637276,19,6750,3.829303772831025,True,True,CACNA1A [ENST00000637276],Human,data/coding_sequences/ENST00000637276_CDS.fasta,data/coding_sequences/ENST00000637276_REJ.N.fasta,data/coding_sequences/ENST00000637276_REJ.C.fasta
79302,CACNA1A,calcium voltage-gated channel subunit alpha1 A,ENSG00000141837,ENST00000573710,19,7527,3.876621916034273,True,True,CACNA1A [ENST00000573710],Human,data/coding_sequences/ENST00000573710_CDS.fasta,data/coding_sequences/ENST00000573710_REJ.N.fasta,data/coding_sequences/ENST00000573710_REJ.C.fasta
98398,CACNA1A,calcium voltage-gated channel subunit alpha1 A,ENSG00000141837,ENST00000636549,19,6792,3.831997677235896,True,True,CACNA1A [ENST00000636549],Human,data/coding_sequences/ENST00000636549_CDS.fasta,data/coding_sequences/ENST00000636549_REJ.N.fasta,data/coding_sequences/ENST00000636549_REJ.C.fasta
99813,CACNA1A,calcium voltage-gated channel subunit alpha1 A,ENSG00000141837,ENST00000638009,19,6786,3.831613855309099,True,True,CACNA1A [ENST00000638009],Human,data/coding_sequences/ENST00000638009_CDS.fasta,data/coding_sequences/ENST00000638009_REJ.N.fasta,data/coding_sequences/ENST00000638009_REJ.C.fasta
98365,CACNA1A,calcium voltage-gated channel subunit alpha1 A,ENSG00000141837,ENST00000635895,19,6786,3.831613855309099,True,True,CACNA1A [ENST00000635895],Human,data/coding_sequences/ENST00000635895_CDS.fasta,data/coding_sequences/ENST00000635895_REJ.N.fasta,data/coding_sequences/ENST00000635895_REJ.C.fasta
99417,CACNA1A,calcium voltage-gated channel subunit alpha1 A,ENSG00000141837,ENST00000637927,19,6789,3.831805808674391,True,True,CACNA1A [ENST00000637927],Human,data/coding_sequences/ENST00000637927_CDS.fasta,data/coding_sequences/ENST00000637927_REJ.N.fasta,data/coding_sequences/ENST00000637927_REJ.C.fasta
100340,CACNA1A,calcium voltage-gated channel subunit alpha1 A,ENSG00000141837,ENST00000636389,19,6909,3.8394151926838935,True,True,CACNA1A [ENST00000636389],Human,data/coding_sequences/ENST00000636389_CDS.fasta,data/coding_sequences/ENST00000636389_REJ.N.fasta,data/coding_sequences/ENST00000636389_REJ.C.fasta
15590,CACNA1A,calcium voltage-gated channel subunit alpha1 A,ENSG00000141837,ENST00000360228,19,7521,3.876275588677879,True,True,CACNA1A [ENST00000360228],Human,data/coding_sequences/ENST00000360228_CDS.fasta,data/coding_sequences/ENST00000360228_REJ.N.fasta,data/coding_sequences/ENST00000360228_REJ.C.fasta
100789,CACNA1A,calcium voltage-gated channel subunit alpha1 A,ENSG00000141837,ENST00000637736,19,7383,3.868232868422465,True,True,CACNA1A [ENST00000637736],Human,data/coding_sequences/ENST00000637736_CDS.fasta,data/coding_sequences/ENST00000637736_REJ.N.fasta,data/coding_sequences/ENST00000637736_REJ.C.fasta
106859,CACNA1A,calcium voltage-gated channel subunit alpha1 A,ENSG00000141837,ENST00000664864,19,6987,3.844290743254343,True,True,CACNA1A [ENST00000664864],Human,data/coding_sequences/ENST00000664864_CDS.fasta,data/coding_sequences/ENST00000664864_REJ.N.fasta,data/coding_sequences/ENST00000664864_REJ.C.fasta
100538,CACNA1A,calcium voltage-gated channel subunit alpha1 A,ENSG00000141837,ENST00000638029,19,7539,3.8773137433122384,True,True,CACNA1A [ENST00000638029],Human,data/coding_sequences/ENST00000638029_CDS.fasta,data/coding_sequences/ENST00000638029_REJ.N.fasta,data/coding_sequences/ENST00000638029_REJ.C.fasta
4642,CACNA1B,calcium voltage-gated channel subunit alpha1 B,ENSG00000148408,ENST00000277551,9,6714,3.826981336911994,True,True,CACNA1B [ENST00000277551],Human,data/coding_sequences/ENST00000277551_CDS.fasta,data/coding_sequences/ENST00000277551_REJ.N.fasta,data/coding_sequences/ENST00000277551_REJ.C.fasta
21674,CACNA1B,calcium voltage-gated channel subunit alpha1 B,ENSG00000148408,ENST00000371372,9,7020,3.846337112129805,True,True,CACNA1B [ENST00000371372],Human,data/coding_sequences/ENST00000371372_CDS.fasta,data/coding_sequences/ENST00000371372_REJ.N.fasta,data/coding_sequences/ENST00000371372_REJ.C.fasta
19877,CACNA1B,calcium voltage-gated channel subunit alpha1 B,ENSG00000148408,ENST00000371357,9,7017,3.8461514765288154,True,True,CACNA1B [ENST00000371357],Human,data/coding_sequences/ENST00000371357_CDS.fasta,data/coding_sequences/ENST00000371357_REJ.N.fasta,data/coding_sequences/ENST00000371357_REJ.C.fasta
19416,CACNA1B,calcium voltage-gated channel subunit alpha1 B,ENSG00000148408,ENST00000371363,9,7014,3.8459657615454836,True,True,CACNA1B [ENST00000371363],Human,data/coding_sequences/ENST00000371363_CDS.fasta,data/coding_sequences/ENST00000371363_REJ.N.fasta,data/coding_sequences/ENST00000371363_REJ.C.fasta
29976,CACNA1C,calcium voltage-gated channel subunit alpha1 C,ENSG00000151067,ENST00000406454,12,6630,3.821513528404773,True,True,CACNA1C [ENST00000406454],Human,data/coding_sequences/ENST00000406454_CDS.fasta,data/coding_sequences/ENST00000406454_REJ.N.fasta,data/coding_sequences/ENST00000406454_REJ.C.fasta
104119,CACNA1C,calcium voltage-gated channel subunit alpha1 C,ENSG00000285479,ENST00000644048,CHR_HG1815_PATCH,6501,3.8129801660394804,True,True,CACNA1C [ENST00000644048],Human,data/coding_sequences/ENST00000644048_CDS.fasta,data/coding_sequences/ENST00000644048_REJ.N.fasta,data/coding_sequences/ENST00000644048_REJ.C.fasta
30405,CACNA1C,calcium voltage-gated channel subunit alpha1 C,ENSG00000151067,ENST00000399606,12,6477,3.811373897053893,True,True,CACNA1C [ENST00000399606],Human,data/coding_sequences/ENST00000399606_CDS.fasta,data/coding_sequences/ENST00000399606_REJ.N.fasta,data/coding_sequences/ENST00000399606_REJ.C.fasta
103394,CACNA1C,calcium voltage-gated channel subunit alpha1 C,ENSG00000285479,ENST00000644691,CHR_HG1815_PATCH,6477,3.811373897053893,True,True,CACNA1C [ENST00000644691],Human,data/coding_sequences/ENST00000644691_CDS.fasta,data/coding_sequences/ENST00000644691_REJ.N.fasta,data/coding_sequences/ENST00000644691_REJ.C.fasta
104513,CACNA1C,calcium voltage-gated channel subunit alpha1 C,ENSG00000285479,ENST00000643730,CHR_HG1815_PATCH,6630,3.821513528404773,True,True,CACNA1C [ENST00000643730],Human,data/coding_sequences/ENST00000643730_CDS.fasta,data/coding_sequences/ENST00000643730_REJ.N.fasta,data/coding_sequences/ENST00000643730_REJ.C.fasta
104309,CACNA1C,calcium voltage-gated channel subunit alpha1 C,ENSG00000285479,ENST00000647229,CHR_HG1815_PATCH,6492,3.8123785111541943,True,True,CACNA1C [ENST00000647229],Human,data/coding_sequences/ENST00000647229_CDS.fasta,data/coding_sequences/ENST00000647229_REJ.N.fasta,data/coding_sequences/ENST00000647229_REJ.C.fasta
10844,CACNA1C,calcium voltage-gated channel subunit alpha1 C,ENSG00000151067,ENST00000335762,12,6492,3.8123785111541943,True,True,CACNA1C [ENST00000335762],Human,data/coding_sequences/ENST00000335762_CDS.fasta,data/coding_sequences/ENST00000335762_REJ.N.fasta,data/coding_sequences/ENST00000335762_REJ.C.fasta
115393,CACNA1C,calcium voltage-gated channel subunit alpha1 C,ENSG00000151067,ENST00000683840,12,6507,3.8133808067338557,True,True,CACNA1C [ENST00000683840],Human,data/coding_sequences/ENST00000683840_CDS.fasta,data/coding_sequences/ENST00000683840_REJ.N.fasta,data/coding_sequences/ENST00000683840_REJ.C.fasta
115250,CACNA1C,calcium voltage-gated channel subunit alpha1 C,ENSG00000151067,ENST00000683956,12,6507,3.8133808067338557,True,True,CACNA1C [ENST00000683956],Human,data/coding_sequences/ENST00000683956_CDS.fasta,data/coding_sequences/ENST00000683956_REJ.N.fasta,data/coding_sequences/ENST00000683956_REJ.C.fasta
112168,CACNA1C,calcium voltage-gated channel subunit alpha1 C,ENSG00000151067,ENST00000682462,12,6507,3.8133808067338557,True,True,CACNA1C [ENST00000682462],Human,data/coding_sequences/ENST00000682462_CDS.fasta,data/coding_sequences/ENST00000682462_REJ.N.fasta,data/coding_sequences/ENST00000682462_REJ.C.fasta
103187,CACNA1C,calcium voltage-gated channel subunit alpha1 C,ENSG00000285479,ENST00000643528,CHR_HG1815_PATCH,6630,3.821513528404773,True,True,CACNA1C [ENST00000643528],Human,data/coding_sequences/ENST00000643528_CDS.fasta,data/coding_sequences/ENST00000643528_REJ.N.fasta,data/coding_sequences/ENST00000643528_REJ.C.fasta
103134,CACNA1C,calcium voltage-gated channel subunit alpha1 C,ENSG00000285479,ENST00000645965,CHR_HG1815_PATCH,6474,3.811172695066554,True,True,CACNA1C [ENST00000645965],Human,data/coding_sequences/ENST00000645965_CDS.fasta,data/coding_sequences/ENST00000645965_REJ.N.fasta,data/coding_sequences/ENST00000645965_REJ.C.fasta
102613,CACNA1C,calcium voltage-gated channel subunit alpha1 C,ENSG00000285479,ENST00000646280,CHR_HG1815_PATCH,6522,3.814380794469938,True,True,CACNA1C [ENST00000646280],Human,data/coding_sequences/ENST00000646280_CDS.fasta,data/coding_sequences/ENST00000646280_REJ.N.fasta,data/coding_sequences/ENST00000646280_REJ.C.fasta
98975,CACNA1C,calcium voltage-gated channel subunit alpha1 C,ENSG00000285479,ENST00000642375,CHR_HG1815_PATCH,6522,3.814380794469938,True,True,CACNA1C [ENST00000642375],Human,data/coding_sequences/ENST00000642375_CDS.fasta,data/coding_sequences/ENST00000642375_REJ.N.fasta,data/coding_sequences/ENST00000642375_REJ.C.fasta
30894,CACNA1C,calcium voltage-gated channel subunit alpha1 C,ENSG00000151067,ENST00000399617,12,6522,3.814380794469938,True,True,CACNA1C [ENST00000399617],Human,data/coding_sequences/ENST00000399617_CDS.fasta,data/coding_sequences/ENST00000399617_REJ.N.fasta,data/coding_sequences/ENST00000399617_REJ.C.fasta
9688,CACNA1C,calcium voltage-gated channel subunit alpha1 C,ENSG00000151067,ENST00000327702,12,6522,3.814380794469938,True,True,CACNA1C [ENST00000327702],Human,data/coding_sequences/ENST00000327702_CDS.fasta,data/coding_sequences/ENST00000327702_REJ.N.fasta,data/coding_sequences/ENST00000327702_REJ.C.fasta
11950,CACNA1C,calcium voltage-gated channel subunit alpha1 C,ENSG00000151067,ENST00000344100,12,6540,3.815577748324267,True,True,CACNA1C [ENST00000344100],Human,data/coding_sequences/ENST00000344100_CDS.fasta,data/coding_sequences/ENST00000344100_REJ.N.fasta,data/coding_sequences/ENST00000344100_REJ.C.fasta
103639,CACNA1C,calcium voltage-gated channel subunit alpha1 C,ENSG00000285479,ENST00000643858,CHR_HG1815_PATCH,6540,3.815577748324267,True,True,CACNA1C [ENST00000643858],Human,data/coding_sequences/ENST00000643858_CDS.fasta,data/coding_sequences/ENST00000643858_REJ.N.fasta,data/coding_sequences/ENST00000643858_REJ.C.fasta
14285,CACNA1C,calcium voltage-gated channel subunit alpha1 C,ENSG00000151067,ENST00000347598,12,6561,3.8169700377572995,True,True,CACNA1C [ENST00000347598],Human,data/coding_sequences/ENST00000347598_CDS.fasta,data/coding_sequences/ENST00000347598_REJ.N.fasta,data/coding_sequences/ENST00000347598_REJ.C.fasta
102969,CACNA1C,calcium voltage-gated channel subunit alpha1 C,ENSG00000285479,ENST00000643038,CHR_HG1815_PATCH,6561,3.8169700377572995,True,True,CACNA1C [ENST00000643038],Human,data/coding_sequences/ENST00000643038_CDS.fasta,data/coding_sequences/ENST00000643038_REJ.N.fasta,data/coding_sequences/ENST00000643038_REJ.C.fasta
115796,CACNA1C,calcium voltage-gated channel subunit alpha1 C,ENSG00000151067,ENST00000683824,12,6582,3.8183578779583547,True,True,CACNA1C [ENST00000683824],Human,data/coding_sequences/ENST00000683824_CDS.fasta,data/coding_sequences/ENST00000683824_REJ.N.fasta,data/coding_sequences/ENST00000683824_REJ.C.fasta
27848,CACNA1C,calcium voltage-gated channel subunit alpha1 C,ENSG00000151067,ENST00000399634,12,6597,3.819346484080453,True,True,CACNA1C [ENST00000399634],Human,data/coding_sequences/ENST00000399634_CDS.fasta,data/coding_sequences/ENST00000399634_REJ.N.fasta,data/coding_sequences/ENST00000399634_REJ.C.fasta
115205,CACNA1C,calcium voltage-gated channel subunit alpha1 C,ENSG00000151067,ENST00000683781,12,6507,3.8133808067338557,True,True,CACNA1C [ENST00000683781],Human,data/coding_sequences/ENST00000683781_CDS.fasta,data/coding_sequences/ENST00000683781_REJ.N.fasta,data/coding_sequences/ENST00000683781_REJ.C.fasta
103663,CACNA1C,calcium voltage-gated channel subunit alpha1 C,ENSG00000285479,ENST00000647062,CHR_HG1815_PATCH,6474,3.811172695066554,True,True,CACNA1C [ENST00000647062],Human,data/coding_sequences/ENST00000647062_CDS.fasta,data/coding_sequences/ENST00000647062_REJ.N.fasta,data/coding_sequences/ENST00000647062_REJ.C.fasta
28260,CACNA1C,calcium voltage-gated channel subunit alpha1 C,ENSG00000151067,ENST00000399638,12,6501,3.8129801660394804,True,True,CACNA1C [ENST00000399638],Human,data/coding_sequences/ENST00000399638_CDS.fasta,data/coding_sequences/ENST00000399638_REJ.N.fasta,data/coding_sequences/ENST00000399638_REJ.C.fasta
112021,CACNA1C,calcium voltage-gated channel subunit alpha1 C,ENSG00000151067,ENST00000682544,12,6756,3.829689640898971,True,True,CACNA1C [ENST00000682544],Human,data/coding_sequences/ENST00000682544_CDS.fasta,data/coding_sequences/ENST00000682544_REJ.N.fasta,data/coding_sequences/ENST00000682544_REJ.C.fasta
112784,CACNA1C,calcium voltage-gated channel subunit alpha1 C,ENSG00000151067,ENST00000682686,12,6384,3.805092878342673,True,True,CACNA1C [ENST00000682686],Human,data/coding_sequences/ENST00000682686_CDS.fasta,data/coding_sequences/ENST00000682686_REJ.N.fasta,data/coding_sequences/ENST00000682686_REJ.C.fasta
112259,CACNA1C,calcium voltage-gated channel subunit alpha1 C,ENSG00000151067,ENST00000683482,12,6408,3.8067225030761813,True,True,CACNA1C [ENST00000683482],Human,data/coding_sequences/ENST00000683482_CDS.fasta,data/coding_sequences/ENST00000683482_REJ.N.fasta,data/coding_sequences/ENST00000683482_REJ.C.fasta
28449,CACNA1C,calcium voltage-gated channel subunit alpha1 C,ENSG00000151067,ENST00000399641,12,6417,3.8073320392911905,True,True,CACNA1C [ENST00000399641],Human,data/coding_sequences/ENST00000399641_CDS.fasta,data/coding_sequences/ENST00000399641_REJ.N.fasta,data/coding_sequences/ENST00000399641_REJ.C.fasta
28777,CACNA1C,calcium voltage-gated channel subunit alpha1 C,ENSG00000151067,ENST00000399655,12,6417,3.8073320392911905,True,True,CACNA1C [ENST00000399655],Human,data/coding_sequences/ENST00000399655_CDS.fasta,data/coding_sequences/ENST00000399655_REJ.N.fasta,data/coding_sequences/ENST00000399655_REJ.C.fasta
30430,CACNA1C,calcium voltage-gated channel subunit alpha1 C,ENSG00000151067,ENST00000399601,12,6417,3.8073320392911905,True,True,CACNA1C [ENST00000399601],Human,data/coding_sequences/ENST00000399601_CDS.fasta,data/coding_sequences/ENST00000399601_REJ.N.fasta,data/coding_sequences/ENST00000399601_REJ.C.fasta
103516,CACNA1C,calcium voltage-gated channel subunit alpha1 C,ENSG00000285479,ENST00000647327,CHR_HG1815_PATCH,6417,3.8073320392911905,True,True,CACNA1C [ENST00000647327],Human,data/coding_sequences/ENST00000647327_CDS.fasta,data/coding_sequences/ENST00000647327_REJ.N.fasta,data/coding_sequences/ENST00000647327_REJ.C.fasta
102278,CACNA1C,calcium voltage-gated channel subunit alpha1 C,ENSG00000285479,ENST00000644369,CHR_HG1815_PATCH,6417,3.8073320392911905,True,True,CACNA1C [ENST00000644369],Human,data/coding_sequences/ENST00000644369_CDS.fasta,data/coding_sequences/ENST00000644369_REJ.N.fasta,data/coding_sequences/ENST00000644369_REJ.C.fasta
26887,CACNA1C,calcium voltage-gated channel subunit alpha1 C,ENSG00000151067,ENST00000399644,12,6417,3.8073320392911905,True,True,CACNA1C [ENST00000399644],Human,data/coding_sequences/ENST00000399644_CDS.fasta,data/coding_sequences/ENST00000399644_REJ.N.fasta,data/coding_sequences/ENST00000399644_REJ.C.fasta
30038,CACNA1C,calcium voltage-gated channel subunit alpha1 C,ENSG00000151067,ENST00000399597,12,6417,3.8073320392911905,True,True,CACNA1C [ENST00000399597],Human,data/coding_sequences/ENST00000399597_CDS.fasta,data/coding_sequences/ENST00000399597_REJ.N.fasta,data/coding_sequences/ENST00000399597_REJ.C.fasta
113818,CACNA1C,calcium voltage-gated channel subunit alpha1 C,ENSG00000151067,ENST00000682835,12,6417,3.8073320392911905,True,True,CACNA1C [ENST00000682835],Human,data/coding_sequences/ENST00000682835_CDS.fasta,data/coding_sequences/ENST00000682835_REJ.N.fasta,data/coding_sequences/ENST00000682835_REJ.C.fasta
102664,CACNA1C,calcium voltage-gated channel subunit alpha1 C,ENSG00000285479,ENST00000643138,CHR_HG1815_PATCH,6417,3.8073320392911905,True,True,CACNA1C [ENST00000643138],Human,data/coding_sequences/ENST00000643138_CDS.fasta,data/coding_sequences/ENST00000643138_REJ.N.fasta,data/coding_sequences/ENST00000643138_REJ.C.fasta
104295,CACNA1C,calcium voltage-gated channel subunit alpha1 C,ENSG00000285479,ENST00000644660,CHR_HG1815_PATCH,6417,3.8073320392911905,True,True,CACNA1C [ENST00000644660],Human,data/coding_sequences/ENST00000644660_CDS.fasta,data/coding_sequences/ENST00000644660_REJ.N.fasta,data/coding_sequences/ENST00000644660_REJ.C.fasta
27766,CACNA1C,calcium voltage-gated channel subunit alpha1 C,ENSG00000151067,ENST00000402845,12,6474,3.811172695066554,True,True,CACNA1C [ENST00000402845],Human,data/coding_sequences/ENST00000402845_CDS.fasta,data/coding_sequences/ENST00000402845_REJ.N.fasta,data/coding_sequences/ENST00000402845_REJ.C.fasta
102301,CACNA1C,calcium voltage-gated channel subunit alpha1 C,ENSG00000285479,ENST00000644235,CHR_HG1815_PATCH,6417,3.8073320392911905,True,True,CACNA1C [ENST00000644235],Human,data/coding_sequences/ENST00000644235_CDS.fasta,data/coding_sequences/ENST00000644235_REJ.N.fasta,data/coding_sequences/ENST00000644235_REJ.C.fasta
104441,CACNA1C,calcium voltage-gated channel subunit alpha1 C,ENSG00000285479,ENST00000646257,CHR_HG1815_PATCH,6417,3.8073320392911905,True,True,CACNA1C [ENST00000646257],Human,data/coding_sequences/ENST00000646257_CDS.fasta,data/coding_sequences/ENST00000646257_REJ.N.fasta,data/coding_sequences/ENST00000646257_REJ.C.fasta
102406,CACNA1C,calcium voltage-gated channel subunit alpha1 C,ENSG00000285479,ENST00000643701,CHR_HG1815_PATCH,6435,3.8085485512404054,True,True,CACNA1C [ENST00000643701],Human,data/coding_sequences/ENST00000643701_CDS.fasta,data/coding_sequences/ENST00000643701_REJ.N.fasta,data/coding_sequences/ENST00000643701_REJ.C.fasta
28061,CACNA1C,calcium voltage-gated channel subunit alpha1 C,ENSG00000151067,ENST00000399621,12,6474,3.811172695066554,True,True,CACNA1C [ENST00000399621],Human,data/coding_sequences/ENST00000399621_CDS.fasta,data/coding_sequences/ENST00000399621_REJ.N.fasta,data/coding_sequences/ENST00000399621_REJ.C.fasta
29109,CACNA1C,calcium voltage-gated channel subunit alpha1 C,ENSG00000151067,ENST00000399637,12,6474,3.811172695066554,True,True,CACNA1C [ENST00000399637],Human,data/coding_sequences/ENST00000399637_CDS.fasta,data/coding_sequences/ENST00000399637_REJ.N.fasta,data/coding_sequences/ENST00000399637_REJ.C.fasta
102174,CACNA1C,calcium voltage-gated channel subunit alpha1 C,ENSG00000285479,ENST00000644891,CHR_HG1815_PATCH,6468,3.8107700112343634,True,True,CACNA1C [ENST00000644891],Human,data/coding_sequences/ENST00000644891_CDS.fasta,data/coding_sequences/ENST00000644891_REJ.N.fasta,data/coding_sequences/ENST00000644891_REJ.C.fasta
28510,CACNA1C,calcium voltage-gated channel subunit alpha1 C,ENSG00000151067,ENST00000399603,12,6417,3.8073320392911905,True,True,CACNA1C [ENST00000399603],Human,data/coding_sequences/ENST00000399603_CDS.fasta,data/coding_sequences/ENST00000399603_REJ.N.fasta,data/coding_sequences/ENST00000399603_REJ.C.fasta
112824,CACNA1C,calcium voltage-gated channel subunit alpha1 C,ENSG00000151067,ENST00000682336,12,6459,3.8101652845431495,True,True,CACNA1C [ENST00000682336],Human,data/coding_sequences/ENST00000682336_CDS.fasta,data/coding_sequences/ENST00000682336_REJ.N.fasta,data/coding_sequences/ENST00000682336_REJ.C.fasta
30267,CACNA1C,calcium voltage-gated channel subunit alpha1 C,ENSG00000151067,ENST00000399595,12,6441,3.808953299155911,True,True,CACNA1C [ENST00000399595],Human,data/coding_sequences/ENST00000399595_CDS.fasta,data/coding_sequences/ENST00000399595_REJ.N.fasta,data/coding_sequences/ENST00000399595_REJ.C.fasta
27947,CACNA1C,calcium voltage-gated channel subunit alpha1 C,ENSG00000151067,ENST00000399629,12,6468,3.8107700112343634,True,True,CACNA1C [ENST00000399629],Human,data/coding_sequences/ENST00000399629_CDS.fasta,data/coding_sequences/ENST00000399629_REJ.N.fasta,data/coding_sequences/ENST00000399629_REJ.C.fasta
102607,CACNA1C,calcium voltage-gated channel subunit alpha1 C,ENSG00000285479,ENST00000647521,CHR_HG1815_PATCH,6441,3.808953299155911,True,True,CACNA1C [ENST00000647521],Human,data/coding_sequences/ENST00000647521_CDS.fasta,data/coding_sequences/ENST00000647521_REJ.N.fasta,data/coding_sequences/ENST00000647521_REJ.C.fasta
28379,CACNA1C,calcium voltage-gated channel subunit alpha1 C,ENSG00000151067,ENST00000399591,12,6441,3.808953299155911,True,True,CACNA1C [ENST00000399591],Human,data/coding_sequences/ENST00000399591_CDS.fasta,data/coding_sequences/ENST00000399591_REJ.N.fasta,data/coding_sequences/ENST00000399591_REJ.C.fasta
28299,CACNA1C,calcium voltage-gated channel subunit alpha1 C,ENSG00000151067,ENST00000399649,12,6435,3.8085485512404054,True,True,CACNA1C [ENST00000399649],Human,data/coding_sequences/ENST00000399649_CDS.fasta,data/coding_sequences/ENST00000399649_REJ.N.fasta,data/coding_sequences/ENST00000399649_REJ.C.fasta
98859,CACNA1C,calcium voltage-gated channel subunit alpha1 C,ENSG00000285479,ENST00000642583,CHR_HG1815_PATCH,6441,3.808953299155911,True,True,CACNA1C [ENST00000642583],Human,data/coding_sequences/ENST00000642583_CDS.fasta,data/coding_sequences/ENST00000642583_REJ.N.fasta,data/coding_sequences/ENST00000642583_REJ.C.fasta
103758,CACNA1C,calcium voltage-gated channel subunit alpha1 C,ENSG00000285479,ENST00000645584,CHR_HG1815_PATCH,6474,3.811172695066554,True,True,CACNA1C [ENST00000645584],Human,data/coding_sequences/ENST00000645584_CDS.fasta,data/coding_sequences/ENST00000645584_REJ.N.fasta,data/coding_sequences/ENST00000645584_REJ.C.fasta
6896,CACNA1D,calcium voltage-gated channel subunit alpha1 D,ENSG00000157388,ENST00000288139,3,6546,3.8159760009719856,True,True,CACNA1D [ENST00000288139],Human,data/coding_sequences/ENST00000288139_CDS.fasta,data/coding_sequences/ENST00000288139_REJ.N.fasta,data/coding_sequences/ENST00000288139_REJ.C.fasta
51793,CACNA1D,calcium voltage-gated channel subunit alpha1 D,ENSG00000157388,ENST00000481478,3,6546,3.8159760009719856,True,True,CACNA1D [ENST00000481478],Human,data/coding_sequences/ENST00000481478_CDS.fasta,data/coding_sequences/ENST00000481478_REJ.N.fasta,data/coding_sequences/ENST00000481478_REJ.C.fasta
17627,CACNA1D,calcium voltage-gated channel subunit alpha1 D,ENSG00000157388,ENST00000350061,3,6486,3.811976944336954,True,True,CACNA1D [ENST00000350061],Human,data/coding_sequences/ENST00000350061_CDS.fasta,data/coding_sequences/ENST00000350061_REJ.N.fasta,data/coding_sequences/ENST00000350061_REJ.C.fasta
100301,CACNA1D,calcium voltage-gated channel subunit alpha1 D,ENSG00000157388,ENST00000636570,3,6441,3.808953299155911,True,True,CACNA1D [ENST00000636570],Human,data/coding_sequences/ENST00000636570_CDS.fasta,data/coding_sequences/ENST00000636570_REJ.N.fasta,data/coding_sequences/ENST00000636570_REJ.C.fasta
101180,CACNA1D,calcium voltage-gated channel subunit alpha1 D,ENSG00000157388,ENST00000636627,3,4878,3.688241795977712,True,True,CACNA1D [ENST00000636627],Human,data/coding_sequences/ENST00000636627_CDS.fasta,data/coding_sequences/ENST00000636627_REJ.N.fasta,data/coding_sequences/ENST00000636627_REJ.C.fasta
33361,CACNA1D,calcium voltage-gated channel subunit alpha1 D,ENSG00000157388,ENST00000422281,3,6414,3.8071289555924217,True,True,CACNA1D [ENST00000422281],Human,data/coding_sequences/ENST00000422281_CDS.fasta,data/coding_sequences/ENST00000422281_REJ.N.fasta,data/coding_sequences/ENST00000422281_REJ.C.fasta
99007,CACNA1D,calcium voltage-gated channel subunit alpha1 D,ENSG00000157388,ENST00000637424,3,6513,3.8137810781740824,True,True,CACNA1D [ENST00000637424],Human,data/coding_sequences/ENST00000637424_CDS.fasta,data/coding_sequences/ENST00000637424_REJ.N.fasta,data/coding_sequences/ENST00000637424_REJ.C.fasta
100466,CACNA1D,calcium voltage-gated channel subunit alpha1 D,ENSG00000157388,ENST00000636938,3,4944,3.6940784620807596,True,True,CACNA1D [ENST00000636938],Human,data/coding_sequences/ENST00000636938_CDS.fasta,data/coding_sequences/ENST00000636938_REJ.N.fasta,data/coding_sequences/ENST00000636938_REJ.C.fasta
98346,CACNA1D,calcium voltage-gated channel subunit alpha1 D,ENSG00000157388,ENST00000640483,3,4932,3.693023067923694,True,True,CACNA1D [ENST00000640483],Human,data/coding_sequences/ENST00000640483_CDS.fasta,data/coding_sequences/ENST00000640483_REJ.N.fasta,data/coding_sequences/ENST00000640483_REJ.C.fasta
15609,CACNA1E,calcium voltage-gated channel subunit alpha1 E,ENSG00000198216,ENST00000360108,1,6885,3.8379039445929424,True,True,CACNA1E [ENST00000360108],Human,data/coding_sequences/ENST00000360108_CDS.fasta,data/coding_sequences/ENST00000360108_REJ.N.fasta,data/coding_sequences/ENST00000360108_REJ.C.fasta
94011,CACNA1E,calcium voltage-gated channel subunit alpha1 E,ENSG00000198216,ENST00000621791,1,6756,3.829689640898971,True,True,CACNA1E [ENST00000621791],Human,data/coding_sequences/ENST00000621791_CDS.fasta,data/coding_sequences/ENST00000621791_REJ.N.fasta,data/coding_sequences/ENST00000621791_REJ.C.fasta
18911,CACNA1E,calcium voltage-gated channel subunit alpha1 E,ENSG00000198216,ENST00000367570,1,6813,3.8333383889393975,True,True,CACNA1E [ENST00000367570],Human,data/coding_sequences/ENST00000367570_CDS.fasta,data/coding_sequences/ENST00000367570_REJ.N.fasta,data/coding_sequences/ENST00000367570_REJ.C.fasta
21501,CACNA1E,calcium voltage-gated channel subunit alpha1 E,ENSG00000198216,ENST00000367573,1,6942,3.841484609335393,True,True,CACNA1E [ENST00000367573],Human,data/coding_sequences/ENST00000367573_CDS.fasta,data/coding_sequences/ENST00000367573_REJ.N.fasta,data/coding_sequences/ENST00000367573_REJ.C.fasta
13266,CACNA1F,calcium voltage-gated channel subunit alpha1 F,ENSG00000102001,ENST00000323022,X,5901,3.7709256146389993,True,True,CACNA1F [ENST00000323022],Human,data/coding_sequences/ENST00000323022_CDS.fasta,data/coding_sequences/ENST00000323022_REJ.N.fasta,data/coding_sequences/ENST00000323022_REJ.C.fasta
18420,CACNA1F,calcium voltage-gated channel subunit alpha1 F,ENSG00000102001,ENST00000376265,X,5934,3.773347541980823,True,True,CACNA1F [ENST00000376265],Human,data/coding_sequences/ENST00000376265_CDS.fasta,data/coding_sequences/ENST00000376265_REJ.N.fasta,data/coding_sequences/ENST00000376265_REJ.C.fasta
21234,CACNA1F,calcium voltage-gated channel subunit alpha1 F,ENSG00000102001,ENST00000376251,X,5739,3.7588362247469584,True,True,CACNA1F [ENST00000376251],Human,data/coding_sequences/ENST00000376251_CDS.fasta,data/coding_sequences/ENST00000376251_REJ.N.fasta,data/coding_sequences/ENST00000376251_REJ.C.fasta
60228,CACNA1G,calcium voltage-gated channel subunit alpha1 G,ENSG00000006283,ENST00000513964,17,6720,3.8273692730538253,True,True,CACNA1G [ENST00000513964],Human,data/coding_sequences/ENST00000513964_CDS.fasta,data/coding_sequences/ENST00000513964_REJ.N.fasta,data/coding_sequences/ENST00000513964_REJ.C.fasta
59858,CACNA1G,calcium voltage-gated channel subunit alpha1 G,ENSG00000006283,ENST00000515411,17,6945,3.841672250073634,True,True,CACNA1G [ENST00000515411],Human,data/coding_sequences/ENST00000515411_CDS.fasta,data/coding_sequences/ENST00000515411_REJ.N.fasta,data/coding_sequences/ENST00000515411_REJ.C.fasta
58554,CACNA1G,calcium voltage-gated channel subunit alpha1 G,ENSG00000006283,ENST00000515765,17,6966,3.8429834701222174,True,True,CACNA1G [ENST00000515765],Human,data/coding_sequences/ENST00000515765_CDS.fasta,data/coding_sequences/ENST00000515765_REJ.N.fasta,data/coding_sequences/ENST00000515765_REJ.C.fasta
57097,CACNA1G,calcium voltage-gated channel subunit alpha1 G,ENSG00000006283,ENST00000507896,17,6585,3.8185557792978027,True,True,CACNA1G [ENST00000507896],Human,data/coding_sequences/ENST00000507896_CDS.fasta,data/coding_sequences/ENST00000507896_REJ.N.fasta,data/coding_sequences/ENST00000507896_REJ.C.fasta
60195,CACNA1G,calcium voltage-gated channel subunit alpha1 G,ENSG00000006283,ENST00000511765,17,5277,3.7223870941771238,True,True,CACNA1G [ENST00000511765],Human,data/coding_sequences/ENST00000511765_CDS.fasta,data/coding_sequences/ENST00000511765_REJ.N.fasta,data/coding_sequences/ENST00000511765_REJ.C.fasta
58474,CACNA1G,calcium voltage-gated channel subunit alpha1 G,ENSG00000006283,ENST00000512389,17,6822,3.8339117150713786,True,True,CACNA1G [ENST00000512389],Human,data/coding_sequences/ENST00000512389_CDS.fasta,data/coding_sequences/ENST00000512389_REJ.N.fasta,data/coding_sequences/ENST00000512389_REJ.C.fasta
36631,CACNA1G,calcium voltage-gated channel subunit alpha1 G,ENSG00000006283,ENST00000429973,17,6801,3.83257277484618,True,True,CACNA1G [ENST00000429973],Human,data/coding_sequences/ENST00000429973_CDS.fasta,data/coding_sequences/ENST00000429973_REJ.N.fasta,data/coding_sequences/ENST00000429973_REJ.C.fasta
56245,CACNA1G,calcium voltage-gated channel subunit alpha1 G,ENSG00000006283,ENST00000502264,17,6921,3.8401688492407557,True,True,CACNA1G [ENST00000502264],Human,data/coding_sequences/ENST00000502264_CDS.fasta,data/coding_sequences/ENST00000502264_REJ.N.fasta,data/coding_sequences/ENST00000502264_REJ.C.fasta
56329,CACNA1G,calcium voltage-gated channel subunit alpha1 G,ENSG00000006283,ENST00000507609,17,6834,3.834674974462744,True,True,CACNA1G [ENST00000507609],Human,data/coding_sequences/ENST00000507609_CDS.fasta,data/coding_sequences/ENST00000507609_REJ.N.fasta,data/coding_sequences/ENST00000507609_REJ.C.fasta
16684,CACNA1G,calcium voltage-gated channel subunit alpha1 G,ENSG00000006283,ENST00000354983,17,7032,3.8470788620657155,True,True,CACNA1G [ENST00000354983],Human,data/coding_sequences/ENST00000354983_CDS.fasta,data/coding_sequences/ENST00000354983_REJ.N.fasta,data/coding_sequences/ENST00000354983_REJ.C.fasta
56039,CACNA1G,calcium voltage-gated channel subunit alpha1 G,ENSG00000006283,ENST00000505165,17,6618,3.8207267628238344,True,True,CACNA1G [ENST00000505165],Human,data/coding_sequences/ENST00000505165_CDS.fasta,data/coding_sequences/ENST00000505165_REJ.N.fasta,data/coding_sequences/ENST00000505165_REJ.C.fasta
16719,CACNA1G,calcium voltage-gated channel subunit alpha1 G,ENSG00000006283,ENST00000359106,17,7134,3.8533331050023354,True,True,CACNA1G [ENST00000359106],Human,data/coding_sequences/ENST00000359106_CDS.fasta,data/coding_sequences/ENST00000359106_REJ.N.fasta,data/coding_sequences/ENST00000359106_REJ.C.fasta
14496,CACNA1G,calcium voltage-gated channel subunit alpha1 G,ENSG00000006283,ENST00000358244,17,6516,3.813981075636472,True,True,CACNA1G [ENST00000358244],Human,data/coding_sequences/ENST00000358244_CDS.fasta,data/coding_sequences/ENST00000358244_REJ.N.fasta,data/coding_sequences/ENST00000358244_REJ.C.fasta
61665,CACNA1G,calcium voltage-gated channel subunit alpha1 G,ENSG00000006283,ENST00000513689,17,6864,3.836577274840649,True,True,CACNA1G [ENST00000513689],Human,data/coding_sequences/ENST00000513689_CDS.fasta,data/coding_sequences/ENST00000513689_REJ.N.fasta,data/coding_sequences/ENST00000513689_REJ.C.fasta
40217,CACNA1G,calcium voltage-gated channel subunit alpha1 G,ENSG00000006283,ENST00000442258,17,6732,3.8281441073037863,True,True,CACNA1G [ENST00000442258],Human,data/coding_sequences/ENST00000442258_CDS.fasta,data/coding_sequences/ENST00000442258_REJ.N.fasta,data/coding_sequences/ENST00000442258_REJ.C.fasta
32898,CACNA1G,calcium voltage-gated channel subunit alpha1 G,ENSG00000006283,ENST00000416767,17,4668,3.6691308473733324,True,True,CACNA1G [ENST00000416767],Human,data/coding_sequences/ENST00000416767_CDS.fasta,data/coding_sequences/ENST00000416767_REJ.N.fasta,data/coding_sequences/ENST00000416767_REJ.C.fasta
59772,CACNA1G,calcium voltage-gated channel subunit alpha1 G,ENSG00000006283,ENST00000510366,17,6699,3.8260099777911005,True,True,CACNA1G [ENST00000510366],Human,data/coding_sequences/ENST00000510366_CDS.fasta,data/coding_sequences/ENST00000510366_REJ.N.fasta,data/coding_sequences/ENST00000510366_REJ.C.fasta
59207,CACNA1G,calcium voltage-gated channel subunit alpha1 G,ENSG00000006283,ENST00000515165,17,6855,3.8360074591255313,True,True,CACNA1G [ENST00000515165],Human,data/coding_sequences/ENST00000515165_CDS.fasta,data/coding_sequences/ENST00000515165_REJ.N.fasta,data/coding_sequences/ENST00000515165_REJ.C.fasta
58899,CACNA1G,calcium voltage-gated channel subunit alpha1 G,ENSG00000006283,ENST00000511768,17,5241,3.7194141597025934,True,True,CACNA1G [ENST00000511768],Human,data/coding_sequences/ENST00000511768_CDS.fasta,data/coding_sequences/ENST00000511768_REJ.N.fasta,data/coding_sequences/ENST00000511768_REJ.C.fasta
59318,CACNA1G,calcium voltage-gated channel subunit alpha1 G,ENSG00000006283,ENST00000514717,17,6684,3.8250364412213536,True,True,CACNA1G [ENST00000514717],Human,data/coding_sequences/ENST00000514717_CDS.fasta,data/coding_sequences/ENST00000514717_REJ.N.fasta,data/coding_sequences/ENST00000514717_REJ.C.fasta
55530,CACNA1G,calcium voltage-gated channel subunit alpha1 G,ENSG00000006283,ENST00000506406,17,5331,3.726808682524964,True,True,CACNA1G [ENST00000506406],Human,data/coding_sequences/ENST00000506406_CDS.fasta,data/coding_sequences/ENST00000506406_REJ.N.fasta,data/coding_sequences/ENST00000506406_REJ.C.fasta
56179,CACNA1G,calcium voltage-gated channel subunit alpha1 G,ENSG00000006283,ENST00000503485,17,6753,3.8294967497201826,True,True,CACNA1G [ENST00000503485],Human,data/coding_sequences/ENST00000503485_CDS.fasta,data/coding_sequences/ENST00000503485_REJ.N.fasta,data/coding_sequences/ENST00000503485_REJ.C.fasta
60223,CACNA1G,calcium voltage-gated channel subunit alpha1 G,ENSG00000006283,ENST00000510115,17,6897,3.8386602259889413,True,True,CACNA1G [ENST00000510115],Human,data/coding_sequences/ENST00000510115_CDS.fasta,data/coding_sequences/ENST00000510115_REJ.N.fasta,data/coding_sequences/ENST00000510115_REJ.C.fasta
57584,CACNA1G,calcium voltage-gated channel subunit alpha1 G,ENSG00000006283,ENST00000507510,17,6999,3.845035993513415,True,True,CACNA1G [ENST00000507510],Human,data/coding_sequences/ENST00000507510_CDS.fasta,data/coding_sequences/ENST00000507510_REJ.N.fasta,data/coding_sequences/ENST00000507510_REJ.C.fasta
56240,CACNA1G,calcium voltage-gated channel subunit alpha1 G,ENSG00000006283,ENST00000503436,17,5262,3.721150843749684,True,True,CACNA1G [ENST00000503436],Human,data/coding_sequences/ENST00000503436_CDS.fasta,data/coding_sequences/ENST00000503436_REJ.N.fasta,data/coding_sequences/ENST00000503436_REJ.C.fasta
17066,CACNA1G,calcium voltage-gated channel subunit alpha1 G,ENSG00000006283,ENST00000352832,17,6753,3.8294967497201826,True,True,CACNA1G [ENST00000352832],Human,data/coding_sequences/ENST00000352832_CDS.fasta,data/coding_sequences/ENST00000352832_REJ.N.fasta,data/coding_sequences/ENST00000352832_REJ.C.fasta
55706,CACNA1G,calcium voltage-gated channel subunit alpha1 G,ENSG00000006283,ENST00000503607,17,5208,3.7166709755601355,True,True,CACNA1G [ENST00000503607],Human,data/coding_sequences/ENST00000503607_CDS.fasta,data/coding_sequences/ENST00000503607_REJ.N.fasta,data/coding_sequences/ENST00000503607_REJ.C.fasta
55467,CACNA1G,calcium voltage-gated channel subunit alpha1 G,ENSG00000006283,ENST00000507336,17,7101,3.8513195126487454,True,True,CACNA1G [ENST00000507336],Human,data/coding_sequences/ENST00000507336_CDS.fasta,data/coding_sequences/ENST00000507336_REJ.N.fasta,data/coding_sequences/ENST00000507336_REJ.C.fasta
57252,CACNA1G,calcium voltage-gated channel subunit alpha1 G,ENSG00000006283,ENST00000504076,17,5298,3.7241119539612124,True,True,CACNA1G [ENST00000504076],Human,data/coding_sequences/ENST00000504076_CDS.fasta,data/coding_sequences/ENST00000504076_REJ.N.fasta,data/coding_sequences/ENST00000504076_REJ.C.fasta
58273,CACNA1G,calcium voltage-gated channel subunit alpha1 G,ENSG00000006283,ENST00000514181,17,6780,3.8312296938670634,True,True,CACNA1G [ENST00000514181],Human,data/coding_sequences/ENST00000514181_CDS.fasta,data/coding_sequences/ENST00000514181_REJ.N.fasta,data/coding_sequences/ENST00000514181_REJ.C.fasta
60617,CACNA1G,calcium voltage-gated channel subunit alpha1 G,ENSG00000006283,ENST00000514079,17,6876,3.837335868015015,True,True,CACNA1G [ENST00000514079],Human,data/coding_sequences/ENST00000514079_CDS.fasta,data/coding_sequences/ENST00000514079_REJ.N.fasta,data/coding_sequences/ENST00000514079_REJ.C.fasta
15159,CACNA1G,calcium voltage-gated channel subunit alpha1 G,ENSG00000006283,ENST00000360761,17,6786,3.831613855309099,True,True,CACNA1G [ENST00000360761],Human,data/coding_sequences/ENST00000360761_CDS.fasta,data/coding_sequences/ENST00000360761_REJ.N.fasta,data/coding_sequences/ENST00000360761_REJ.C.fasta
82219,CACNA1H,calcium voltage-gated channel subunit alpha1 H,ENSG00000196557,ENST00000565831,16,7044,3.847819347295239,True,True,CACNA1H [ENST00000565831],Human,data/coding_sequences/ENST00000565831_CDS.fasta,data/coding_sequences/ENST00000565831_REJ.N.fasta,data/coding_sequences/ENST00000565831_REJ.C.fasta
14315,CACNA1H,calcium voltage-gated channel subunit alpha1 H,ENSG00000196557,ENST00000348261,16,7062,3.8489277132270785,True,True,CACNA1H [ENST00000348261],Human,data/coding_sequences/ENST00000348261_CDS.fasta,data/coding_sequences/ENST00000348261_REJ.N.fasta,data/coding_sequences/ENST00000348261_REJ.C.fasta
100999,CACNA1H,calcium voltage-gated channel subunit alpha1 H,ENSG00000196557,ENST00000639478,16,4857,3.6863681034730362,True,True,CACNA1H [ENST00000639478],Human,data/coding_sequences/ENST00000639478_CDS.fasta,data/coding_sequences/ENST00000639478_REJ.N.fasta,data/coding_sequences/ENST00000639478_REJ.C.fasta
16755,CACNA1H,calcium voltage-gated channel subunit alpha1 H,ENSG00000196557,ENST00000358590,16,7044,3.847819347295239,True,True,CACNA1H [ENST00000358590],Human,data/coding_sequences/ENST00000358590_CDS.fasta,data/coding_sequences/ENST00000358590_REJ.N.fasta,data/coding_sequences/ENST00000358590_REJ.C.fasta
100437,CACNA1H,calcium voltage-gated channel subunit alpha1 H,ENSG00000196557,ENST00000638323,16,7023,3.846522668416287,True,True,CACNA1H [ENST00000638323],Human,data/coding_sequences/ENST00000638323_CDS.fasta,data/coding_sequences/ENST00000638323_REJ.N.fasta,data/coding_sequences/ENST00000638323_REJ.C.fasta
29140,CACNA1I,calcium voltage-gated channel subunit alpha1 I,ENSG00000100346,ENST00000407673,22,5946,3.774224904868919,True,True,CACNA1I [ENST00000407673],Human,data/coding_sequences/ENST00000407673_CDS.fasta,data/coding_sequences/ENST00000407673_REJ.N.fasta,data/coding_sequences/ENST00000407673_REJ.C.fasta
26885,CACNA1I,calcium voltage-gated channel subunit alpha1 I,ENSG00000100346,ENST00000401624,22,6051,3.781827152932428,True,True,CACNA1I [ENST00000401624],Human,data/coding_sequences/ENST00000401624_CDS.fasta,data/coding_sequences/ENST00000401624_REJ.N.fasta,data/coding_sequences/ENST00000401624_REJ.C.fasta
27048,CACNA1I,calcium voltage-gated channel subunit alpha1 I,ENSG00000100346,ENST00000404898,22,6567,3.8173670162875943,True,True,CACNA1I [ENST00000404898],Human,data/coding_sequences/ENST00000404898_CDS.fasta,data/coding_sequences/ENST00000404898_REJ.N.fasta,data/coding_sequences/ENST00000404898_REJ.C.fasta
28069,CACNA1I,calcium voltage-gated channel subunit alpha1 I,ENSG00000100346,ENST00000402142,22,6672,3.824256037629682,True,True,CACNA1I [ENST00000402142],Human,data/coding_sequences/ENST00000402142_CDS.fasta,data/coding_sequences/ENST00000402142_REJ.N.fasta,data/coding_sequences/ENST00000402142_REJ.C.fasta
14698,CACNA1S,calcium voltage-gated channel subunit alpha1 S,ENSG00000081248,ENST00000362061,1,5622,3.749890841271422,True,True,CACNA1S [ENST00000362061],Human,data/coding_sequences/ENST00000362061_CDS.fasta,data/coding_sequences/ENST00000362061_REJ.N.fasta,data/coding_sequences/ENST00000362061_REJ.C.fasta
16639,CACNA1S,calcium voltage-gated channel subunit alpha1 S,ENSG00000081248,ENST00000367338,1,5565,3.745465168670727,True,True,CACNA1S [ENST00000367338],Human,data/coding_sequences/ENST00000367338_CDS.fasta,data/coding_sequences/ENST00000367338_REJ.N.fasta,data/coding_sequences/ENST00000367338_REJ.C.fasta
113874,CACNA1S,calcium voltage-gated channel subunit alpha1 S,ENSG00000081248,ENST00000681874,1,5562,3.7452309845281406,True,True,CACNA1S [ENST00000681874],Human,data/coding_sequences/ENST00000681874_CDS.fasta,data/coding_sequences/ENST00000681874_REJ.N.fasta,data/coding_sequences/ENST00000681874_REJ.C.fasta
4271,CAD,"carbamoyl-phosphate synthetase 2, aspartate transcarbamylase, and dihydroorotase",ENSG00000084774,ENST00000264705,2,6678,3.824646414718352,True,True,CAD [ENST00000264705],Human,data/coding_sequences/ENST00000264705_CDS.fasta,data/coding_sequences/ENST00000264705_REJ.N.fasta,data/coding_sequences/ENST00000264705_REJ.C.fasta
28845,CAD,"carbamoyl-phosphate synthetase 2, aspartate transcarbamylase, and dihydroorotase",ENSG00000084774,ENST00000403525,2,6489,3.8121777741587537,True,True,CAD [ENST00000403525],Human,data/coding_sequences/ENST00000403525_CDS.fasta,data/coding_sequences/ENST00000403525_REJ.N.fasta,data/coding_sequences/ENST00000403525_REJ.C.fasta
23679,CAMSAP1,calmodulin regulated spectrin associated protein 1,ENSG00000130559,ENST00000389532,9,4809,3.6820547770738075,True,True,CAMSAP1 [ENST00000389532],Human,data/coding_sequences/ENST00000389532_CDS.fasta,data/coding_sequences/ENST00000389532_REJ.N.fasta,data/coding_sequences/ENST00000389532_REJ.C.fasta
30700,CAMSAP1,calmodulin regulated spectrin associated protein 1,ENSG00000130559,ENST00000409386,9,4842,3.685024785105714,True,True,CAMSAP1 [ENST00000409386],Human,data/coding_sequences/ENST00000409386_CDS.fasta,data/coding_sequences/ENST00000409386_REJ.N.fasta,data/coding_sequences/ENST00000409386_REJ.C.fasta
119824,CAMTA1,calmodulin binding transcription activator 1,ENSG00000171735,ENST00000700417,1,4611,3.6637951222194074,True,True,CAMTA1 [ENST00000700417],Human,data/coding_sequences/ENST00000700417_CDS.fasta,data/coding_sequences/ENST00000700417_REJ.N.fasta,data/coding_sequences/ENST00000700417_REJ.C.fasta
118916,CAMTA1,calmodulin binding transcription activator 1,ENSG00000171735,ENST00000700415,1,4614,3.664077590185075,True,True,CAMTA1 [ENST00000700415],Human,data/coding_sequences/ENST00000700415_CDS.fasta,data/coding_sequences/ENST00000700415_REJ.N.fasta,data/coding_sequences/ENST00000700415_REJ.C.fasta
6666,CAMTA1,calmodulin binding transcription activator 1,ENSG00000171735,ENST00000303635,1,5022,3.7008767083769034,True,True,CAMTA1 [ENST00000303635],Human,data/coding_sequences/ENST00000303635_CDS.fasta,data/coding_sequences/ENST00000303635_REJ.N.fasta,data/coding_sequences/ENST00000303635_REJ.C.fasta
51760,CAMTA1,calmodulin binding transcription activator 1,ENSG00000171735,ENST00000476864,1,4683,3.6705241577820797,True,True,CAMTA1 [ENST00000476864],Human,data/coding_sequences/ENST00000476864_CDS.fasta,data/coding_sequences/ENST00000476864_REJ.N.fasta,data/coding_sequences/ENST00000476864_REJ.C.fasta
108323,CASP8AP2,caspase 8 associated protein 2,ENSG00000288475,ENST00000673299,CHR_HG2121_PATCH,5916,3.772028165324855,False,True,CASP8AP2 [ENST00000673299],Human,data/coding_sequences/ENST00000673299_CDS.fasta,data/coding_sequences/ENST00000673299_REJ.N.fasta,data/coding_sequences/ENST00000673299_REJ.C.fasta
73260,CASP8AP2,caspase 8 associated protein 2,ENSG00000118412,ENST00000551025,6,5892,3.7702627381705933,False,True,CASP8AP2 [ENST00000551025],Human,data/coding_sequences/ENST00000551025_CDS.fasta,data/coding_sequences/ENST00000551025_REJ.N.fasta,data/coding_sequences/ENST00000551025_REJ.C.fasta
23321,CASZ1,castor zinc finger 1,ENSG00000130940,ENST00000377022,1,5280,3.722633922533812,False,True,CASZ1 [ENST00000377022],Human,data/coding_sequences/ENST00000377022_CDS.fasta,data/coding_sequences/ENST00000377022_REJ.N.fasta,data/coding_sequences/ENST00000377022_REJ.C.fasta
55265,CC2D2A,coiled-coil and C2 domain containing 2A,ENSG00000048342,ENST00000506643,4,4716,3.6735737964230517,True,True,CC2D2A [ENST00000506643],Human,data/coding_sequences/ENST00000506643_CDS.fasta,data/coding_sequences/ENST00000506643_REJ.N.fasta,data/coding_sequences/ENST00000506643_REJ.C.fasta
25537,CC2D2A,coiled-coil and C2 domain containing 2A,ENSG00000048342,ENST00000389652,4,4899,3.6901074394563307,True,True,CC2D2A [ENST00000389652],Human,data/coding_sequences/ENST00000389652_CDS.fasta,data/coding_sequences/ENST00000389652_REJ.N.fasta,data/coding_sequences/ENST00000389652_REJ.C.fasta
108693,CC2D2A,coiled-coil and C2 domain containing 2A,ENSG00000048342,ENST00000674945,4,4539,3.656960182742849,True,True,CC2D2A [ENST00000674945],Human,data/coding_sequences/ENST00000674945_CDS.fasta,data/coding_sequences/ENST00000674945_REJ.N.fasta,data/coding_sequences/ENST00000674945_REJ.C.fasta
36056,CC2D2A,coiled-coil and C2 domain containing 2A,ENSG00000048342,ENST00000424120,4,4863,3.6869042695681773,True,True,CC2D2A [ENST00000424120],Human,data/coding_sequences/ENST00000424120_CDS.fasta,data/coding_sequences/ENST00000424120_REJ.N.fasta,data/coding_sequences/ENST00000424120_REJ.C.fasta
56680,CC2D2A,coiled-coil and C2 domain containing 2A,ENSG00000048342,ENST00000503292,4,4863,3.6869042695681773,True,True,CC2D2A [ENST00000503292],Human,data/coding_sequences/ENST00000503292_CDS.fasta,data/coding_sequences/ENST00000503292_REJ.N.fasta,data/coding_sequences/ENST00000503292_REJ.C.fasta
44028,CCDC141,coiled-coil domain containing 141,ENSG00000163492,ENST00000443758,2,4593,3.6620964454179235,False,True,CCDC141 [ENST00000443758],Human,data/coding_sequences/ENST00000443758_CDS.fasta,data/coding_sequences/ENST00000443758_REJ.N.fasta,data/coding_sequences/ENST00000443758_REJ.C.fasta
62637,CCDC180,coiled-coil domain containing 180,ENSG00000197816,ENST00000529487,9,4974,3.696705780933917,False,True,CCDC180 [ENST00000529487],Human,data/coding_sequences/ENST00000529487_CDS.fasta,data/coding_sequences/ENST00000529487_REJ.N.fasta,data/coding_sequences/ENST00000529487_REJ.C.fasta
101207,CCDC187,coiled-coil domain containing 187,ENSG00000260220,ENST00000638797,9,6234,3.794766797940821,False,True,CCDC187 [ENST00000638797],Human,data/coding_sequences/ENST00000638797_CDS.fasta,data/coding_sequences/ENST00000638797_REJ.N.fasta,data/coding_sequences/ENST00000638797_REJ.C.fasta
3472,CCDC88A,coiled-coil domain containing 88A,ENSG00000115355,ENST00000263630,2,5532,3.742882171437273,False,True,CCDC88A [ENST00000263630],Human,data/coding_sequences/ENST00000263630_CDS.fasta,data/coding_sequences/ENST00000263630_REJ.N.fasta,data/coding_sequences/ENST00000263630_REJ.C.fasta
13906,CCDC88A,coiled-coil domain containing 88A,ENSG00000115355,ENST00000336838,2,5613,3.7491950422196725,False,True,CCDC88A [ENST00000336838],Human,data/coding_sequences/ENST00000336838_CDS.fasta,data/coding_sequences/ENST00000336838_REJ.N.fasta,data/coding_sequences/ENST00000336838_REJ.C.fasta
102911,CCDC88A,coiled-coil domain containing 88A,ENSG00000115355,ENST00000647401,2,4815,3.6825962914605532,False,True,CCDC88A [ENST00000647401],Human,data/coding_sequences/ENST00000647401_CDS.fasta,data/coding_sequences/ENST00000647401_REJ.N.fasta,data/coding_sequences/ENST00000647401_REJ.C.fasta
102383,CCDC88A,coiled-coil domain containing 88A,ENSG00000115355,ENST00000646796,2,5391,3.7316693318286362,False,True,CCDC88A [ENST00000646796],Human,data/coding_sequences/ENST00000646796_CDS.fasta,data/coding_sequences/ENST00000646796_REJ.N.fasta,data/coding_sequences/ENST00000646796_REJ.C.fasta
35558,CCDC88A,coiled-coil domain containing 88A,ENSG00000115355,ENST00000413716,2,5394,3.7319109421168726,False,True,CCDC88A [ENST00000413716],Human,data/coding_sequences/ENST00000413716_CDS.fasta,data/coding_sequences/ENST00000413716_REJ.N.fasta,data/coding_sequences/ENST00000413716_REJ.C.fasta
102392,CCDC88A,coiled-coil domain containing 88A,ENSG00000115355,ENST00000643413,2,5529,3.7426465899387362,False,True,CCDC88A [ENST00000643413],Human,data/coding_sequences/ENST00000643413_CDS.fasta,data/coding_sequences/ENST00000643413_REJ.N.fasta,data/coding_sequences/ENST00000643413_REJ.C.fasta
43210,CCDC88A,coiled-coil domain containing 88A,ENSG00000115355,ENST00000436346,2,5616,3.749427099121749,False,True,CCDC88A [ENST00000436346],Human,data/coding_sequences/ENST00000436346_CDS.fasta,data/coding_sequences/ENST00000436346_REJ.N.fasta,data/coding_sequences/ENST00000436346_REJ.C.fasta
98360,CCDC88A,coiled-coil domain containing 88A,ENSG00000115355,ENST00000642200,2,5616,3.749427099121749,False,True,CCDC88A [ENST00000642200],Human,data/coding_sequences/ENST00000642200_CDS.fasta,data/coding_sequences/ENST00000642200_REJ.N.fasta,data/coding_sequences/ENST00000642200_REJ.C.fasta
25414,CCDC88C,coiled-coil domain containing 88C,ENSG00000015133,ENST00000389857,14,6087,3.7844033017530085,True,True,CCDC88C [ENST00000389857],Human,data/coding_sequences/ENST00000389857_CDS.fasta,data/coding_sequences/ENST00000389857_REJ.N.fasta,data/coding_sequences/ENST00000389857_REJ.C.fasta
16615,CDC42BPA,CDC42 binding protein kinase alpha,ENSG00000143776,ENST00000366769,1,5160,3.7126497016272113,False,True,CDC42BPA [ENST00000366769],Human,data/coding_sequences/ENST00000366769_CDS.fasta,data/coding_sequences/ENST00000366769_REJ.N.fasta,data/coding_sequences/ENST00000366769_REJ.C.fasta
17399,CDC42BPA,CDC42 binding protein kinase alpha,ENSG00000143776,ENST00000366764,1,5100,3.7075701760979363,False,True,CDC42BPA [ENST00000366764],Human,data/coding_sequences/ENST00000366764_CDS.fasta,data/coding_sequences/ENST00000366764_REJ.N.fasta,data/coding_sequences/ENST00000366764_REJ.C.fasta
16539,CDC42BPA,CDC42 binding protein kinase alpha,ENSG00000143776,ENST00000366766,1,5265,3.721398375521505,False,True,CDC42BPA [ENST00000366766],Human,data/coding_sequences/ENST00000366766_CDS.fasta,data/coding_sequences/ENST00000366766_REJ.N.fasta,data/coding_sequences/ENST00000366766_REJ.C.fasta
10447,CDC42BPA,CDC42 binding protein kinase alpha,ENSG00000143776,ENST00000334218,1,5199,3.7159198174335795,False,True,CDC42BPA [ENST00000334218],Human,data/coding_sequences/ENST00000334218_CDS.fasta,data/coding_sequences/ENST00000334218_REJ.N.fasta,data/coding_sequences/ENST00000334218_REJ.C.fasta
15109,CDC42BPA,CDC42 binding protein kinase alpha,ENSG00000143776,ENST00000366767,1,4917,3.6917002082901615,False,True,CDC42BPA [ENST00000366767],Human,data/coding_sequences/ENST00000366767_CDS.fasta,data/coding_sequences/ENST00000366767_REJ.N.fasta,data/coding_sequences/ENST00000366767_REJ.C.fasta
15847,CDC42BPB,CDC42 binding protein kinase beta,ENSG00000198752,ENST00000361246,14,5136,3.710625015060797,True,True,CDC42BPB [ENST00000361246],Human,data/coding_sequences/ENST00000361246_CDS.fasta,data/coding_sequences/ENST00000361246_REJ.N.fasta,data/coding_sequences/ENST00000361246_REJ.C.fasta
77754,CDC42BPB,CDC42 binding protein kinase beta,ENSG00000198752,ENST00000559043,14,5058,3.703978825008386,True,True,CDC42BPB [ENST00000559043],Human,data/coding_sequences/ENST00000559043_CDS.fasta,data/coding_sequences/ENST00000559043_REJ.N.fasta,data/coding_sequences/ENST00000559043_REJ.C.fasta
10046,CDC42BPG,CDC42 binding protein kinase gamma,ENSG00000171219,ENST00000342711,11,4656,3.668012971641832,False,True,CDC42BPG [ENST00000342711],Human,data/coding_sequences/ENST00000342711_CDS.fasta,data/coding_sequences/ENST00000342711_REJ.N.fasta,data/coding_sequences/ENST00000342711_REJ.C.fasta
280,CDK13,cyclin dependent kinase 13,ENSG00000065883,ENST00000181839,7,4539,3.656960182742849,True,True,CDK13 [ENST00000181839],Human,data/coding_sequences/ENST00000181839_CDS.fasta,data/coding_sequences/ENST00000181839_REJ.N.fasta,data/coding_sequences/ENST00000181839_REJ.C.fasta
115442,CDK5RAP2,CDK5 regulatory subunit associated protein 2,ENSG00000136861,ENST00000687279,9,5679,3.754271868683459,True,True,CDK5RAP2 [ENST00000687279],Human,data/coding_sequences/ENST00000687279_CDS.fasta,data/coding_sequences/ENST00000687279_REJ.N.fasta,data/coding_sequences/ENST00000687279_REJ.C.fasta
118262,CDK5RAP2,CDK5 regulatory subunit associated protein 2,ENSG00000136861,ENST00000693728,9,5604,3.748498126613737,True,True,CDK5RAP2 [ENST00000693728],Human,data/coding_sequences/ENST00000693728_CDS.fasta,data/coding_sequences/ENST00000693728_REJ.N.fasta,data/coding_sequences/ENST00000693728_REJ.C.fasta
117666,CDK5RAP2,CDK5 regulatory subunit associated protein 2,ENSG00000136861,ENST00000689688,9,4935,3.6932871570056554,True,True,CDK5RAP2 [ENST00000689688],Human,data/coding_sequences/ENST00000689688_CDS.fasta,data/coding_sequences/ENST00000689688_REJ.N.fasta,data/coding_sequences/ENST00000689688_REJ.C.fasta
14680,CDK5RAP2,CDK5 regulatory subunit associated protein 2,ENSG00000136861,ENST00000360822,9,4992,3.6982745766743674,True,True,CDK5RAP2 [ENST00000360822],Human,data/coding_sequences/ENST00000360822_CDS.fasta,data/coding_sequences/ENST00000360822_REJ.N.fasta,data/coding_sequences/ENST00000360822_REJ.C.fasta
15137,CDK5RAP2,CDK5 regulatory subunit associated protein 2,ENSG00000136861,ENST00000349780,9,5682,3.754501229386917,True,True,CDK5RAP2 [ENST00000349780],Human,data/coding_sequences/ENST00000349780_CDS.fasta,data/coding_sequences/ENST00000349780_REJ.N.fasta,data/coding_sequences/ENST00000349780_REJ.C.fasta
16142,CDK5RAP2,CDK5 regulatory subunit associated protein 2,ENSG00000136861,ENST00000360190,9,5445,3.735997884091794,True,True,CDK5RAP2 [ENST00000360190],Human,data/coding_sequences/ENST00000360190_CDS.fasta,data/coding_sequences/ENST00000360190_REJ.N.fasta,data/coding_sequences/ENST00000360190_REJ.C.fasta
114480,CDK5RAP2,CDK5 regulatory subunit associated protein 2,ENSG00000136861,ENST00000687633,9,5583,3.7468676278504294,True,True,CDK5RAP2 [ENST00000687633],Human,data/coding_sequences/ENST00000687633_CDS.fasta,data/coding_sequences/ENST00000687633_REJ.N.fasta,data/coding_sequences/ENST00000687633_REJ.C.fasta
32108,CDK5RAP2,CDK5 regulatory subunit associated protein 2,ENSG00000136861,ENST00000416449,9,5586,3.747100931364986,True,True,CDK5RAP2 [ENST00000416449],Human,data/coding_sequences/ENST00000416449_CDS.fasta,data/coding_sequences/ENST00000416449_REJ.N.fasta,data/coding_sequences/ENST00000416449_REJ.C.fasta
118442,CDK5RAP2,CDK5 regulatory subunit associated protein 2,ENSG00000136861,ENST00000690646,9,5508,3.740993931584886,True,True,CDK5RAP2 [ENST00000690646],Human,data/coding_sequences/ENST00000690646_CDS.fasta,data/coding_sequences/ENST00000690646_REJ.N.fasta,data/coding_sequences/ENST00000690646_REJ.C.fasta
25831,CENPE,centromere protein E,ENSG00000138778,ENST00000380026,4,7743,3.8889092592635315,False,True,CENPE [ENST00000380026],Human,data/coding_sequences/ENST00000380026_CDS.fasta,data/coding_sequences/ENST00000380026_REJ.N.fasta,data/coding_sequences/ENST00000380026_REJ.C.fasta
23142,CEP152,centrosomal protein 152,ENSG00000103995,ENST00000380950,15,5133,3.710371264260763,True,True,CEP152 [ENST00000380950],Human,data/coding_sequences/ENST00000380950_CDS.fasta,data/coding_sequences/ENST00000380950_REJ.N.fasta,data/coding_sequences/ENST00000380950_REJ.C.fasta
30332,CEP152,centrosomal protein 152,ENSG00000103995,ENST00000399334,15,4965,3.6959192528313998,True,True,CEP152 [ENST00000399334],Human,data/coding_sequences/ENST00000399334_CDS.fasta,data/coding_sequences/ENST00000399334_REJ.N.fasta,data/coding_sequences/ENST00000399334_REJ.C.fasta
15821,CEP170,centrosomal protein 170,ENSG00000143702,ENST00000366542,1,4755,3.6771505212734326,False,True,CEP170 [ENST00000366542],Human,data/coding_sequences/ENST00000366542_CDS.fasta,data/coding_sequences/ENST00000366542_REJ.N.fasta,data/coding_sequences/ENST00000366542_REJ.C.fasta
11566,CEP170,centrosomal protein 170,ENSG00000143702,ENST00000336415,1,4677,3.669967369908504,False,True,CEP170 [ENST00000336415],Human,data/coding_sequences/ENST00000336415_CDS.fasta,data/coding_sequences/ENST00000336415_REJ.N.fasta,data/coding_sequences/ENST00000336415_REJ.C.fasta
87520,CEP170,centrosomal protein 170,ENSG00000276725,ENST00000612450,CHR_HSCHR1_3_CTG32_1,4755,3.6771505212734326,False,True,CEP170 [ENST00000612450],Human,data/coding_sequences/ENST00000612450_CDS.fasta,data/coding_sequences/ENST00000612450_REJ.N.fasta,data/coding_sequences/ENST00000612450_REJ.C.fasta
75347,CEP170B,centrosomal protein 170B,ENSG00000099814,ENST00000556508,14,4560,3.658964842664435,False,True,CEP170B [ENST00000556508],Human,data/coding_sequences/ENST00000556508_CDS.fasta,data/coding_sequences/ENST00000556508_REJ.N.fasta,data/coding_sequences/ENST00000556508_REJ.C.fasta
31303,CEP170B,centrosomal protein 170B,ENSG00000099814,ENST00000414716,14,4665,3.668851648082519,False,True,CEP170B [ENST00000414716],Human,data/coding_sequences/ENST00000414716_CDS.fasta,data/coding_sequences/ENST00000414716_REJ.N.fasta,data/coding_sequences/ENST00000414716_REJ.C.fasta
58446,CEP192,centrosomal protein 192,ENSG00000101639,ENST00000510237,18,5796,3.763128376799137,False,True,CEP192 [ENST00000510237],Human,data/coding_sequences/ENST00000510237_CDS.fasta,data/coding_sequences/ENST00000510237_REJ.N.fasta,data/coding_sequences/ENST00000510237_REJ.C.fasta
11357,CEP192,centrosomal protein 192,ENSG00000101639,ENST00000325971,18,6189,3.791620482692814,False,True,CEP192 [ENST00000325971],Human,data/coding_sequences/ENST00000325971_CDS.fasta,data/coding_sequences/ENST00000325971_REJ.N.fasta,data/coding_sequences/ENST00000325971_REJ.C.fasta
60146,CEP192,centrosomal protein 192,ENSG00000101639,ENST00000511820,18,6231,3.7945577512547617,False,True,CEP192 [ENST00000511820],Human,data/coding_sequences/ENST00000511820_CDS.fasta,data/coding_sequences/ENST00000511820_REJ.N.fasta,data/coding_sequences/ENST00000511820_REJ.C.fasta
56628,CEP192,centrosomal protein 192,ENSG00000101639,ENST00000506447,18,7614,3.8816128724783483,False,True,CEP192 [ENST00000506447],Human,data/coding_sequences/ENST00000506447_CDS.fasta,data/coding_sequences/ENST00000506447_REJ.N.fasta,data/coding_sequences/ENST00000506447_REJ.C.fasta
28652,CEP250,centrosomal protein 250,ENSG00000126001,ENST00000397527,20,7329,3.865044721693099,True,True,CEP250 [ENST00000397527],Human,data/coding_sequences/ENST00000397527_CDS.fasta,data/coding_sequences/ENST00000397527_REJ.N.fasta,data/coding_sequences/ENST00000397527_REJ.C.fasta
121612,CEP250,centrosomal protein 250,ENSG00000126001,ENST00000706830,20,6999,3.845035993513415,True,True,CEP250 [ENST00000706830],Human,data/coding_sequences/ENST00000706830_CDS.fasta,data/coding_sequences/ENST00000706830_REJ.N.fasta,data/coding_sequences/ENST00000706830_REJ.C.fasta
121032,CEP250,centrosomal protein 250,ENSG00000126001,ENST00000706829,20,7248,3.8602181846687564,True,True,CEP250 [ENST00000706829],Human,data/coding_sequences/ENST00000706829_CDS.fasta,data/coding_sequences/ENST00000706829_REJ.N.fasta,data/coding_sequences/ENST00000706829_REJ.C.fasta
121478,CEP250,centrosomal protein 250,ENSG00000126001,ENST00000706828,20,7500,3.8750612633917,True,True,CEP250 [ENST00000706828],Human,data/coding_sequences/ENST00000706828_CDS.fasta,data/coding_sequences/ENST00000706828_REJ.N.fasta,data/coding_sequences/ENST00000706828_REJ.C.fasta
110312,CEP290,centrosomal protein 290,ENSG00000198707,ENST00000676074,12,6804,3.8327643049405316,True,True,CEP290 [ENST00000676074],Human,data/coding_sequences/ENST00000676074_CDS.fasta,data/coding_sequences/ENST00000676074_REJ.N.fasta,data/coding_sequences/ENST00000676074_REJ.C.fasta
109666,CEP290,centrosomal protein 290,ENSG00000198707,ENST00000675230,12,7419,3.8703453710809597,True,True,CEP290 [ENST00000675230],Human,data/coding_sequences/ENST00000675230_CDS.fasta,data/coding_sequences/ENST00000675230_REJ.N.fasta,data/coding_sequences/ENST00000675230_REJ.C.fasta
4897,CEP290,centrosomal protein 290,ENSG00000198707,ENST00000309041,12,7449,3.8720979742742268,True,True,CEP290 [ENST00000309041],Human,data/coding_sequences/ENST00000309041_CDS.fasta,data/coding_sequences/ENST00000309041_REJ.N.fasta,data/coding_sequences/ENST00000309041_REJ.C.fasta
109828,CEP290,centrosomal protein 290,ENSG00000198707,ENST00000675408,12,7275,3.861832997657945,True,True,CEP290 [ENST00000675408],Human,data/coding_sequences/ENST00000675408_CDS.fasta,data/coding_sequences/ENST00000675408_REJ.N.fasta,data/coding_sequences/ENST00000675408_REJ.C.fasta
107955,CEP290,centrosomal protein 290,ENSG00000198707,ENST00000674971,12,6969,3.843170464519898,True,True,CEP290 [ENST00000674971],Human,data/coding_sequences/ENST00000674971_CDS.fasta,data/coding_sequences/ENST00000674971_REJ.N.fasta,data/coding_sequences/ENST00000674971_REJ.C.fasta
108148,CEP290,centrosomal protein 290,ENSG00000198707,ENST00000673058,12,7317,3.864333055033393,True,True,CEP290 [ENST00000673058],Human,data/coding_sequences/ENST00000673058_CDS.fasta,data/coding_sequences/ENST00000673058_REJ.N.fasta,data/coding_sequences/ENST00000673058_REJ.C.fasta
74192,CEP290,centrosomal protein 290,ENSG00000198707,ENST00000552810,12,7440,3.8715729355458786,True,True,CEP290 [ENST00000552810],Human,data/coding_sequences/ENST00000552810_CDS.fasta,data/coding_sequences/ENST00000552810_REJ.N.fasta,data/coding_sequences/ENST00000552810_REJ.C.fasta
11783,CEP295,centrosomal protein 295,ENSG00000166004,ENST00000325212,11,7806,3.8924285469452298,False,True,CEP295 [ENST00000325212],Human,data/coding_sequences/ENST00000325212_CDS.fasta,data/coding_sequences/ENST00000325212_REJ.N.fasta,data/coding_sequences/ENST00000325212_REJ.C.fasta
15207,CFAP43,cilia and flagella associated protein 43,ENSG00000197748,ENST00000357060,10,4998,3.6987962517904314,True,True,CFAP43 [ENST00000357060],Human,data/coding_sequences/ENST00000357060_CDS.fasta,data/coding_sequences/ENST00000357060_REJ.N.fasta,data/coding_sequences/ENST00000357060_REJ.C.fasta
23255,CFAP44,cilia and flagella associated protein 44,ENSG00000206530,ENST00000393845,3,5565,3.745465168670727,True,True,CFAP44 [ENST00000393845],Human,data/coding_sequences/ENST00000393845_CDS.fasta,data/coding_sequences/ENST00000393845_REJ.N.fasta,data/coding_sequences/ENST00000393845_REJ.C.fasta
99069,CFAP46,cilia and flagella associated protein 46,ENSG00000171811,ENST00000639072,10,7914,3.898396045930009,False,True,CFAP46 [ENST00000639072],Human,data/coding_sequences/ENST00000639072_CDS.fasta,data/coding_sequences/ENST00000639072_REJ.N.fasta,data/coding_sequences/ENST00000639072_REJ.C.fasta
99714,CFAP54,cilia and flagella associated protein 54,ENSG00000188596,ENST00000637336,12,6204,3.7926717891415676,False,True,CFAP54 [ENST00000637336],Human,data/coding_sequences/ENST00000637336_CDS.fasta,data/coding_sequences/ENST00000637336_REJ.N.fasta,data/coding_sequences/ENST00000637336_REJ.C.fasta
46801,CFAP65,cilia and flagella associated protein 65,ENSG00000181378,ENST00000453220,2,5778,3.7617775375081783,True,True,CFAP65 [ENST00000453220],Human,data/coding_sequences/ENST00000453220_CDS.fasta,data/coding_sequences/ENST00000453220_REJ.N.fasta,data/coding_sequences/ENST00000453220_REJ.C.fasta
11693,CFAP65,cilia and flagella associated protein 65,ENSG00000181378,ENST00000341552,2,5778,3.7617775375081783,True,True,CFAP65 [ENST00000341552],Human,data/coding_sequences/ENST00000341552_CDS.fasta,data/coding_sequences/ENST00000341552_REJ.N.fasta,data/coding_sequences/ENST00000341552_REJ.C.fasta
114174,CFAP74,cilia and flagella associated protein 74,ENSG00000142609,ENST00000682832,1,4920,3.69196510276736,True,True,CFAP74 [ENST00000682832],Human,data/coding_sequences/ENST00000682832_CDS.fasta,data/coding_sequences/ENST00000682832_REJ.N.fasta,data/coding_sequences/ENST00000682832_REJ.C.fasta
53748,CFAP74,cilia and flagella associated protein 74,ENSG00000142609,ENST00000493964,1,4755,3.6771505212734326,True,True,CFAP74 [ENST00000493964],Human,data/coding_sequences/ENST00000493964_CDS.fasta,data/coding_sequences/ENST00000493964_REJ.N.fasta,data/coding_sequences/ENST00000493964_REJ.C.fasta
60424,CHD1,chromodomain helicase DNA binding protein 1,ENSG00000153922,ENST00000511067,5,5397,3.7321524180652137,True,True,CHD1 [ENST00000511067],Human,data/coding_sequences/ENST00000511067_CDS.fasta,data/coding_sequences/ENST00000511067_REJ.N.fasta,data/coding_sequences/ENST00000511067_REJ.C.fasta
93921,CHD1,chromodomain helicase DNA binding protein 1,ENSG00000153922,ENST00000614616,5,5133,3.710371264260763,True,True,CHD1 [ENST00000614616],Human,data/coding_sequences/ENST00000614616_CDS.fasta,data/coding_sequences/ENST00000614616_REJ.N.fasta,data/coding_sequences/ENST00000614616_REJ.C.fasta
22836,CHD2,chromodomain helicase DNA binding protein 2,ENSG00000173575,ENST00000394196,15,5487,3.7393349601960795,True,True,CHD2 [ENST00000394196],Human,data/coding_sequences/ENST00000394196_CDS.fasta,data/coding_sequences/ENST00000394196_REJ.N.fasta,data/coding_sequences/ENST00000394196_REJ.C.fasta
95183,CHD2,chromodomain helicase DNA binding protein 2,ENSG00000173575,ENST00000626874,15,5220,3.717670503002262,True,True,CHD2 [ENST00000626874],Human,data/coding_sequences/ENST00000626874_CDS.fasta,data/coding_sequences/ENST00000626874_REJ.N.fasta,data/coding_sequences/ENST00000626874_REJ.C.fasta
15171,CHD3,chromodomain helicase DNA binding protein 3,ENSG00000170004,ENST00000358181,17,5901,3.7709256146389993,True,True,CHD3 [ENST00000358181],Human,data/coding_sequences/ENST00000358181_CDS.fasta,data/coding_sequences/ENST00000358181_REJ.N.fasta,data/coding_sequences/ENST00000358181_REJ.C.fasta
10782,CHD3,chromodomain helicase DNA binding protein 3,ENSG00000170004,ENST00000330494,17,6003,3.778368343355874,True,True,CHD3 [ENST00000330494],Human,data/coding_sequences/ENST00000330494_CDS.fasta,data/coding_sequences/ENST00000330494_REJ.N.fasta,data/coding_sequences/ENST00000330494_REJ.C.fasta
25080,CHD3,chromodomain helicase DNA binding protein 3,ENSG00000170004,ENST00000380358,17,6180,3.790988475088816,True,True,CHD3 [ENST00000380358],Human,data/coding_sequences/ENST00000380358_CDS.fasta,data/coding_sequences/ENST00000380358_REJ.N.fasta,data/coding_sequences/ENST00000380358_REJ.C.fasta
120487,CHD3,chromodomain helicase DNA binding protein 3,ENSG00000170004,ENST00000700753,17,6345,3.8024316264307236,True,True,CHD3 [ENST00000700753],Human,data/coding_sequences/ENST00000700753_CDS.fasta,data/coding_sequences/ENST00000700753_REJ.N.fasta,data/coding_sequences/ENST00000700753_REJ.C.fasta
103137,CHD4,chromodomain helicase DNA binding protein 4,ENSG00000111642,ENST00000643335,12,5712,3.7567881987681178,True,True,CHD4 [ENST00000643335],Human,data/coding_sequences/ENST00000643335_CDS.fasta,data/coding_sequences/ENST00000643335_REJ.N.fasta,data/coding_sequences/ENST00000643335_REJ.C.fasta
103809,CHD4,chromodomain helicase DNA binding protein 4,ENSG00000111642,ENST00000645645,12,5700,3.7558748556724915,True,True,CHD4 [ENST00000645645],Human,data/coding_sequences/ENST00000645645_CDS.fasta,data/coding_sequences/ENST00000645645_REJ.N.fasta,data/coding_sequences/ENST00000645645_REJ.C.fasta
104381,CHD4,chromodomain helicase DNA binding protein 4,ENSG00000111642,ENST00000644137,12,4938,3.6935510855959133,True,True,CHD4 [ENST00000644137],Human,data/coding_sequences/ENST00000644137_CDS.fasta,data/coding_sequences/ENST00000644137_REJ.N.fasta,data/coding_sequences/ENST00000644137_REJ.C.fasta
70783,CHD4,chromodomain helicase DNA binding protein 4,ENSG00000111642,ENST00000544484,12,5814,3.764475027434409,True,True,CHD4 [ENST00000544484],Human,data/coding_sequences/ENST00000544484_CDS.fasta,data/coding_sequences/ENST00000544484_REJ.N.fasta,data/coding_sequences/ENST00000544484_REJ.C.fasta
102143,CHD4,chromodomain helicase DNA binding protein 4,ENSG00000111642,ENST00000645022,12,5718,3.75724415102197,True,True,CHD4 [ENST00000645022],Human,data/coding_sequences/ENST00000645022_CDS.fasta,data/coding_sequences/ENST00000645022_REJ.N.fasta,data/coding_sequences/ENST00000645022_REJ.C.fasta
74101,CHD4,chromodomain helicase DNA binding protein 4,ENSG00000111642,ENST00000544040,12,5739,3.7588362247469584,True,True,CHD4 [ENST00000544040],Human,data/coding_sequences/ENST00000544040_CDS.fasta,data/coding_sequences/ENST00000544040_REJ.N.fasta,data/coding_sequences/ENST00000544040_REJ.C.fasta
103412,CHD4,chromodomain helicase DNA binding protein 4,ENSG00000111642,ENST00000645095,12,5823,3.7651467901080253,True,True,CHD4 [ENST00000645095],Human,data/coding_sequences/ENST00000645095_CDS.fasta,data/coding_sequences/ENST00000645095_REJ.N.fasta,data/coding_sequences/ENST00000645095_REJ.C.fasta
14039,CHD4,chromodomain helicase DNA binding protein 4,ENSG00000111642,ENST00000357008,12,5709,3.756560043006683,True,True,CHD4 [ENST00000357008],Human,data/coding_sequences/ENST00000357008_CDS.fasta,data/coding_sequences/ENST00000357008_REJ.N.fasta,data/coding_sequences/ENST00000357008_REJ.C.fasta
104869,CHD4,chromodomain helicase DNA binding protein 4,ENSG00000111642,ENST00000645005,12,5745,3.759290033024304,True,True,CHD4 [ENST00000645005],Human,data/coding_sequences/ENST00000645005_CDS.fasta,data/coding_sequences/ENST00000645005_REJ.N.fasta,data/coding_sequences/ENST00000645005_REJ.C.fasta
100896,CHD4,chromodomain helicase DNA binding protein 4,ENSG00000111642,ENST00000642594,12,5670,3.7535830588929064,True,True,CHD4 [ENST00000642594],Human,data/coding_sequences/ENST00000642594_CDS.fasta,data/coding_sequences/ENST00000642594_REJ.N.fasta,data/coding_sequences/ENST00000642594_REJ.C.fasta
103077,CHD4,chromodomain helicase DNA binding protein 4,ENSG00000111642,ENST00000646806,12,5679,3.754271868683459,True,True,CHD4 [ENST00000646806],Human,data/coding_sequences/ENST00000646806_CDS.fasta,data/coding_sequences/ENST00000646806_REJ.N.fasta,data/coding_sequences/ENST00000646806_REJ.C.fasta
102665,CHD4,chromodomain helicase DNA binding protein 4,ENSG00000111642,ENST00000642879,12,5763,3.760648619581356,True,True,CHD4 [ENST00000642879],Human,data/coding_sequences/ENST00000642879_CDS.fasta,data/coding_sequences/ENST00000642879_REJ.N.fasta,data/coding_sequences/ENST00000642879_REJ.C.fasta
104565,CHD4,chromodomain helicase DNA binding protein 4,ENSG00000111642,ENST00000646608,12,4665,3.668851648082519,True,True,CHD4 [ENST00000646608],Human,data/coding_sequences/ENST00000646608_CDS.fasta,data/coding_sequences/ENST00000646608_REJ.N.fasta,data/coding_sequences/ENST00000646608_REJ.C.fasta
103864,CHD4,chromodomain helicase DNA binding protein 4,ENSG00000111642,ENST00000644289,12,5007,3.699577591398909,True,True,CHD4 [ENST00000644289],Human,data/coding_sequences/ENST00000644289_CDS.fasta,data/coding_sequences/ENST00000644289_REJ.N.fasta,data/coding_sequences/ENST00000644289_REJ.C.fasta
4068,CHD5,chromodomain helicase DNA binding protein 5,ENSG00000116254,ENST00000262450,1,5865,3.768268016451548,True,True,CHD5 [ENST00000262450],Human,data/coding_sequences/ENST00000262450_CDS.fasta,data/coding_sequences/ENST00000262450_REJ.N.fasta,data/coding_sequences/ENST00000262450_REJ.C.fasta
117175,CHD7,chromodomain helicase DNA binding protein 7,ENSG00000171316,ENST00000695853,8,6780,3.8312296938670634,True,True,CHD7 [ENST00000695853],Human,data/coding_sequences/ENST00000695853_CDS.fasta,data/coding_sequences/ENST00000695853_REJ.N.fasta,data/coding_sequences/ENST00000695853_REJ.C.fasta
104331,CHD8,chromodomain helicase DNA binding protein 8,ENSG00000100888,ENST00000646340,14,5985,3.7770641547424293,True,True,CHD8 [ENST00000646340],Human,data/coding_sequences/ENST00000646340_CDS.fasta,data/coding_sequences/ENST00000646340_REJ.N.fasta,data/coding_sequences/ENST00000646340_REJ.C.fasta
77745,CHD8,chromodomain helicase DNA binding protein 8,ENSG00000100888,ENST00000555935,14,5448,3.736237098904729,True,True,CHD8 [ENST00000555935],Human,data/coding_sequences/ENST00000555935_CDS.fasta,data/coding_sequences/ENST00000555935_REJ.N.fasta,data/coding_sequences/ENST00000555935_REJ.C.fasta
37213,CHD8,chromodomain helicase DNA binding protein 8,ENSG00000100888,ENST00000430710,14,6909,3.8394151926838935,True,True,CHD8 [ENST00000430710],Human,data/coding_sequences/ENST00000430710_CDS.fasta,data/coding_sequences/ENST00000430710_REJ.N.fasta,data/coding_sequences/ENST00000430710_REJ.C.fasta
76345,CHD8,chromodomain helicase DNA binding protein 8,ENSG00000100888,ENST00000557364,14,7746,3.8890774926500637,True,True,CHD8 [ENST00000557364],Human,data/coding_sequences/ENST00000557364_CDS.fasta,data/coding_sequences/ENST00000557364_REJ.N.fasta,data/coding_sequences/ENST00000557364_REJ.C.fasta
104010,CHD8,chromodomain helicase DNA binding protein 8,ENSG00000100888,ENST00000643469,14,7746,3.8890774926500637,True,True,CHD8 [ENST00000643469],Human,data/coding_sequences/ENST00000643469_CDS.fasta,data/coding_sequences/ENST00000643469_REJ.N.fasta,data/coding_sequences/ENST00000643469_REJ.C.fasta
102768,CHD8,chromodomain helicase DNA binding protein 8,ENSG00000100888,ENST00000646647,14,7746,3.8890774926500637,True,True,CHD8 [ENST00000646647],Human,data/coding_sequences/ENST00000646647_CDS.fasta,data/coding_sequences/ENST00000646647_REJ.N.fasta,data/coding_sequences/ENST00000646647_REJ.C.fasta
102735,CHD8,chromodomain helicase DNA binding protein 8,ENSG00000100888,ENST00000645929,14,6909,3.8394151926838935,True,True,CHD8 [ENST00000645929],Human,data/coding_sequences/ENST00000645929_CDS.fasta,data/coding_sequences/ENST00000645929_REJ.N.fasta,data/coding_sequences/ENST00000645929_REJ.C.fasta
82147,CHD9,chromodomain helicase DNA binding protein 9,ENSG00000177200,ENST00000565803,16,7275,3.861832997657945,False,True,CHD9 [ENST00000565803],Human,data/coding_sequences/ENST00000565803_CDS.fasta,data/coding_sequences/ENST00000565803_REJ.N.fasta,data/coding_sequences/ENST00000565803_REJ.C.fasta
81080,CIC,capicua transcriptional repressor,ENSG00000079432,ENST00000572681,19,7545,3.8776592441116087,True,True,CIC [ENST00000572681],Human,data/coding_sequences/ENST00000572681_CDS.fasta,data/coding_sequences/ENST00000572681_REJ.N.fasta,data/coding_sequences/ENST00000572681_REJ.C.fasta
112958,CIC,capicua transcriptional repressor,ENSG00000079432,ENST00000681038,19,7554,3.878176980491506,True,True,CIC [ENST00000681038],Human,data/coding_sequences/ENST00000681038_CDS.fasta,data/coding_sequences/ENST00000681038_REJ.N.fasta,data/coding_sequences/ENST00000681038_REJ.C.fasta
79531,CIC,capicua transcriptional repressor,ENSG00000079432,ENST00000575354,19,4827,3.683677298818692,True,True,CIC [ENST00000575354],Human,data/coding_sequences/ENST00000575354_CDS.fasta,data/coding_sequences/ENST00000575354_REJ.N.fasta,data/coding_sequences/ENST00000575354_REJ.C.fasta
221,CIC,capicua transcriptional repressor,ENSG00000079432,ENST00000160740,19,4821,3.683137131483007,True,True,CIC [ENST00000160740],Human,data/coding_sequences/ENST00000160740_CDS.fasta,data/coding_sequences/ENST00000160740_REJ.N.fasta,data/coding_sequences/ENST00000160740_REJ.C.fasta
111699,CIT,citron rho-interacting serine/threonine kinase,ENSG00000122966,ENST00000679249,12,4854,3.686099771995916,True,True,CIT [ENST00000679249],Human,data/coding_sequences/ENST00000679249_CDS.fasta,data/coding_sequences/ENST00000679249_REJ.N.fasta,data/coding_sequences/ENST00000679249_REJ.C.fasta
26332,CIT,citron rho-interacting serine/threonine kinase,ENSG00000122966,ENST00000392521,12,6210,3.79309160017658,True,True,CIT [ENST00000392521],Human,data/coding_sequences/ENST00000392521_CDS.fasta,data/coding_sequences/ENST00000392521_REJ.N.fasta,data/coding_sequences/ENST00000392521_REJ.C.fasta
110040,CIT,citron rho-interacting serine/threonine kinase,ENSG00000122966,ENST00000678652,12,4827,3.683677298818692,True,True,CIT [ENST00000678652],Human,data/coding_sequences/ENST00000678652_CDS.fasta,data/coding_sequences/ENST00000678652_REJ.N.fasta,data/coding_sequences/ENST00000678652_REJ.C.fasta
111563,CIT,citron rho-interacting serine/threonine kinase,ENSG00000122966,ENST00000678087,12,4701,3.6721902511882525,True,True,CIT [ENST00000678087],Human,data/coding_sequences/ENST00000678087_CDS.fasta,data/coding_sequences/ENST00000678087_REJ.N.fasta,data/coding_sequences/ENST00000678087_REJ.C.fasta
4138,CIT,citron rho-interacting serine/threonine kinase,ENSG00000122966,ENST00000261833,12,6084,3.7841892053809607,True,True,CIT [ENST00000261833],Human,data/coding_sequences/ENST00000261833_CDS.fasta,data/coding_sequences/ENST00000261833_REJ.N.fasta,data/coding_sequences/ENST00000261833_REJ.C.fasta
109529,CIT,citron rho-interacting serine/threonine kinase,ENSG00000122966,ENST00000678677,12,4614,3.664077590185075,True,True,CIT [ENST00000678677],Human,data/coding_sequences/ENST00000678677_CDS.fasta,data/coding_sequences/ENST00000678677_REJ.N.fasta,data/coding_sequences/ENST00000678677_REJ.C.fasta
25708,CIT,citron rho-interacting serine/threonine kinase,ENSG00000122966,ENST00000392520,12,4923,3.6922298357727557,True,True,CIT [ENST00000392520],Human,data/coding_sequences/ENST00000392520_CDS.fasta,data/coding_sequences/ENST00000392520_REJ.N.fasta,data/coding_sequences/ENST00000392520_REJ.C.fasta
111234,CIT,citron rho-interacting serine/threonine kinase,ENSG00000122966,ENST00000676849,12,4827,3.683677298818692,True,True,CIT [ENST00000676849],Human,data/coding_sequences/ENST00000676849_CDS.fasta,data/coding_sequences/ENST00000676849_REJ.N.fasta,data/coding_sequences/ENST00000676849_REJ.C.fasta
110872,CIT,citron rho-interacting serine/threonine kinase,ENSG00000122966,ENST00000677993,12,4812,3.6823256186678073,True,True,CIT [ENST00000677993],Human,data/coding_sequences/ENST00000677993_CDS.fasta,data/coding_sequences/ENST00000677993_REJ.N.fasta,data/coding_sequences/ENST00000677993_REJ.C.fasta
4721,CKAP5,cytoskeleton associated protein 5,ENSG00000175216,ENST00000312055,11,5919,3.7722483399718536,False,True,CKAP5 [ENST00000312055],Human,data/coding_sequences/ENST00000312055_CDS.fasta,data/coding_sequences/ENST00000312055_REJ.N.fasta,data/coding_sequences/ENST00000312055_REJ.C.fasta
14250,CKAP5,cytoskeleton associated protein 5,ENSG00000175216,ENST00000354558,11,5919,3.7722483399718536,False,True,CKAP5 [ENST00000354558],Human,data/coding_sequences/ENST00000354558_CDS.fasta,data/coding_sequences/ENST00000354558_REJ.N.fasta,data/coding_sequences/ENST00000354558_REJ.C.fasta
64963,CKAP5,cytoskeleton associated protein 5,ENSG00000175216,ENST00000529230,11,6099,3.785258633357701,False,True,CKAP5 [ENST00000529230],Human,data/coding_sequences/ENST00000529230_CDS.fasta,data/coding_sequences/ENST00000529230_REJ.N.fasta,data/coding_sequences/ENST00000529230_REJ.C.fasta
118469,CLASP1,cytoplasmic linker associated protein 1,ENSG00000074054,ENST00000696935,2,4680,3.670245853074124,False,True,CLASP1 [ENST00000696935],Human,data/coding_sequences/ENST00000696935_CDS.fasta,data/coding_sequences/ENST00000696935_REJ.N.fasta,data/coding_sequences/ENST00000696935_REJ.C.fasta
4432,CLASP1,cytoplasmic linker associated protein 1,ENSG00000074054,ENST00000263710,2,4617,3.664359874551141,False,True,CLASP1 [ENST00000263710],Human,data/coding_sequences/ENST00000263710_CDS.fasta,data/coding_sequences/ENST00000263710_REJ.N.fasta,data/coding_sequences/ENST00000263710_REJ.C.fasta
29968,CLASP2,cytoplasmic linker associated protein 2,ENSG00000163539,ENST00000399362,3,4542,3.6572471298837166,False,True,CLASP2 [ENST00000399362],Human,data/coding_sequences/ENST00000399362_CDS.fasta,data/coding_sequences/ENST00000399362_REJ.N.fasta,data/coding_sequences/ENST00000399362_REJ.C.fasta
50765,CLASP2,cytoplasmic linker associated protein 2,ENSG00000163539,ENST00000468888,3,4545,3.657533887557986,False,True,CLASP2 [ENST00000468888],Human,data/coding_sequences/ENST00000468888_CDS.fasta,data/coding_sequences/ENST00000468888_REJ.N.fasta,data/coding_sequences/ENST00000468888_REJ.C.fasta
15455,CLASP2,cytoplasmic linker associated protein 2,ENSG00000163539,ENST00000359576,3,4548,3.6578204560156973,False,True,CLASP2 [ENST00000359576],Human,data/coding_sequences/ENST00000359576_CDS.fasta,data/coding_sequences/ENST00000359576_REJ.N.fasta,data/coding_sequences/ENST00000359576_REJ.C.fasta
112523,CLASP2,cytoplasmic linker associated protein 2,ENSG00000163539,ENST00000682230,3,4521,3.655234507034294,False,True,CLASP2 [ENST00000682230],Human,data/coding_sequences/ENST00000682230_CDS.fasta,data/coding_sequences/ENST00000682230_REJ.N.fasta,data/coding_sequences/ENST00000682230_REJ.C.fasta
79169,CLTC,clathrin heavy chain,ENSG00000141367,ENST00000580081,17,5040,3.7024305364455254,True,True,CLTC [ENST00000580081],Human,data/coding_sequences/ENST00000580081_CDS.fasta,data/coding_sequences/ENST00000580081_REJ.N.fasta,data/coding_sequences/ENST00000580081_REJ.C.fasta
5022,CLTC,clathrin heavy chain,ENSG00000141367,ENST00000269122,17,5028,3.7013952690139202,True,True,CLTC [ENST00000269122],Human,data/coding_sequences/ENST00000269122_CDS.fasta,data/coding_sequences/ENST00000269122_REJ.N.fasta,data/coding_sequences/ENST00000269122_REJ.C.fasta
22750,CLTC,clathrin heavy chain,ENSG00000141367,ENST00000393043,17,4920,3.69196510276736,True,True,CLTC [ENST00000393043],Human,data/coding_sequences/ENST00000393043_CDS.fasta,data/coding_sequences/ENST00000393043_REJ.N.fasta,data/coding_sequences/ENST00000393043_REJ.C.fasta
119139,CLTC,clathrin heavy chain,ENSG00000141367,ENST00000700707,17,5028,3.7013952690139202,True,True,CLTC [ENST00000700707],Human,data/coding_sequences/ENST00000700707_CDS.fasta,data/coding_sequences/ENST00000700707_REJ.N.fasta,data/coding_sequences/ENST00000700707_REJ.C.fasta
119714,CLTC,clathrin heavy chain,ENSG00000141367,ENST00000700713,17,5031,3.7016543173257483,True,True,CLTC [ENST00000700713],Human,data/coding_sequences/ENST00000700713_CDS.fasta,data/coding_sequences/ENST00000700713_REJ.N.fasta,data/coding_sequences/ENST00000700713_REJ.C.fasta
119116,CLTC,clathrin heavy chain,ENSG00000141367,ENST00000700712,17,4956,3.695131297704026,True,True,CLTC [ENST00000700712],Human,data/coding_sequences/ENST00000700712_CDS.fasta,data/coding_sequences/ENST00000700712_REJ.N.fasta,data/coding_sequences/ENST00000700712_REJ.C.fasta
119053,CLTC,clathrin heavy chain,ENSG00000141367,ENST00000700709,17,5043,3.7026889681591335,True,True,CLTC [ENST00000700709],Human,data/coding_sequences/ENST00000700709_CDS.fasta,data/coding_sequences/ENST00000700709_REJ.N.fasta,data/coding_sequences/ENST00000700709_REJ.C.fasta
120571,CLTC,clathrin heavy chain,ENSG00000141367,ENST00000700714,17,4551,3.658106835506393,True,True,CLTC [ENST00000700714],Human,data/coding_sequences/ENST00000700714_CDS.fasta,data/coding_sequences/ENST00000700714_REJ.N.fasta,data/coding_sequences/ENST00000700714_REJ.C.fasta
52407,CLTC,clathrin heavy chain,ENSG00000141367,ENST00000472651,17,5049,3.7032053706954864,True,True,CLTC [ENST00000472651],Human,data/coding_sequences/ENST00000472651_CDS.fasta,data/coding_sequences/ENST00000472651_REJ.N.fasta,data/coding_sequences/ENST00000472651_REJ.C.fasta
119938,CLTC,clathrin heavy chain,ENSG00000141367,ENST00000700708,17,4854,3.686099771995916,True,True,CLTC [ENST00000700708],Human,data/coding_sequences/ENST00000700708_CDS.fasta,data/coding_sequences/ENST00000700708_REJ.N.fasta,data/coding_sequences/ENST00000700708_REJ.C.fasta
119264,CLTC,clathrin heavy chain,ENSG00000141367,ENST00000700711,17,5040,3.7024305364455254,True,True,CLTC [ENST00000700711],Human,data/coding_sequences/ENST00000700711_CDS.fasta,data/coding_sequences/ENST00000700711_REJ.N.fasta,data/coding_sequences/ENST00000700711_REJ.C.fasta
119134,CLTC,clathrin heavy chain,ENSG00000141367,ENST00000700710,17,4740,3.6757783416740852,True,True,CLTC [ENST00000700710],Human,data/coding_sequences/ENST00000700710_CDS.fasta,data/coding_sequences/ENST00000700710_REJ.N.fasta,data/coding_sequences/ENST00000700710_REJ.C.fasta
91081,CLTCL1,clathrin heavy chain like 1,ENSG00000070371,ENST00000621271,22,4752,3.6768764319731373,False,True,CLTCL1 [ENST00000621271],Human,data/coding_sequences/ENST00000621271_CDS.fasta,data/coding_sequences/ENST00000621271_REJ.N.fasta,data/coding_sequences/ENST00000621271_REJ.C.fasta
35798,CLTCL1,clathrin heavy chain like 1,ENSG00000070371,ENST00000427926,22,4923,3.6922298357727557,False,True,CLTCL1 [ENST00000427926],Human,data/coding_sequences/ENST00000427926_CDS.fasta,data/coding_sequences/ENST00000427926_REJ.N.fasta,data/coding_sequences/ENST00000427926_REJ.C.fasta
81261,CNOT1,CCR4-NOT transcription complex subunit 1,ENSG00000125107,ENST00000567188,16,6453,3.809761665107125,True,True,CNOT1 [ENST00000567188],Human,data/coding_sequences/ENST00000567188_CDS.fasta,data/coding_sequences/ENST00000567188_REJ.N.fasta,data/coding_sequences/ENST00000567188_REJ.C.fasta
43460,CNOT1,CCR4-NOT transcription complex subunit 1,ENSG00000125107,ENST00000441024,16,4656,3.668012971641832,True,True,CNOT1 [ENST00000441024],Human,data/coding_sequences/ENST00000441024_CDS.fasta,data/coding_sequences/ENST00000441024_REJ.N.fasta,data/coding_sequences/ENST00000441024_REJ.C.fasta
78978,CNOT1,CCR4-NOT transcription complex subunit 1,ENSG00000125107,ENST00000569240,16,7116,3.8522359394118872,True,True,CNOT1 [ENST00000569240],Human,data/coding_sequences/ENST00000569240_CDS.fasta,data/coding_sequences/ENST00000569240_REJ.N.fasta,data/coding_sequences/ENST00000569240_REJ.C.fasta
12033,CNOT1,CCR4-NOT transcription complex subunit 1,ENSG00000125107,ENST00000317147,16,7131,3.8531504364478426,True,True,CNOT1 [ENST00000317147],Human,data/coding_sequences/ENST00000317147_CDS.fasta,data/coding_sequences/ENST00000317147_REJ.N.fasta,data/coding_sequences/ENST00000317147_REJ.C.fasta
20873,CNTRL,centriolin,ENSG00000119397,ENST00000373850,9,5322,3.72607487021537,False,True,CNTRL [ENST00000373850],Human,data/coding_sequences/ENST00000373850_CDS.fasta,data/coding_sequences/ENST00000373850_REJ.N.fasta,data/coding_sequences/ENST00000373850_REJ.C.fasta
114507,CNTRL,centriolin,ENSG00000119397,ENST00000686219,9,5421,3.734079407280594,False,True,CNTRL [ENST00000686219],Human,data/coding_sequences/ENST00000686219_CDS.fasta,data/coding_sequences/ENST00000686219_REJ.N.fasta,data/coding_sequences/ENST00000686219_REJ.C.fasta
115614,CNTRL,centriolin,ENSG00000119397,ENST00000685839,9,5373,3.730216840568694,False,True,CNTRL [ENST00000685839],Human,data/coding_sequences/ENST00000685839_CDS.fasta,data/coding_sequences/ENST00000685839_REJ.N.fasta,data/coding_sequences/ENST00000685839_REJ.C.fasta
21333,CNTRL,centriolin,ENSG00000119397,ENST00000373847,9,5103,3.7078255683322316,False,True,CNTRL [ENST00000373847],Human,data/coding_sequences/ENST00000373847_CDS.fasta,data/coding_sequences/ENST00000373847_REJ.N.fasta,data/coding_sequences/ENST00000373847_REJ.C.fasta
17794,CNTRL,centriolin,ENSG00000119397,ENST00000373855,9,6978,3.843730965112092,False,True,CNTRL [ENST00000373855],Human,data/coding_sequences/ENST00000373855_CDS.fasta,data/coding_sequences/ENST00000373855_REJ.N.fasta,data/coding_sequences/ENST00000373855_REJ.C.fasta
14497,COL11A1,collagen type XI alpha 1 chain,ENSG00000060718,ENST00000353414,1,5304,3.7246035153967165,True,True,COL11A1 [ENST00000353414],Human,data/coding_sequences/ENST00000353414_CDS.fasta,data/coding_sequences/ENST00000353414_REJ.N.fasta,data/coding_sequences/ENST00000353414_REJ.C.fasta
60849,COL11A1,collagen type XI alpha 1 chain,ENSG00000060718,ENST00000512756,1,5073,3.7052648623174043,True,True,COL11A1 [ENST00000512756],Human,data/coding_sequences/ENST00000512756_CDS.fasta,data/coding_sequences/ENST00000512756_REJ.N.fasta,data/coding_sequences/ENST00000512756_REJ.C.fasta
16698,COL11A1,collagen type XI alpha 1 chain,ENSG00000060718,ENST00000358392,1,5457,3.736953953783146,True,True,COL11A1 [ENST00000358392],Human,data/coding_sequences/ENST00000358392_CDS.fasta,data/coding_sequences/ENST00000358392_REJ.N.fasta,data/coding_sequences/ENST00000358392_REJ.C.fasta
19013,COL11A1,collagen type XI alpha 1 chain,ENSG00000060718,ENST00000370096,1,5421,3.734079407280594,True,True,COL11A1 [ENST00000370096],Human,data/coding_sequences/ENST00000370096_CDS.fasta,data/coding_sequences/ENST00000370096_REJ.N.fasta,data/coding_sequences/ENST00000370096_REJ.C.fasta
41996,COL11A2,collagen type XI alpha 2 chain,ENSG00000235708,ENST00000447349,CHR_HSCHR6_MHC_MCF_CTG1,4953,3.694868327982456,True,True,COL11A2 [ENST00000447349],Human,data/coding_sequences/ENST00000447349_CDS.fasta,data/coding_sequences/ENST00000447349_REJ.N.fasta,data/coding_sequences/ENST00000447349_REJ.C.fasta
71097,COL11A2,collagen type XI alpha 2 chain,ENSG00000206290,ENST00000549836,CHR_HSCHR6_MHC_QBL_CTG1,5211,3.7169210731667612,True,True,COL11A2 [ENST00000549836],Human,data/coding_sequences/ENST00000549836_CDS.fasta,data/coding_sequences/ENST00000549836_REJ.N.fasta,data/coding_sequences/ENST00000549836_REJ.C.fasta
13036,COL11A2,collagen type XI alpha 2 chain,ENSG00000204248,ENST00000341947,6,5211,3.7169210731667612,True,True,COL11A2 [ENST00000341947],Human,data/coding_sequences/ENST00000341947_CDS.fasta,data/coding_sequences/ENST00000341947_REJ.N.fasta,data/coding_sequences/ENST00000341947_REJ.C.fasta
72762,COL11A2,collagen type XI alpha 2 chain,ENSG00000230930,ENST00000551758,CHR_HSCHR6_MHC_DBB_CTG1,5211,3.7169210731667612,True,True,COL11A2 [ENST00000551758],Human,data/coding_sequences/ENST00000551758_CDS.fasta,data/coding_sequences/ENST00000551758_REJ.N.fasta,data/coding_sequences/ENST00000551758_REJ.C.fasta
71435,COL11A2,collagen type XI alpha 2 chain,ENSG00000227801,ENST00000549811,CHR_HSCHR6_MHC_COX_CTG1,5211,3.7169210731667612,True,True,COL11A2 [ENST00000549811],Human,data/coding_sequences/ENST00000549811_CDS.fasta,data/coding_sequences/ENST00000549811_REJ.N.fasta,data/coding_sequences/ENST00000549811_REJ.C.fasta
40265,COL11A2,collagen type XI alpha 2 chain,ENSG00000232541,ENST00000443138,CHR_HSCHR6_MHC_SSTO_CTG1,4872,3.687707279624819,True,True,COL11A2 [ENST00000443138],Human,data/coding_sequences/ENST00000443138_CDS.fasta,data/coding_sequences/ENST00000443138_REJ.N.fasta,data/coding_sequences/ENST00000443138_REJ.C.fasta
70709,COL11A2,collagen type XI alpha 2 chain,ENSG00000235708,ENST00000549885,CHR_HSCHR6_MHC_MCF_CTG1,5211,3.7169210731667612,True,True,COL11A2 [ENST00000549885],Human,data/coding_sequences/ENST00000549885_CDS.fasta,data/coding_sequences/ENST00000549885_REJ.N.fasta,data/coding_sequences/ENST00000549885_REJ.C.fasta
71774,COL11A2,collagen type XI alpha 2 chain,ENSG00000206290,ENST00000549491,CHR_HSCHR6_MHC_QBL_CTG1,4890,3.6893088591236203,True,True,COL11A2 [ENST00000549491],Human,data/coding_sequences/ENST00000549491_CDS.fasta,data/coding_sequences/ENST00000549491_REJ.N.fasta,data/coding_sequences/ENST00000549491_REJ.C.fasta
70524,COL11A2,collagen type XI alpha 2 chain,ENSG00000235708,ENST00000552473,CHR_HSCHR6_MHC_MCF_CTG1,4890,3.6893088591236203,True,True,COL11A2 [ENST00000552473],Human,data/coding_sequences/ENST00000552473_CDS.fasta,data/coding_sequences/ENST00000552473_REJ.N.fasta,data/coding_sequences/ENST00000552473_REJ.C.fasta
72838,COL11A2,collagen type XI alpha 2 chain,ENSG00000223699,ENST00000551413,CHR_HSCHR6_MHC_MANN_CTG1,5211,3.7169210731667612,True,True,COL11A2 [ENST00000551413],Human,data/coding_sequences/ENST00000551413_CDS.fasta,data/coding_sequences/ENST00000551413_REJ.N.fasta,data/coding_sequences/ENST00000551413_REJ.C.fasta
73607,COL11A2,collagen type XI alpha 2 chain,ENSG00000227801,ENST00000551542,CHR_HSCHR6_MHC_COX_CTG1,4890,3.6893088591236203,True,True,COL11A2 [ENST00000551542],Human,data/coding_sequences/ENST00000551542_CDS.fasta,data/coding_sequences/ENST00000551542_REJ.N.fasta,data/coding_sequences/ENST00000551542_REJ.C.fasta
46875,COL11A2,collagen type XI alpha 2 chain,ENSG00000230930,ENST00000448717,CHR_HSCHR6_MHC_DBB_CTG1,4953,3.694868327982456,True,True,COL11A2 [ENST00000448717],Human,data/coding_sequences/ENST00000448717_CDS.fasta,data/coding_sequences/ENST00000448717_REJ.N.fasta,data/coding_sequences/ENST00000448717_REJ.C.fasta
24926,COL11A2,collagen type XI alpha 2 chain,ENSG00000227801,ENST00000383087,CHR_HSCHR6_MHC_COX_CTG1,4953,3.694868327982456,True,True,COL11A2 [ENST00000383087],Human,data/coding_sequences/ENST00000383087_CDS.fasta,data/coding_sequences/ENST00000383087_REJ.N.fasta,data/coding_sequences/ENST00000383087_REJ.C.fasta
73347,COL11A2,collagen type XI alpha 2 chain,ENSG00000223699,ENST00000552134,CHR_HSCHR6_MHC_MANN_CTG1,4890,3.6893088591236203,True,True,COL11A2 [ENST00000552134],Human,data/coding_sequences/ENST00000552134_CDS.fasta,data/coding_sequences/ENST00000552134_REJ.N.fasta,data/coding_sequences/ENST00000552134_REJ.C.fasta
17845,COL11A2,collagen type XI alpha 2 chain,ENSG00000204248,ENST00000374708,6,4953,3.694868327982456,True,True,COL11A2 [ENST00000374708],Human,data/coding_sequences/ENST00000374708_CDS.fasta,data/coding_sequences/ENST00000374708_REJ.N.fasta,data/coding_sequences/ENST00000374708_REJ.C.fasta
22903,COL11A2,collagen type XI alpha 2 chain,ENSG00000206290,ENST00000383219,CHR_HSCHR6_MHC_QBL_CTG1,4953,3.694868327982456,True,True,COL11A2 [ENST00000383219],Human,data/coding_sequences/ENST00000383219_CDS.fasta,data/coding_sequences/ENST00000383219_REJ.N.fasta,data/coding_sequences/ENST00000383219_REJ.C.fasta
39022,COL11A2,collagen type XI alpha 2 chain,ENSG00000223699,ENST00000425729,CHR_HSCHR6_MHC_MANN_CTG1,4953,3.694868327982456,True,True,COL11A2 [ENST00000425729],Human,data/coding_sequences/ENST00000425729_CDS.fasta,data/coding_sequences/ENST00000425729_REJ.N.fasta,data/coding_sequences/ENST00000425729_REJ.C.fasta
73131,COL11A2,collagen type XI alpha 2 chain,ENSG00000230930,ENST00000550998,CHR_HSCHR6_MHC_DBB_CTG1,4890,3.6893088591236203,True,True,COL11A2 [ENST00000550998],Human,data/coding_sequences/ENST00000550998_CDS.fasta,data/coding_sequences/ENST00000550998_REJ.N.fasta,data/coding_sequences/ENST00000550998_REJ.C.fasta
9404,COL12A1,collagen type XII alpha 1 chain,ENSG00000111799,ENST00000345356,6,5700,3.7558748556724915,True,True,COL12A1 [ENST00000345356],Human,data/coding_sequences/ENST00000345356_CDS.fasta,data/coding_sequences/ENST00000345356_REJ.N.fasta,data/coding_sequences/ENST00000345356_REJ.C.fasta
4730,COL14A1,collagen type XIV alpha 1 chain,ENSG00000187955,ENST00000297848,8,5391,3.7316693318286362,False,True,COL14A1 [ENST00000297848],Human,data/coding_sequences/ENST00000297848_CDS.fasta,data/coding_sequences/ENST00000297848_REJ.N.fasta,data/coding_sequences/ENST00000297848_REJ.C.fasta
5284,COL14A1,collagen type XIV alpha 1 chain,ENSG00000187955,ENST00000309791,8,5343,3.727785174182906,False,True,COL14A1 [ENST00000309791],Human,data/coding_sequences/ENST00000309791_CDS.fasta,data/coding_sequences/ENST00000309791_REJ.N.fasta,data/coding_sequences/ENST00000309791_REJ.C.fasta
21713,COL16A1,collagen type XVI alpha 1 chain,ENSG00000084636,ENST00000373672,1,4815,3.6825962914605532,False,True,COL16A1 [ENST00000373672],Human,data/coding_sequences/ENST00000373672_CDS.fasta,data/coding_sequences/ENST00000373672_REJ.N.fasta,data/coding_sequences/ENST00000373672_REJ.C.fasta
17516,COL18A1,collagen type XVIII alpha 1 chain,ENSG00000182871,ENST00000355480,21,4560,3.658964842664435,True,True,COL18A1 [ENST00000355480],Human,data/coding_sequences/ENST00000355480_CDS.fasta,data/coding_sequences/ENST00000355480_REJ.N.fasta,data/coding_sequences/ENST00000355480_REJ.C.fasta
17103,COL18A1,collagen type XVIII alpha 1 chain,ENSG00000182871,ENST00000359759,21,5265,3.721398375521505,True,True,COL18A1 [ENST00000359759],Human,data/coding_sequences/ENST00000359759_CDS.fasta,data/coding_sequences/ENST00000359759_REJ.N.fasta,data/coding_sequences/ENST00000359759_REJ.C.fasta
6792,COL22A1,collagen type XXII alpha 1 chain,ENSG00000169436,ENST00000303045,8,4881,3.6885088076565213,False,True,COL22A1 [ENST00000303045],Human,data/coding_sequences/ENST00000303045_CDS.fasta,data/coding_sequences/ENST00000303045_REJ.N.fasta,data/coding_sequences/ENST00000303045_REJ.C.fasta
19259,COL24A1,collagen type XXIV alpha 1 chain,ENSG00000171502,ENST00000370571,1,5145,3.7113853790984517,False,True,COL24A1 [ENST00000370571],Human,data/coding_sequences/ENST00000370571_CDS.fasta,data/coding_sequences/ENST00000370571_REJ.N.fasta,data/coding_sequences/ENST00000370571_REJ.C.fasta
16983,COL27A1,collagen type XXVII alpha 1 chain,ENSG00000196739,ENST00000356083,9,5583,3.7468676278504294,True,True,COL27A1 [ENST00000356083],Human,data/coding_sequences/ENST00000356083_CDS.fasta,data/coding_sequences/ENST00000356083_REJ.N.fasta,data/coding_sequences/ENST00000356083_REJ.C.fasta
19016,COL4A1,collagen type IV alpha 1 chain,ENSG00000187498,ENST00000375820,13,5010,3.699837725867246,True,True,COL4A1 [ENST00000375820],Human,data/coding_sequences/ENST00000375820_CDS.fasta,data/coding_sequences/ENST00000375820_REJ.N.fasta,data/coding_sequences/ENST00000375820_REJ.C.fasta
16782,COL4A2,collagen type IV alpha 2 chain,ENSG00000134871,ENST00000360467,13,5139,3.710878617685173,True,True,COL4A2 [ENST00000360467],Human,data/coding_sequences/ENST00000360467_CDS.fasta,data/coding_sequences/ENST00000360467_REJ.N.fasta,data/coding_sequences/ENST00000360467_REJ.C.fasta
30640,COL4A3,collagen type IV alpha 3 chain,ENSG00000169031,ENST00000396578,2,5013,3.7000977046130537,True,True,COL4A3 [ENST00000396578],Human,data/coding_sequences/ENST00000396578_CDS.fasta,data/coding_sequences/ENST00000396578_REJ.N.fasta,data/coding_sequences/ENST00000396578_REJ.C.fasta
26931,COL4A4,collagen type IV alpha 4 chain,ENSG00000081052,ENST00000396625,2,5073,3.7052648623174043,True,True,COL4A4 [ENST00000396625],Human,data/coding_sequences/ENST00000396625_CDS.fasta,data/coding_sequences/ENST00000396625_REJ.N.fasta,data/coding_sequences/ENST00000396625_REJ.C.fasta
14520,COL4A5,collagen type IV alpha 5 chain,ENSG00000188153,ENST00000361603,X,5058,3.703978825008386,True,True,COL4A5 [ENST00000361603],Human,data/coding_sequences/ENST00000361603_CDS.fasta,data/coding_sequences/ENST00000361603_REJ.N.fasta,data/coding_sequences/ENST00000361603_REJ.C.fasta
11140,COL4A5,collagen type IV alpha 5 chain,ENSG00000188153,ENST00000328300,X,5076,3.705521613422667,True,True,COL4A5 [ENST00000328300],Human,data/coding_sequences/ENST00000328300_CDS.fasta,data/coding_sequences/ENST00000328300_REJ.N.fasta,data/coding_sequences/ENST00000328300_REJ.C.fasta
28097,COL4A6,collagen type IV alpha 6 chain,ENSG00000197565,ENST00000394872,X,5124,3.7096091210726487,False,True,COL4A6 [ENST00000394872],Human,data/coding_sequences/ENST00000394872_CDS.fasta,data/coding_sequences/ENST00000394872_REJ.N.fasta,data/coding_sequences/ENST00000394872_REJ.C.fasta
92823,COL4A6,collagen type IV alpha 6 chain,ENSG00000197565,ENST00000621266,X,5001,3.699056854547668,False,True,COL4A6 [ENST00000621266],Human,data/coding_sequences/ENST00000621266_CDS.fasta,data/coding_sequences/ENST00000621266_REJ.N.fasta,data/coding_sequences/ENST00000621266_REJ.C.fasta
67147,COL4A6,collagen type IV alpha 6 chain,ENSG00000197565,ENST00000538570,X,4902,3.690373306916059,False,True,COL4A6 [ENST00000538570],Human,data/coding_sequences/ENST00000538570_CDS.fasta,data/coding_sequences/ENST00000538570_REJ.N.fasta,data/coding_sequences/ENST00000538570_REJ.C.fasta
12833,COL4A6,collagen type IV alpha 6 chain,ENSG00000197565,ENST00000334504,X,5073,3.7052648623174043,False,True,COL4A6 [ENST00000334504],Human,data/coding_sequences/ENST00000334504_CDS.fasta,data/coding_sequences/ENST00000334504_REJ.N.fasta,data/coding_sequences/ENST00000334504_REJ.C.fasta
21661,COL4A6,collagen type IV alpha 6 chain,ENSG00000197565,ENST00000372216,X,5076,3.705521613422667,False,True,COL4A6 [ENST00000372216],Human,data/coding_sequences/ENST00000372216_CDS.fasta,data/coding_sequences/ENST00000372216_REJ.N.fasta,data/coding_sequences/ENST00000372216_REJ.C.fasta
19067,COL5A1,collagen type V alpha 1 chain,ENSG00000130635,ENST00000371817,9,5517,3.74170298395774,True,True,COL5A1 [ENST00000371817],Human,data/coding_sequences/ENST00000371817_CDS.fasta,data/coding_sequences/ENST00000371817_REJ.N.fasta,data/coding_sequences/ENST00000371817_REJ.C.fasta
21512,COL5A1,collagen type V alpha 1 chain,ENSG00000130635,ENST00000371820,9,5517,3.74170298395774,True,True,COL5A1 [ENST00000371820],Human,data/coding_sequences/ENST00000371820_CDS.fasta,data/coding_sequences/ENST00000371820_REJ.N.fasta,data/coding_sequences/ENST00000371820_REJ.C.fasta
3898,COL5A3,collagen type V alpha 3 chain,ENSG00000080573,ENST00000264828,19,5238,3.7191654940892134,False,True,COL5A3 [ENST00000264828],Human,data/coding_sequences/ENST00000264828_CDS.fasta,data/coding_sequences/ENST00000264828_REJ.N.fasta,data/coding_sequences/ENST00000264828_REJ.C.fasta
52388,COL6A3,collagen type VI alpha 3 chain,ENSG00000163359,ENST00000472056,2,7713,3.887223331362523,True,True,COL6A3 [ENST00000472056],Human,data/coding_sequences/ENST00000472056_CDS.fasta,data/coding_sequences/ENST00000472056_REJ.N.fasta,data/coding_sequences/ENST00000472056_REJ.C.fasta
59466,COL6A5,collagen type VI alpha 5 chain,ENSG00000172752,ENST00000512836,3,7581,3.8797264966395772,False,True,COL6A5 [ENST00000512836],Human,data/coding_sequences/ENST00000512836_CDS.fasta,data/coding_sequences/ENST00000512836_REJ.N.fasta,data/coding_sequences/ENST00000512836_REJ.C.fasta
18919,COL6A5,collagen type VI alpha 5 chain,ENSG00000172752,ENST00000373157,3,7845,3.8945929479229555,False,True,COL6A5 [ENST00000373157],Human,data/coding_sequences/ENST00000373157_CDS.fasta,data/coding_sequences/ENST00000373157_REJ.N.fasta,data/coding_sequences/ENST00000373157_REJ.C.fasta
4707,COL6A5,collagen type VI alpha 5 chain,ENSG00000172752,ENST00000312481,3,7848,3.894758994371892,False,True,COL6A5 [ENST00000312481],Human,data/coding_sequences/ENST00000312481_CDS.fasta,data/coding_sequences/ENST00000312481_REJ.N.fasta,data/coding_sequences/ENST00000312481_REJ.C.fasta
17139,COL6A6,collagen type VI alpha 6 chain,ENSG00000206384,ENST00000358511,3,6792,3.831997677235896,False,True,COL6A6 [ENST00000358511],Human,data/coding_sequences/ENST00000358511_CDS.fasta,data/coding_sequences/ENST00000358511_REJ.N.fasta,data/coding_sequences/ENST00000358511_REJ.C.fasta
106378,CPAMD8,C3 and PZP like alpha-2-macroglobulin domain containing 8,ENSG00000160111,ENST00000651564,19,5448,3.736237098904729,True,True,CPAMD8 [ENST00000651564],Human,data/coding_sequences/ENST00000651564_CDS.fasta,data/coding_sequences/ENST00000651564_REJ.N.fasta,data/coding_sequences/ENST00000651564_REJ.C.fasta
42980,CPAMD8,C3 and PZP like alpha-2-macroglobulin domain containing 8,ENSG00000160111,ENST00000443236,19,5658,3.752662943120972,True,True,CPAMD8 [ENST00000443236],Human,data/coding_sequences/ENST00000443236_CDS.fasta,data/coding_sequences/ENST00000443236_REJ.N.fasta,data/coding_sequences/ENST00000443236_REJ.C.fasta
61094,CPLANE1,ciliogenesis and planar polarity effector complex subunit 1,ENSG00000197603,ENST00000509849,5,5670,3.7535830588929064,True,True,CPLANE1 [ENST00000509849],Human,data/coding_sequences/ENST00000509849_CDS.fasta,data/coding_sequences/ENST00000509849_REJ.N.fasta,data/coding_sequences/ENST00000509849_REJ.C.fasta
60216,CPLANE1,ciliogenesis and planar polarity effector complex subunit 1,ENSG00000197603,ENST00000514429,5,6792,3.831997677235896,True,True,CPLANE1 [ENST00000514429],Human,data/coding_sequences/ENST00000514429_CDS.fasta,data/coding_sequences/ENST00000514429_REJ.N.fasta,data/coding_sequences/ENST00000514429_REJ.C.fasta
1634,CPS1,carbamoyl-phosphate synthase 1,ENSG00000021826,ENST00000233072,2,4503,3.653501946962933,True,True,CPS1 [ENST00000233072],Human,data/coding_sequences/ENST00000233072_CDS.fasta,data/coding_sequences/ENST00000233072_REJ.N.fasta,data/coding_sequences/ENST00000233072_REJ.C.fasta
107491,CPS1,carbamoyl-phosphate synthase 1,ENSG00000021826,ENST00000673711,2,4503,3.653501946962933,True,True,CPS1 [ENST00000673711],Human,data/coding_sequences/ENST00000673711_CDS.fasta,data/coding_sequences/ENST00000673711_REJ.N.fasta,data/coding_sequences/ENST00000673711_REJ.C.fasta
108542,CPS1,carbamoyl-phosphate synthase 1,ENSG00000021826,ENST00000673630,2,4503,3.653501946962933,True,True,CPS1 [ENST00000673630],Human,data/coding_sequences/ENST00000673630_CDS.fasta,data/coding_sequences/ENST00000673630_REJ.N.fasta,data/coding_sequences/ENST00000673630_REJ.C.fasta
108546,CPS1,carbamoyl-phosphate synthase 1,ENSG00000021826,ENST00000673510,2,4503,3.653501946962933,True,True,CPS1 [ENST00000673510],Human,data/coding_sequences/ENST00000673510_CDS.fasta,data/coding_sequences/ENST00000673510_REJ.N.fasta,data/coding_sequences/ENST00000673510_REJ.C.fasta
39835,CPS1,carbamoyl-phosphate synthase 1,ENSG00000021826,ENST00000430249,2,4521,3.655234507034294,True,True,CPS1 [ENST00000430249],Human,data/coding_sequences/ENST00000430249_CDS.fasta,data/coding_sequences/ENST00000430249_REJ.N.fasta,data/coding_sequences/ENST00000430249_REJ.C.fasta
15620,CR1,complement C3b/C4b receptor 1 (Knops blood group),ENSG00000203710,ENST00000367053,1,6120,3.7867514221455614,False,True,CR1 [ENST00000367053],Human,data/coding_sequences/ENST00000367053_CDS.fasta,data/coding_sequences/ENST00000367053_REJ.N.fasta,data/coding_sequences/ENST00000367053_REJ.C.fasta
15581,CR1,complement C3b/C4b receptor 1 (Knops blood group),ENSG00000203710,ENST00000367049,1,7470,3.873320601815399,False,True,CR1 [ENST00000367049],Human,data/coding_sequences/ENST00000367049_CDS.fasta,data/coding_sequences/ENST00000367049_REJ.N.fasta,data/coding_sequences/ENST00000367049_REJ.C.fasta
14391,CR1,complement C3b/C4b receptor 1 (Knops blood group),ENSG00000203710,ENST00000367052,1,6120,3.7867514221455614,False,True,CR1 [ENST00000367052],Human,data/coding_sequences/ENST00000367052_CDS.fasta,data/coding_sequences/ENST00000367052_REJ.N.fasta,data/coding_sequences/ENST00000367052_REJ.C.fasta
16761,CR1,complement C3b/C4b receptor 1 (Knops blood group),ENSG00000203710,ENST00000367051,1,6120,3.7867514221455614,False,True,CR1 [ENST00000367051],Human,data/coding_sequences/ENST00000367051_CDS.fasta,data/coding_sequences/ENST00000367051_REJ.N.fasta,data/coding_sequences/ENST00000367051_REJ.C.fasta
27473,CR1,complement C3b/C4b receptor 1 (Knops blood group),ENSG00000203710,ENST00000400960,1,6120,3.7867514221455614,False,True,CR1 [ENST00000400960],Human,data/coding_sequences/ENST00000400960_CDS.fasta,data/coding_sequences/ENST00000400960_REJ.N.fasta,data/coding_sequences/ENST00000400960_REJ.C.fasta
2855,CREBBP,CREB binding protein,ENSG00000005339,ENST00000262367,16,7329,3.865044721693099,True,True,CREBBP [ENST00000262367],Human,data/coding_sequences/ENST00000262367_CDS.fasta,data/coding_sequences/ENST00000262367_REJ.N.fasta,data/coding_sequences/ENST00000262367_REJ.C.fasta
26071,CREBBP,CREB binding protein,ENSG00000005339,ENST00000382070,16,7215,3.858236335429513,True,True,CREBBP [ENST00000382070],Human,data/coding_sequences/ENST00000382070_CDS.fasta,data/coding_sequences/ENST00000382070_REJ.N.fasta,data/coding_sequences/ENST00000382070_REJ.C.fasta
18798,CROCC,"ciliary rootlet coiled-coil, rootletin",ENSG00000058453,ENST00000375541,1,6054,3.782042416620554,False,True,CROCC [ENST00000375541],Human,data/coding_sequences/ENST00000375541_CDS.fasta,data/coding_sequences/ENST00000375541_REJ.N.fasta,data/coding_sequences/ENST00000375541_REJ.C.fasta
44586,CROCC2,"ciliary rootlet coiled-coil, rootletin family member 2",ENSG00000226321,ENST00000443866,2,4968,3.6961815871685237,False,True,CROCC2 [ENST00000443866],Human,data/coding_sequences/ENST00000443866_CDS.fasta,data/coding_sequences/ENST00000443866_REJ.N.fasta,data/coding_sequences/ENST00000443866_REJ.C.fasta
116489,CROCC2,"ciliary rootlet coiled-coil, rootletin family member 2",ENSG00000226321,ENST00000690015,2,4962,3.6956567599361905,False,True,CROCC2 [ENST00000690015],Human,data/coding_sequences/ENST00000690015_CDS.fasta,data/coding_sequences/ENST00000690015_REJ.N.fasta,data/coding_sequences/ENST00000690015_REJ.C.fasta
96268,CRYBG1,crystallin beta-gamma domain containing 1,ENSG00000112297,ENST00000633556,6,6396,3.805908455074197,False,True,CRYBG1 [ENST00000633556],Human,data/coding_sequences/ENST00000633556_CDS.fasta,data/coding_sequences/ENST00000633556_REJ.N.fasta,data/coding_sequences/ENST00000633556_REJ.C.fasta
52413,CRYBG2,crystallin beta-gamma domain containing 2,ENSG00000176092,ENST00000475866,1,5958,3.775100498879025,False,True,CRYBG2 [ENST00000475866],Human,data/coding_sequences/ENST00000475866_CDS.fasta,data/coding_sequences/ENST00000475866_REJ.N.fasta,data/coding_sequences/ENST00000475866_REJ.C.fasta
4983,CRYBG2,crystallin beta-gamma domain containing 2,ENSG00000176092,ENST00000308182,1,4986,3.6977522741677546,False,True,CRYBG2 [ENST00000308182],Human,data/coding_sequences/ENST00000308182_CDS.fasta,data/coding_sequences/ENST00000308182_REJ.N.fasta,data/coding_sequences/ENST00000308182_REJ.C.fasta
6338,CSPG4,chondroitin sulfate proteoglycan 4,ENSG00000173546,ENST00000308508,15,6969,3.843170464519898,False,True,CSPG4 [ENST00000308508],Human,data/coding_sequences/ENST00000308508_CDS.fasta,data/coding_sequences/ENST00000308508_REJ.N.fasta,data/coding_sequences/ENST00000308508_REJ.C.fasta
217,CTTNBP2,cortactin binding protein 2,ENSG00000077063,ENST00000160373,7,4992,3.6982745766743674,False,True,CTTNBP2 [ENST00000160373],Human,data/coding_sequences/ENST00000160373_CDS.fasta,data/coding_sequences/ENST00000160373_REJ.N.fasta,data/coding_sequences/ENST00000160373_REJ.C.fasta
116832,CUL7,cullin 7,ENSG00000044090,ENST00000690231,6,5097,3.707314633588708,True,True,CUL7 [ENST00000690231],Human,data/coding_sequences/ENST00000690231_CDS.fasta,data/coding_sequences/ENST00000690231_REJ.N.fasta,data/coding_sequences/ENST00000690231_REJ.C.fasta
3255,CUL7,cullin 7,ENSG00000044090,ENST00000265348,6,5097,3.707314633588708,True,True,CUL7 [ENST00000265348],Human,data/coding_sequences/ENST00000265348_CDS.fasta,data/coding_sequences/ENST00000265348_REJ.N.fasta,data/coding_sequences/ENST00000265348_REJ.C.fasta
106978,CUL7,cullin 7,ENSG00000044090,ENST00000674134,6,5193,3.715418322595056,True,True,CUL7 [ENST00000674134],Human,data/coding_sequences/ENST00000674134_CDS.fasta,data/coding_sequences/ENST00000674134_REJ.N.fasta,data/coding_sequences/ENST00000674134_REJ.C.fasta
107716,CUL7,cullin 7,ENSG00000044090,ENST00000674100,6,5193,3.715418322595056,True,True,CUL7 [ENST00000674100],Human,data/coding_sequences/ENST00000674100_CDS.fasta,data/coding_sequences/ENST00000674100_REJ.N.fasta,data/coding_sequences/ENST00000674100_REJ.C.fasta
108908,CUL7,cullin 7,ENSG00000044090,ENST00000674112,6,4647,3.6671726724788685,True,True,CUL7 [ENST00000674112],Human,data/coding_sequences/ENST00000674112_CDS.fasta,data/coding_sequences/ENST00000674112_REJ.N.fasta,data/coding_sequences/ENST00000674112_REJ.C.fasta
2354,CUL9,cullin 9,ENSG00000112659,ENST00000252050,6,7554,3.878176980491506,False,True,CUL9 [ENST00000252050],Human,data/coding_sequences/ENST00000252050_CDS.fasta,data/coding_sequences/ENST00000252050_REJ.N.fasta,data/coding_sequences/ENST00000252050_REJ.C.fasta
21904,CUL9,cullin 9,ENSG00000112659,ENST00000372647,6,7470,3.873320601815399,False,True,CUL9 [ENST00000372647],Human,data/coding_sequences/ENST00000372647_CDS.fasta,data/coding_sequences/ENST00000372647_REJ.N.fasta,data/coding_sequences/ENST00000372647_REJ.C.fasta
16796,CUX1,cut like homeobox 1,ENSG00000257923,ENST00000360264,7,4551,3.658106835506393,True,True,CUX1 [ENST00000360264],Human,data/coding_sequences/ENST00000360264_CDS.fasta,data/coding_sequences/ENST00000360264_REJ.N.fasta,data/coding_sequences/ENST00000360264_REJ.C.fasta
7971,CUX1,cut like homeobox 1,ENSG00000257923,ENST00000292535,7,4518,3.6549462265843444,True,True,CUX1 [ENST00000292535],Human,data/coding_sequences/ENST00000292535_CDS.fasta,data/coding_sequences/ENST00000292535_REJ.N.fasta,data/coding_sequences/ENST00000292535_REJ.C.fasta
72304,CUX1,cut like homeobox 1,ENSG00000257923,ENST00000546411,7,4518,3.6549462265843444,True,True,CUX1 [ENST00000546411],Human,data/coding_sequences/ENST00000546411_CDS.fasta,data/coding_sequences/ENST00000546411_REJ.N.fasta,data/coding_sequences/ENST00000546411_REJ.C.fasta
37418,DCAF1,DDB1 and CUL4 associated factor 1,ENSG00000145041,ENST00000423656,3,4524,3.6555225962534177,False,True,DCAF1 [ENST00000423656],Human,data/coding_sequences/ENST00000423656_CDS.fasta,data/coding_sequences/ENST00000423656_REJ.N.fasta,data/coding_sequences/ENST00000423656_REJ.C.fasta
116269,DCAF1,DDB1 and CUL4 associated factor 1,ENSG00000145041,ENST00000684031,3,4524,3.6555225962534177,False,True,DCAF1 [ENST00000684031],Human,data/coding_sequences/ENST00000684031_CDS.fasta,data/coding_sequences/ENST00000684031_REJ.N.fasta,data/coding_sequences/ENST00000684031_REJ.C.fasta
57725,DCAF1,DDB1 and CUL4 associated factor 1,ENSG00000145041,ENST00000504652,3,4521,3.655234507034294,False,True,DCAF1 [ENST00000504652],Human,data/coding_sequences/ENST00000504652_CDS.fasta,data/coding_sequences/ENST00000504652_REJ.N.fasta,data/coding_sequences/ENST00000504652_REJ.C.fasta
114466,DCDC1,doublecortin domain containing 1,ENSG00000170959,ENST00000684477,11,5361,3.7292458072253067,False,True,DCDC1 [ENST00000684477],Human,data/coding_sequences/ENST00000684477_CDS.fasta,data/coding_sequences/ENST00000684477_REJ.N.fasta,data/coding_sequences/ENST00000684477_REJ.C.fasta
89429,DCDC1,doublecortin domain containing 1,ENSG00000170959,ENST00000597505,11,5352,3.7285161047597666,False,True,DCDC1 [ENST00000597505],Human,data/coding_sequences/ENST00000597505_CDS.fasta,data/coding_sequences/ENST00000597505_REJ.N.fasta,data/coding_sequences/ENST00000597505_REJ.C.fasta
113664,DDX60,DExD/H-box helicase 60,ENSG00000137628,ENST00000680771,4,5049,3.7032053706954864,False,True,DDX60 [ENST00000680771],Human,data/coding_sequences/ENST00000680771_CDS.fasta,data/coding_sequences/ENST00000680771_REJ.N.fasta,data/coding_sequences/ENST00000680771_REJ.C.fasta
24326,DDX60,DExD/H-box helicase 60,ENSG00000137628,ENST00000393743,4,5139,3.710878617685173,False,True,DDX60 [ENST00000393743],Human,data/coding_sequences/ENST00000393743_CDS.fasta,data/coding_sequences/ENST00000393743_REJ.N.fasta,data/coding_sequences/ENST00000393743_REJ.C.fasta
58944,DDX60L,DExD/H-box 60 like,ENSG00000181381,ENST00000511577,4,5121,3.709354775834396,False,True,DDX60L [ENST00000511577],Human,data/coding_sequences/ENST00000511577_CDS.fasta,data/coding_sequences/ENST00000511577_REJ.N.fasta,data/coding_sequences/ENST00000511577_REJ.C.fasta
113831,DDX60L,DExD/H-box 60 like,ENSG00000181381,ENST00000682922,4,5121,3.709354775834396,False,True,DDX60L [ENST00000682922],Human,data/coding_sequences/ENST00000682922_CDS.fasta,data/coding_sequences/ENST00000682922_REJ.N.fasta,data/coding_sequences/ENST00000682922_REJ.C.fasta
35792,DENND4A,DENN domain containing 4A,ENSG00000174485,ENST00000431932,15,5592,3.747567162737625,False,True,DENND4A [ENST00000431932],Human,data/coding_sequences/ENST00000431932_CDS.fasta,data/coding_sequences/ENST00000431932_REJ.N.fasta,data/coding_sequences/ENST00000431932_REJ.C.fasta
99970,DENND4A,DENN domain containing 4A,ENSG00000174485,ENST00000635620,15,5748,3.759516759462188,False,True,DENND4A [ENST00000635620],Human,data/coding_sequences/ENST00000635620_CDS.fasta,data/coding_sequences/ENST00000635620_REJ.N.fasta,data/coding_sequences/ENST00000635620_REJ.C.fasta
42677,DENND4A,DENN domain containing 4A,ENSG00000174485,ENST00000443035,15,5724,3.7576996250877386,False,True,DENND4A [ENST00000443035],Human,data/coding_sequences/ENST00000443035_CDS.fasta,data/coding_sequences/ENST00000443035_REJ.N.fasta,data/coding_sequences/ENST00000443035_REJ.C.fasta
40100,DENND4C,DENN domain containing 4C,ENSG00000137145,ENST00000434457,9,5877,3.7691556907143986,False,True,DENND4C [ENST00000434457],Human,data/coding_sequences/ENST00000434457_CDS.fasta,data/coding_sequences/ENST00000434457_REJ.N.fasta,data/coding_sequences/ENST00000434457_REJ.C.fasta
88235,DENND4C,DENN domain containing 4C,ENSG00000137145,ENST00000602925,9,5730,3.75815462196739,False,True,DENND4C [ENST00000602925],Human,data/coding_sequences/ENST00000602925_CDS.fasta,data/coding_sequences/ENST00000602925_REJ.N.fasta,data/coding_sequences/ENST00000602925_REJ.C.fasta
27118,DEPDC5,"DEP domain containing 5, GATOR1 subcomplex subunit",ENSG00000100150,ENST00000400249,22,4746,3.6763277338813203,True,True,DEPDC5 [ENST00000400249],Human,data/coding_sequences/ENST00000400249_CDS.fasta,data/coding_sequences/ENST00000400249_REJ.N.fasta,data/coding_sequences/ENST00000400249_REJ.C.fasta
24488,DEPDC5,"DEP domain containing 5, GATOR1 subcomplex subunit",ENSG00000100150,ENST00000382112,22,4812,3.6823256186678073,True,True,DEPDC5 [ENST00000382112],Human,data/coding_sequences/ENST00000382112_CDS.fasta,data/coding_sequences/ENST00000382112_REJ.N.fasta,data/coding_sequences/ENST00000382112_REJ.C.fasta
105775,DEPDC5,"DEP domain containing 5, GATOR1 subcomplex subunit",ENSG00000100150,ENST00000651528,22,4812,3.6823256186678073,True,True,DEPDC5 [ENST00000651528],Human,data/coding_sequences/ENST00000651528_CDS.fasta,data/coding_sequences/ENST00000651528_REJ.N.fasta,data/coding_sequences/ENST00000651528_REJ.C.fasta
38372,DEPDC5,"DEP domain containing 5, GATOR1 subcomplex subunit",ENSG00000100150,ENST00000433147,22,4728,3.674677467873199,True,True,DEPDC5 [ENST00000433147],Human,data/coding_sequences/ENST00000433147_CDS.fasta,data/coding_sequences/ENST00000433147_REJ.N.fasta,data/coding_sequences/ENST00000433147_REJ.C.fasta
103733,DEPDC5,"DEP domain containing 5, GATOR1 subcomplex subunit",ENSG00000100150,ENST00000645560,22,4578,3.660675788338524,True,True,DEPDC5 [ENST00000645560],Human,data/coding_sequences/ENST00000645560_CDS.fasta,data/coding_sequences/ENST00000645560_REJ.N.fasta,data/coding_sequences/ENST00000645560_REJ.C.fasta
102986,DEPDC5,"DEP domain containing 5, GATOR1 subcomplex subunit",ENSG00000100150,ENST00000644331,22,4746,3.6763277338813203,True,True,DEPDC5 [ENST00000644331],Human,data/coding_sequences/ENST00000644331_CDS.fasta,data/coding_sequences/ENST00000644331_REJ.N.fasta,data/coding_sequences/ENST00000644331_REJ.C.fasta
98828,DEPDC5,"DEP domain containing 5, GATOR1 subcomplex subunit",ENSG00000100150,ENST00000642696,22,4719,3.6738499773429494,True,True,DEPDC5 [ENST00000642696],Human,data/coding_sequences/ENST00000642696_CDS.fasta,data/coding_sequences/ENST00000642696_REJ.N.fasta,data/coding_sequences/ENST00000642696_REJ.C.fasta
27750,DEPDC5,"DEP domain containing 5, GATOR1 subcomplex subunit",ENSG00000100150,ENST00000400248,22,4719,3.6738499773429494,True,True,DEPDC5 [ENST00000400248],Human,data/coding_sequences/ENST00000400248_CDS.fasta,data/coding_sequences/ENST00000400248_REJ.N.fasta,data/coding_sequences/ENST00000400248_REJ.C.fasta
104714,DEPDC5,"DEP domain containing 5, GATOR1 subcomplex subunit",ENSG00000100150,ENST00000646969,22,4578,3.660675788338524,True,True,DEPDC5 [ENST00000646969],Human,data/coding_sequences/ENST00000646969_CDS.fasta,data/coding_sequences/ENST00000646969_REJ.N.fasta,data/coding_sequences/ENST00000646969_REJ.C.fasta
67268,DEPDC5,"DEP domain containing 5, GATOR1 subcomplex subunit",ENSG00000100150,ENST00000535622,22,4512,3.654369090975286,True,True,DEPDC5 [ENST00000535622],Human,data/coding_sequences/ENST00000535622_CDS.fasta,data/coding_sequences/ENST00000535622_REJ.N.fasta,data/coding_sequences/ENST00000535622_REJ.C.fasta
104514,DEPDC5,"DEP domain containing 5, GATOR1 subcomplex subunit",ENSG00000100150,ENST00000645711,22,4785,3.6798819421128623,True,True,DEPDC5 [ENST00000645711],Human,data/coding_sequences/ENST00000645711_CDS.fasta,data/coding_sequences/ENST00000645711_REJ.N.fasta,data/coding_sequences/ENST00000645711_REJ.C.fasta
104213,DEPDC5,"DEP domain containing 5, GATOR1 subcomplex subunit",ENSG00000100150,ENST00000645407,22,4770,3.678518379040114,True,True,DEPDC5 [ENST00000645407],Human,data/coding_sequences/ENST00000645407_CDS.fasta,data/coding_sequences/ENST00000645407_REJ.N.fasta,data/coding_sequences/ENST00000645407_REJ.C.fasta
25262,DEPDC5,"DEP domain containing 5, GATOR1 subcomplex subunit",ENSG00000100150,ENST00000382111,22,4659,3.668292710448221,True,True,DEPDC5 [ENST00000382111],Human,data/coding_sequences/ENST00000382111_CDS.fasta,data/coding_sequences/ENST00000382111_REJ.N.fasta,data/coding_sequences/ENST00000382111_REJ.C.fasta
117858,DICER1,"dicer 1, ribonuclease III",ENSG00000100697,ENST00000696736,14,5607,3.7487305560984945,True,True,DICER1 [ENST00000696736],Human,data/coding_sequences/ENST00000696736_CDS.fasta,data/coding_sequences/ENST00000696736_REJ.N.fasta,data/coding_sequences/ENST00000696736_REJ.C.fasta
69058,DICER1,"dicer 1, ribonuclease III",ENSG00000100697,ENST00000532939,14,5148,3.711638538232349,True,True,DICER1 [ENST00000532939],Human,data/coding_sequences/ENST00000532939_CDS.fasta,data/coding_sequences/ENST00000532939_REJ.N.fasta,data/coding_sequences/ENST00000532939_REJ.C.fasta
117082,DICER1,"dicer 1, ribonuclease III",ENSG00000100697,ENST00000696737,14,5148,3.711638538232349,True,True,DICER1 [ENST00000696737],Human,data/coding_sequences/ENST00000696737_CDS.fasta,data/coding_sequences/ENST00000696737_REJ.N.fasta,data/coding_sequences/ENST00000696737_REJ.C.fasta
26058,DICER1,"dicer 1, ribonuclease III",ENSG00000100697,ENST00000393063,14,5769,3.7611005389581424,True,True,DICER1 [ENST00000393063],Human,data/coding_sequences/ENST00000393063_CDS.fasta,data/coding_sequences/ENST00000393063_REJ.N.fasta,data/coding_sequences/ENST00000393063_REJ.C.fasta
62407,DICER1,"dicer 1, ribonuclease III",ENSG00000100697,ENST00000529720,14,5769,3.7611005389581424,True,True,DICER1 [ENST00000529720],Human,data/coding_sequences/ENST00000529720_CDS.fasta,data/coding_sequences/ENST00000529720_REJ.N.fasta,data/coding_sequences/ENST00000529720_REJ.C.fasta
64993,DICER1,"dicer 1, ribonuclease III",ENSG00000100697,ENST00000527414,14,5769,3.7611005389581424,True,True,DICER1 [ENST00000527414],Human,data/coding_sequences/ENST00000527414_CDS.fasta,data/coding_sequences/ENST00000527414_REJ.N.fasta,data/coding_sequences/ENST00000527414_REJ.C.fasta
66818,DICER1,"dicer 1, ribonuclease III",ENSG00000100697,ENST00000541352,14,5490,3.739572344450092,True,True,DICER1 [ENST00000541352],Human,data/coding_sequences/ENST00000541352_CDS.fasta,data/coding_sequences/ENST00000541352_REJ.N.fasta,data/coding_sequences/ENST00000541352_REJ.C.fasta
63376,DICER1,"dicer 1, ribonuclease III",ENSG00000100697,ENST00000526495,14,5769,3.7611005389581424,True,True,DICER1 [ENST00000526495],Human,data/coding_sequences/ENST00000526495_CDS.fasta,data/coding_sequences/ENST00000526495_REJ.N.fasta,data/coding_sequences/ENST00000526495_REJ.C.fasta
10016,DICER1,"dicer 1, ribonuclease III",ENSG00000100697,ENST00000343455,14,5769,3.7611005389581424,True,True,DICER1 [ENST00000343455],Human,data/coding_sequences/ENST00000343455_CDS.fasta,data/coding_sequences/ENST00000343455_REJ.N.fasta,data/coding_sequences/ENST00000343455_REJ.C.fasta
108283,DICER1,"dicer 1, ribonuclease III",ENSG00000100697,ENST00000674628,14,5769,3.7611005389581424,True,True,DICER1 [ENST00000674628],Human,data/coding_sequences/ENST00000674628_CDS.fasta,data/coding_sequences/ENST00000674628_REJ.N.fasta,data/coding_sequences/ENST00000674628_REJ.C.fasta
116414,DICER1,"dicer 1, ribonuclease III",ENSG00000100697,ENST00000696734,14,5370,3.7299742856995555,True,True,DICER1 [ENST00000696734],Human,data/coding_sequences/ENST00000696734_CDS.fasta,data/coding_sequences/ENST00000696734_REJ.N.fasta,data/coding_sequences/ENST00000696734_REJ.C.fasta
66316,DICER1,"dicer 1, ribonuclease III",ENSG00000100697,ENST00000531162,14,5769,3.7611005389581424,True,True,DICER1 [ENST00000531162],Human,data/coding_sequences/ENST00000531162_CDS.fasta,data/coding_sequences/ENST00000531162_REJ.N.fasta,data/coding_sequences/ENST00000531162_REJ.C.fasta
117326,DICER1,"dicer 1, ribonuclease III",ENSG00000100697,ENST00000696923,14,5370,3.7299742856995555,True,True,DICER1 [ENST00000696923],Human,data/coding_sequences/ENST00000696923_CDS.fasta,data/coding_sequences/ENST00000696923_REJ.N.fasta,data/coding_sequences/ENST00000696923_REJ.C.fasta
117464,DICER1,"dicer 1, ribonuclease III",ENSG00000100697,ENST00000696733,14,5373,3.730216840568694,True,True,DICER1 [ENST00000696733],Human,data/coding_sequences/ENST00000696733_CDS.fasta,data/coding_sequences/ENST00000696733_REJ.N.fasta,data/coding_sequences/ENST00000696733_REJ.C.fasta
116555,DICER1,"dicer 1, ribonuclease III",ENSG00000100697,ENST00000696924,14,5373,3.730216840568694,True,True,DICER1 [ENST00000696924],Human,data/coding_sequences/ENST00000696924_CDS.fasta,data/coding_sequences/ENST00000696924_REJ.N.fasta,data/coding_sequences/ENST00000696924_REJ.C.fasta
74839,DICER1,"dicer 1, ribonuclease III",ENSG00000100697,ENST00000556045,14,5409,3.7331169814420644,True,True,DICER1 [ENST00000556045],Human,data/coding_sequences/ENST00000556045_CDS.fasta,data/coding_sequences/ENST00000556045_REJ.N.fasta,data/coding_sequences/ENST00000556045_REJ.C.fasta
2623,DIDO1,death inducer-obliterator 1,ENSG00000101191,ENST00000266070,20,6723,3.8275631112547237,False,True,DIDO1 [ENST00000266070],Human,data/coding_sequences/ENST00000266070_CDS.fasta,data/coding_sequences/ENST00000266070_REJ.N.fasta,data/coding_sequences/ENST00000266070_REJ.C.fasta
28712,DIDO1,death inducer-obliterator 1,ENSG00000101191,ENST00000395343,20,6723,3.8275631112547237,False,True,DIDO1 [ENST00000395343],Human,data/coding_sequences/ENST00000395343_CDS.fasta,data/coding_sequences/ENST00000395343_REJ.N.fasta,data/coding_sequences/ENST00000395343_REJ.C.fasta
28926,DIP2A,disco interacting protein 2 homolog A,ENSG00000160305,ENST00000400274,21,4704,3.6724673130680823,False,True,DIP2A [ENST00000400274],Human,data/coding_sequences/ENST00000400274_CDS.fasta,data/coding_sequences/ENST00000400274_REJ.N.fasta,data/coding_sequences/ENST00000400274_REJ.C.fasta
105127,DIP2A,disco interacting protein 2 homolog A,ENSG00000160305,ENST00000651436,21,4746,3.6763277338813203,False,True,DIP2A [ENST00000651436],Human,data/coding_sequences/ENST00000651436_CDS.fasta,data/coding_sequences/ENST00000651436_REJ.N.fasta,data/coding_sequences/ENST00000651436_REJ.C.fasta
33741,DIP2A,disco interacting protein 2 homolog A,ENSG00000160305,ENST00000417564,21,4716,3.6735737964230517,False,True,DIP2A [ENST00000417564],Human,data/coding_sequences/ENST00000417564_CDS.fasta,data/coding_sequences/ENST00000417564_REJ.N.fasta,data/coding_sequences/ENST00000417564_REJ.C.fasta
7336,DIP2B,disco interacting protein 2 homolog B,ENSG00000066084,ENST00000301180,12,4731,3.674952948048565,True,True,DIP2B [ENST00000301180],Human,data/coding_sequences/ENST00000301180_CDS.fasta,data/coding_sequences/ENST00000301180_REJ.N.fasta,data/coding_sequences/ENST00000301180_REJ.C.fasta
95500,DIP2C,disco interacting protein 2 homolog C,ENSG00000151240,ENST00000634311,10,4869,3.6874397745458944,False,True,DIP2C [ENST00000634311],Human,data/coding_sequences/ENST00000634311_CDS.fasta,data/coding_sequences/ENST00000634311_REJ.N.fasta,data/coding_sequences/ENST00000634311_REJ.C.fasta
24066,DIP2C,disco interacting protein 2 homolog C,ENSG00000151240,ENST00000381496,10,4614,3.664077590185075,False,True,DIP2C [ENST00000381496],Human,data/coding_sequences/ENST00000381496_CDS.fasta,data/coding_sequences/ENST00000381496_REJ.N.fasta,data/coding_sequences/ENST00000381496_REJ.C.fasta
8232,DIP2C,disco interacting protein 2 homolog C,ENSG00000151240,ENST00000280886,10,4671,3.669409867287783,False,True,DIP2C [ENST00000280886],Human,data/coding_sequences/ENST00000280886_CDS.fasta,data/coding_sequences/ENST00000280886_REJ.N.fasta,data/coding_sequences/ENST00000280886_REJ.C.fasta
109827,DISP1,dispatched RND transporter family member 1,ENSG00000154309,ENST00000675961,1,4575,3.6603910984024672,False,True,DISP1 [ENST00000675961],Human,data/coding_sequences/ENST00000675961_CDS.fasta,data/coding_sequences/ENST00000675961_REJ.N.fasta,data/coding_sequences/ENST00000675961_REJ.C.fasta
4771,DISP1,dispatched RND transporter family member 1,ENSG00000154309,ENST00000284476,1,4575,3.6603910984024672,False,True,DISP1 [ENST00000284476],Human,data/coding_sequences/ENST00000284476_CDS.fasta,data/coding_sequences/ENST00000284476_REJ.N.fasta,data/coding_sequences/ENST00000284476_REJ.C.fasta
111380,DISP1,dispatched RND transporter family member 1,ENSG00000154309,ENST00000675850,1,4575,3.6603910984024672,False,True,DISP1 [ENST00000675850],Human,data/coding_sequences/ENST00000675850_CDS.fasta,data/coding_sequences/ENST00000675850_REJ.N.fasta,data/coding_sequences/ENST00000675850_REJ.C.fasta
107754,DISP1,dispatched RND transporter family member 1,ENSG00000154309,ENST00000675039,1,4572,3.660106221723244,False,True,DISP1 [ENST00000675039],Human,data/coding_sequences/ENST00000675039_CDS.fasta,data/coding_sequences/ENST00000675039_REJ.N.fasta,data/coding_sequences/ENST00000675039_REJ.C.fasta
6298,DLC1,DLC1 Rho GTPase activating protein,ENSG00000164741,ENST00000276297,8,4587,3.6615287401319825,True,True,DLC1 [ENST00000276297],Human,data/coding_sequences/ENST00000276297_CDS.fasta,data/coding_sequences/ENST00000276297_REJ.N.fasta,data/coding_sequences/ENST00000276297_REJ.C.fasta
8471,DLEC1,DLEC1 cilia and flagella associated protein,ENSG00000008226,ENST00000308059,3,5268,3.7216457662897464,False,True,DLEC1 [ENST00000308059],Human,data/coding_sequences/ENST00000308059_CDS.fasta,data/coding_sequences/ENST00000308059_REJ.N.fasta,data/coding_sequences/ENST00000308059_REJ.C.fasta
11521,DLEC1,DLEC1 cilia and flagella associated protein,ENSG00000008226,ENST00000346219,3,5337,3.7272972028035873,False,True,DLEC1 [ENST00000346219],Human,data/coding_sequences/ENST00000346219_CDS.fasta,data/coding_sequences/ENST00000346219_REJ.N.fasta,data/coding_sequences/ENST00000346219_REJ.C.fasta
94772,DLG5,discs large MAGUK scaffold protein 5,ENSG00000274429,ENST00000614211,CHR_HSCHR10_1_CTG4,5760,3.760422483423212,False,True,DLG5 [ENST00000614211],Human,data/coding_sequences/ENST00000614211_CDS.fasta,data/coding_sequences/ENST00000614211_REJ.N.fasta,data/coding_sequences/ENST00000614211_REJ.C.fasta
20121,DLG5,discs large MAGUK scaffold protein 5,ENSG00000151208,ENST00000372391,10,5760,3.760422483423212,False,True,DLG5 [ENST00000372391],Human,data/coding_sequences/ENST00000372391_CDS.fasta,data/coding_sequences/ENST00000372391_REJ.N.fasta,data/coding_sequences/ENST00000372391_REJ.C.fasta
106866,DMBT1,deleted in malignant brain tumors 1,ENSG00000187908,ENST00000664692,10,7599,3.8807564445102103,False,True,DMBT1 [ENST00000664692],Human,data/coding_sequences/ENST00000664692_CDS.fasta,data/coding_sequences/ENST00000664692_REJ.N.fasta,data/coding_sequences/ENST00000664692_REJ.C.fasta
105258,DMBT1,deleted in malignant brain tumors 1,ENSG00000187908,ENST00000653442,10,7182,3.8562454007900544,False,True,DMBT1 [ENST00000653442],Human,data/coding_sequences/ENST00000653442_CDS.fasta,data/coding_sequences/ENST00000653442_REJ.N.fasta,data/coding_sequences/ENST00000653442_REJ.C.fasta
106792,DMBT1,deleted in malignant brain tumors 1,ENSG00000187908,ENST00000664974,10,4584,3.6612446089593336,False,True,DMBT1 [ENST00000664974],Human,data/coding_sequences/ENST00000664974_CDS.fasta,data/coding_sequences/ENST00000664974_REJ.N.fasta,data/coding_sequences/ENST00000664974_REJ.C.fasta
12520,DMBT1,deleted in malignant brain tumors 1,ENSG00000187908,ENST00000338354,10,7629,3.882467614895371,False,True,DMBT1 [ENST00000338354],Human,data/coding_sequences/ENST00000338354_CDS.fasta,data/coding_sequences/ENST00000338354_REJ.N.fasta,data/coding_sequences/ENST00000338354_REJ.C.fasta
18464,DMBT1,deleted in malignant brain tumors 1,ENSG00000187908,ENST00000368955,10,7212,3.8580557180503643,False,True,DMBT1 [ENST00000368955],Human,data/coding_sequences/ENST00000368955_CDS.fasta,data/coding_sequences/ENST00000368955_REJ.N.fasta,data/coding_sequences/ENST00000368955_REJ.C.fasta
12551,DMBT1,deleted in malignant brain tumors 1,ENSG00000187908,ENST00000330163,10,5358,3.7290027092721902,False,True,DMBT1 [ENST00000330163],Human,data/coding_sequences/ENST00000330163_CDS.fasta,data/coding_sequences/ENST00000330163_REJ.N.fasta,data/coding_sequences/ENST00000330163_REJ.C.fasta
10278,DMBT1,deleted in malignant brain tumors 1,ENSG00000187908,ENST00000344338,10,7212,3.8580557180503643,False,True,DMBT1 [ENST00000344338],Human,data/coding_sequences/ENST00000344338_CDS.fasta,data/coding_sequences/ENST00000344338_REJ.N.fasta,data/coding_sequences/ENST00000344338_REJ.C.fasta
106651,DMBT1,deleted in malignant brain tumors 1,ENSG00000187908,ENST00000666315,10,7239,3.8596785766284483,False,True,DMBT1 [ENST00000666315],Human,data/coding_sequences/ENST00000666315_CDS.fasta,data/coding_sequences/ENST00000666315_REJ.N.fasta,data/coding_sequences/ENST00000666315_REJ.C.fasta
91317,DMBT1,deleted in malignant brain tumors 1,ENSG00000187908,ENST00000619379,10,7242,3.859858520480993,False,True,DMBT1 [ENST00000619379],Human,data/coding_sequences/ENST00000619379_CDS.fasta,data/coding_sequences/ENST00000619379_REJ.N.fasta,data/coding_sequences/ENST00000619379_REJ.C.fasta
21090,DMBT1,deleted in malignant brain tumors 1,ENSG00000187908,ENST00000368956,10,5358,3.7290027092721902,False,True,DMBT1 [ENST00000368956],Human,data/coding_sequences/ENST00000368956_CDS.fasta,data/coding_sequences/ENST00000368956_REJ.N.fasta,data/coding_sequences/ENST00000368956_REJ.C.fasta
20015,DMBT1,deleted in malignant brain tumors 1,ENSG00000187908,ENST00000368909,10,7242,3.859858520480993,False,True,DMBT1 [ENST00000368909],Human,data/coding_sequences/ENST00000368909_CDS.fasta,data/coding_sequences/ENST00000368909_REJ.N.fasta,data/coding_sequences/ENST00000368909_REJ.C.fasta
106291,DMBT1,deleted in malignant brain tumors 1,ENSG00000187908,ENST00000652446,10,7242,3.859858520480993,False,True,DMBT1 [ENST00000652446],Human,data/coding_sequences/ENST00000652446_CDS.fasta,data/coding_sequences/ENST00000652446_REJ.N.fasta,data/coding_sequences/ENST00000652446_REJ.C.fasta
94805,DMD,dystrophin,ENSG00000198947,ENST00000619831,X,7026,3.846708145456007,True,True,DMD [ENST00000619831],Human,data/coding_sequences/ENST00000619831_CDS.fasta,data/coding_sequences/ENST00000619831_REJ.N.fasta,data/coding_sequences/ENST00000619831_REJ.C.fasta
16975,DMD,dystrophin,ENSG00000198947,ENST00000358062,X,5919,3.7722483399718536,True,True,DMD [ENST00000358062],Human,data/coding_sequences/ENST00000358062_CDS.fasta,data/coding_sequences/ENST00000358062_REJ.N.fasta,data/coding_sequences/ENST00000358062_REJ.C.fasta
46713,DMXL2,Dmx like 2,ENSG00000104093,ENST00000449909,15,7203,3.85751341477669,True,True,DMXL2 [ENST00000449909],Human,data/coding_sequences/ENST00000449909_CDS.fasta,data/coding_sequences/ENST00000449909_REJ.N.fasta,data/coding_sequences/ENST00000449909_REJ.C.fasta
86090,DNAH17,dynein axonemal heavy chain 17,ENSG00000187775,ENST00000591369,17,4692,3.671358003443492,True,True,DNAH17 [ENST00000591369],Human,data/coding_sequences/ENST00000591369_CDS.fasta,data/coding_sequences/ENST00000591369_REJ.N.fasta,data/coding_sequences/ENST00000591369_REJ.C.fasta
3150,DNAJC13,DnaJ heat shock protein family (Hsp40) member C13,ENSG00000138246,ENST00000260818,3,6732,3.8281441073037863,False,True,DNAJC13 [ENST00000260818],Human,data/coding_sequences/ENST00000260818_CDS.fasta,data/coding_sequences/ENST00000260818_REJ.N.fasta,data/coding_sequences/ENST00000260818_REJ.C.fasta
12811,DNMBP,dynamin binding protein,ENSG00000107554,ENST00000324109,10,4734,3.675228253593064,True,True,DNMBP [ENST00000324109],Human,data/coding_sequences/ENST00000324109_CDS.fasta,data/coding_sequences/ENST00000324109_REJ.N.fasta,data/coding_sequences/ENST00000324109_REJ.C.fasta
110797,DNMT1,DNA methyltransferase 1,ENSG00000130816,ENST00000679103,19,4734,3.675228253593064,True,True,DNMT1 [ENST00000679103],Human,data/coding_sequences/ENST00000679103_CDS.fasta,data/coding_sequences/ENST00000679103_REJ.N.fasta,data/coding_sequences/ENST00000679103_REJ.C.fasta
109661,DNMT1,DNA methyltransferase 1,ENSG00000130816,ENST00000679313,19,4743,3.6760531246518715,True,True,DNMT1 [ENST00000679313],Human,data/coding_sequences/ENST00000679313_CDS.fasta,data/coding_sequences/ENST00000679313_REJ.N.fasta,data/coding_sequences/ENST00000679313_REJ.C.fasta
110751,DNMT1,DNA methyltransferase 1,ENSG00000130816,ENST00000678804,19,4977,3.696967640744023,True,True,DNMT1 [ENST00000678804],Human,data/coding_sequences/ENST00000678804_CDS.fasta,data/coding_sequences/ENST00000678804_REJ.N.fasta,data/coding_sequences/ENST00000678804_REJ.C.fasta
110058,DNMT1,DNA methyltransferase 1,ENSG00000130816,ENST00000676610,19,4842,3.685024785105714,True,True,DNMT1 [ENST00000676610],Human,data/coding_sequences/ENST00000676610_CDS.fasta,data/coding_sequences/ENST00000676610_REJ.N.fasta,data/coding_sequences/ENST00000676610_REJ.C.fasta
15127,DNMT1,DNA methyltransferase 1,ENSG00000130816,ENST00000359526,19,4899,3.6901074394563307,True,True,DNMT1 [ENST00000359526],Human,data/coding_sequences/ENST00000359526_CDS.fasta,data/coding_sequences/ENST00000359526_REJ.N.fasta,data/coding_sequences/ENST00000359526_REJ.C.fasta
109789,DNMT1,DNA methyltransferase 1,ENSG00000130816,ENST00000677946,19,4968,3.6961815871685237,True,True,DNMT1 [ENST00000677946],Human,data/coding_sequences/ENST00000677946_CDS.fasta,data/coding_sequences/ENST00000677946_REJ.N.fasta,data/coding_sequences/ENST00000677946_REJ.C.fasta
12882,DNMT1,DNA methyltransferase 1,ENSG00000130816,ENST00000340748,19,4851,3.6858312746260635,True,True,DNMT1 [ENST00000340748],Human,data/coding_sequences/ENST00000340748_CDS.fasta,data/coding_sequences/ENST00000340748_REJ.N.fasta,data/coding_sequences/ENST00000340748_REJ.C.fasta
5600,DOCK1,dedicator of cytokinesis 1,ENSG00000150760,ENST00000280333,10,5598,3.7480328941301435,False,True,DOCK1 [ENST00000280333],Human,data/coding_sequences/ENST00000280333_CDS.fasta,data/coding_sequences/ENST00000280333_REJ.N.fasta,data/coding_sequences/ENST00000280333_REJ.C.fasta
93007,DOCK1,dedicator of cytokinesis 1,ENSG00000150760,ENST00000623213,10,5661,3.752893154884594,False,True,DOCK1 [ENST00000623213],Human,data/coding_sequences/ENST00000623213_CDS.fasta,data/coding_sequences/ENST00000623213_REJ.N.fasta,data/coding_sequences/ENST00000623213_REJ.C.fasta
103006,DOCK10,dedicator of cytokinesis 10,ENSG00000135905,ENST00000645028,2,6600,3.8195439355418688,False,True,DOCK10 [ENST00000645028],Human,data/coding_sequences/ENST00000645028_CDS.fasta,data/coding_sequences/ENST00000645028_REJ.N.fasta,data/coding_sequences/ENST00000645028_REJ.C.fasta
3282,DOCK10,dedicator of cytokinesis 10,ENSG00000135905,ENST00000258390,2,6561,3.8169700377572995,False,True,DOCK10 [ENST00000258390],Human,data/coding_sequences/ENST00000258390_CDS.fasta,data/coding_sequences/ENST00000258390_REJ.N.fasta,data/coding_sequences/ENST00000258390_REJ.C.fasta
33585,DOCK10,dedicator of cytokinesis 10,ENSG00000135905,ENST00000409592,2,6543,3.815776920298363,False,True,DOCK10 [ENST00000409592],Human,data/coding_sequences/ENST00000409592_CDS.fasta,data/coding_sequences/ENST00000409592_REJ.N.fasta,data/coding_sequences/ENST00000409592_REJ.C.fasta
8552,DOCK11,dedicator of cytokinesis 11,ENSG00000147251,ENST00000276202,X,6222,3.7939300067726847,False,True,DOCK11 [ENST00000276202],Human,data/coding_sequences/ENST00000276202_CDS.fasta,data/coding_sequences/ENST00000276202_REJ.N.fasta,data/coding_sequences/ENST00000276202_REJ.C.fasta
96031,DOCK11,dedicator of cytokinesis 11,ENSG00000147251,ENST00000633080,X,5709,3.756560043006683,False,True,DOCK11 [ENST00000633080],Human,data/coding_sequences/ENST00000633080_CDS.fasta,data/coding_sequences/ENST00000633080_REJ.N.fasta,data/coding_sequences/ENST00000633080_REJ.C.fasta
8570,DOCK11,dedicator of cytokinesis 11,ENSG00000147251,ENST00000276204,X,6234,3.794766797940821,False,True,DOCK11 [ENST00000276204],Human,data/coding_sequences/ENST00000276204_CDS.fasta,data/coding_sequences/ENST00000276204_REJ.N.fasta,data/coding_sequences/ENST00000276204_REJ.C.fasta
64298,DOCK2,dedicator of cytokinesis 2,ENSG00000134516,ENST00000520908,5,5493,3.739809599021359,True,True,DOCK2 [ENST00000520908],Human,data/coding_sequences/ENST00000520908_CDS.fasta,data/coding_sequences/ENST00000520908_REJ.N.fasta,data/coding_sequences/ENST00000520908_REJ.C.fasta
3355,DOCK3,dedicator of cytokinesis 3,ENSG00000088538,ENST00000266037,3,6093,3.784831178124469,True,True,DOCK3 [ENST00000266037],Human,data/coding_sequences/ENST00000266037_CDS.fasta,data/coding_sequences/ENST00000266037_REJ.N.fasta,data/coding_sequences/ENST00000266037_REJ.C.fasta
43240,DOCK4,dedicator of cytokinesis 4,ENSG00000128512,ENST00000445943,7,6000,3.7781512503836434,False,True,DOCK4 [ENST00000445943],Human,data/coding_sequences/ENST00000445943_CDS.fasta,data/coding_sequences/ENST00000445943_REJ.N.fasta,data/coding_sequences/ENST00000445943_REJ.C.fasta
43479,DOCK4,dedicator of cytokinesis 4,ENSG00000128512,ENST00000437633,7,5901,3.7709256146389993,False,True,DOCK4 [ENST00000437633],Human,data/coding_sequences/ENST00000437633_CDS.fasta,data/coding_sequences/ENST00000437633_REJ.N.fasta,data/coding_sequences/ENST00000437633_REJ.C.fasta
39986,DOCK4,dedicator of cytokinesis 4,ENSG00000128512,ENST00000428084,7,5928,3.7729081949712717,False,True,DOCK4 [ENST00000428084],Human,data/coding_sequences/ENST00000428084_CDS.fasta,data/coding_sequences/ENST00000428084_REJ.N.fasta,data/coding_sequences/ENST00000428084_REJ.C.fasta
6049,DOCK5,dedicator of cytokinesis 5,ENSG00000147459,ENST00000276440,8,5613,3.7491950422196725,False,True,DOCK5 [ENST00000276440],Human,data/coding_sequences/ENST00000276440_CDS.fasta,data/coding_sequences/ENST00000276440_REJ.N.fasta,data/coding_sequences/ENST00000276440_REJ.C.fasta
5388,DOCK6,dedicator of cytokinesis 6,ENSG00000130158,ENST00000294618,19,6144,3.7884512070234555,True,True,DOCK6 [ENST00000294618],Human,data/coding_sequences/ENST00000294618_CDS.fasta,data/coding_sequences/ENST00000294618_REJ.N.fasta,data/coding_sequences/ENST00000294618_REJ.C.fasta
84540,DOCK6,dedicator of cytokinesis 6,ENSG00000130158,ENST00000587656,19,6249,3.795810524667408,True,True,DOCK6 [ENST00000587656],Human,data/coding_sequences/ENST00000587656_CDS.fasta,data/coding_sequences/ENST00000587656_REJ.N.fasta,data/coding_sequences/ENST00000587656_REJ.C.fasta
2405,DOCK7,dedicator of cytokinesis 7,ENSG00000116641,ENST00000251157,1,6396,3.805908455074197,True,True,DOCK7 [ENST00000251157],Human,data/coding_sequences/ENST00000251157_CDS.fasta,data/coding_sequences/ENST00000251157_REJ.N.fasta,data/coding_sequences/ENST00000251157_REJ.C.fasta
13431,DOCK7,dedicator of cytokinesis 7,ENSG00000116641,ENST00000340370,1,6330,3.801403710017355,True,True,DOCK7 [ENST00000340370],Human,data/coding_sequences/ENST00000340370_CDS.fasta,data/coding_sequences/ENST00000340370_REJ.N.fasta,data/coding_sequences/ENST00000340370_REJ.C.fasta
100685,DOCK7,dedicator of cytokinesis 7,ENSG00000116641,ENST00000635253,1,6423,3.8077379220141006,True,True,DOCK7 [ENST00000635253],Human,data/coding_sequences/ENST00000635253_CDS.fasta,data/coding_sequences/ENST00000635253_REJ.N.fasta,data/coding_sequences/ENST00000635253_REJ.C.fasta
96617,DOCK7,dedicator of cytokinesis 7,ENSG00000116641,ENST00000634264,1,6303,3.799547307125615,True,True,DOCK7 [ENST00000634264],Human,data/coding_sequences/ENST00000634264_CDS.fasta,data/coding_sequences/ENST00000634264_REJ.N.fasta,data/coding_sequences/ENST00000634264_REJ.C.fasta
100756,DOCK7,dedicator of cytokinesis 7,ENSG00000116641,ENST00000635123,1,6297,3.7991336933020627,True,True,DOCK7 [ENST00000635123],Human,data/coding_sequences/ENST00000635123_CDS.fasta,data/coding_sequences/ENST00000635123_REJ.N.fasta,data/coding_sequences/ENST00000635123_REJ.C.fasta
44987,DOCK7,dedicator of cytokinesis 7,ENSG00000116641,ENST00000454575,1,6390,3.8055008581584002,True,True,DOCK7 [ENST00000454575],Human,data/coding_sequences/ENST00000454575_CDS.fasta,data/coding_sequences/ENST00000454575_REJ.N.fasta,data/coding_sequences/ENST00000454575_REJ.C.fasta
36798,DOCK8,dedicator of cytokinesis 8,ENSG00000107099,ENST00000432829,9,6300,3.7993405494535817,True,True,DOCK8 [ENST00000432829],Human,data/coding_sequences/ENST00000432829_CDS.fasta,data/coding_sequences/ENST00000432829_REJ.N.fasta,data/coding_sequences/ENST00000432829_REJ.C.fasta
22340,DOCK8,dedicator of cytokinesis 8,ENSG00000107099,ENST00000382329,9,5811,3.764250875438773,True,True,DOCK8 [ENST00000382329],Human,data/coding_sequences/ENST00000382329_CDS.fasta,data/coding_sequences/ENST00000382329_REJ.N.fasta,data/coding_sequences/ENST00000382329_REJ.C.fasta
48110,DOCK8,dedicator of cytokinesis 8,ENSG00000107099,ENST00000453981,9,6096,3.785044958331544,True,True,DOCK8 [ENST00000453981],Human,data/coding_sequences/ENST00000453981_CDS.fasta,data/coding_sequences/ENST00000453981_REJ.N.fasta,data/coding_sequences/ENST00000453981_REJ.C.fasta
49472,DOCK8,dedicator of cytokinesis 8,ENSG00000107099,ENST00000469391,9,6000,3.7781512503836434,True,True,DOCK8 [ENST00000469391],Human,data/coding_sequences/ENST00000469391_CDS.fasta,data/coding_sequences/ENST00000469391_REJ.N.fasta,data/coding_sequences/ENST00000469391_REJ.C.fasta
120054,DOCK9,dedicator of cytokinesis 9,ENSG00000088387,ENST00000703211,13,6237,3.794975744051132,False,True,DOCK9 [ENST00000703211],Human,data/coding_sequences/ENST00000703211_CDS.fasta,data/coding_sequences/ENST00000703211_REJ.N.fasta,data/coding_sequences/ENST00000703211_REJ.C.fasta
106321,DOCK9,dedicator of cytokinesis 9,ENSG00000088387,ENST00000652315,13,6210,3.79309160017658,False,True,DOCK9 [ENST00000652315],Human,data/coding_sequences/ENST00000652315_CDS.fasta,data/coding_sequences/ENST00000652315_REJ.N.fasta,data/coding_sequences/ENST00000652315_REJ.C.fasta
18540,DOCK9,dedicator of cytokinesis 9,ENSG00000088387,ENST00000376460,13,6207,3.792881745385397,False,True,DOCK9 [ENST00000376460],Human,data/coding_sequences/ENST00000376460_CDS.fasta,data/coding_sequences/ENST00000376460_REJ.N.fasta,data/coding_sequences/ENST00000376460_REJ.C.fasta
113857,DOCK9,dedicator of cytokinesis 9,ENSG00000088387,ENST00000682017,13,6279,3.797890483058349,False,True,DOCK9 [ENST00000682017],Human,data/coding_sequences/ENST00000682017_CDS.fasta,data/coding_sequences/ENST00000682017_REJ.N.fasta,data/coding_sequences/ENST00000682017_REJ.C.fasta
46988,DOCK9,dedicator of cytokinesis 9,ENSG00000088387,ENST00000449796,13,6186,3.79140991566716,False,True,DOCK9 [ENST00000449796],Human,data/coding_sequences/ENST00000449796_CDS.fasta,data/coding_sequences/ENST00000449796_REJ.N.fasta,data/coding_sequences/ENST00000449796_REJ.C.fasta
120062,DOCK9,dedicator of cytokinesis 9,ENSG00000088387,ENST00000703216,13,6033,3.780533325316404,False,True,DOCK9 [ENST00000703216],Human,data/coding_sequences/ENST00000703216_CDS.fasta,data/coding_sequences/ENST00000703216_REJ.N.fasta,data/coding_sequences/ENST00000703216_REJ.C.fasta
47287,DOCK9,dedicator of cytokinesis 9,ENSG00000088387,ENST00000448493,13,6246,3.7956019798941796,False,True,DOCK9 [ENST00000448493],Human,data/coding_sequences/ENST00000448493_CDS.fasta,data/coding_sequences/ENST00000448493_REJ.N.fasta,data/coding_sequences/ENST00000448493_REJ.C.fasta
119937,DOCK9,dedicator of cytokinesis 9,ENSG00000088387,ENST00000703210,13,6168,3.7901443650429005,False,True,DOCK9 [ENST00000703210],Human,data/coding_sequences/ENST00000703210_CDS.fasta,data/coding_sequences/ENST00000703210_REJ.N.fasta,data/coding_sequences/ENST00000703210_REJ.C.fasta
1345,DOP1A,DOP1 leucine zipper like protein A,ENSG00000083097,ENST00000237163,6,7431,3.8710472613054994,False,True,DOP1A [ENST00000237163],Human,data/coding_sequences/ENST00000237163_CDS.fasta,data/coding_sequences/ENST00000237163_REJ.N.fasta,data/coding_sequences/ENST00000237163_REJ.C.fasta
15994,DOP1A,DOP1 leucine zipper like protein A,ENSG00000083097,ENST00000349129,6,7398,3.8691143269793753,False,True,DOP1A [ENST00000349129],Human,data/coding_sequences/ENST00000349129_CDS.fasta,data/coding_sequences/ENST00000349129_REJ.N.fasta,data/coding_sequences/ENST00000349129_REJ.C.fasta
21843,DOP1A,DOP1 leucine zipper like protein A,ENSG00000083097,ENST00000369739,6,7431,3.8710472613054994,False,True,DOP1A [ENST00000369739],Human,data/coding_sequences/ENST00000369739_CDS.fasta,data/coding_sequences/ENST00000369739_REJ.N.fasta,data/coding_sequences/ENST00000369739_REJ.C.fasta
118142,DOP1B,DOP1 leucine zipper like protein B,ENSG00000142197,ENST00000691173,21,6897,3.8386602259889413,False,True,DOP1B [ENST00000691173],Human,data/coding_sequences/ENST00000691173_CDS.fasta,data/coding_sequences/ENST00000691173_REJ.N.fasta,data/coding_sequences/ENST00000691173_REJ.C.fasta
115835,DOP1B,DOP1 leucine zipper like protein B,ENSG00000142197,ENST00000685394,21,5337,3.7272972028035873,False,True,DOP1B [ENST00000685394],Human,data/coding_sequences/ENST00000685394_CDS.fasta,data/coding_sequences/ENST00000685394_REJ.N.fasta,data/coding_sequences/ENST00000685394_REJ.C.fasta
30757,DOP1B,DOP1 leucine zipper like protein B,ENSG00000142197,ENST00000399151,21,6897,3.8386602259889413,False,True,DOP1B [ENST00000399151],Human,data/coding_sequences/ENST00000399151_CDS.fasta,data/coding_sequences/ENST00000399151_REJ.N.fasta,data/coding_sequences/ENST00000399151_REJ.C.fasta
115973,DOT1L,DOT1 like histone lysine methyltransferase,ENSG00000104885,ENST00000686010,19,5217,3.717420836722375,False,True,DOT1L [ENST00000686010],Human,data/coding_sequences/ENST00000686010_CDS.fasta,data/coding_sequences/ENST00000686010_REJ.N.fasta,data/coding_sequences/ENST00000686010_REJ.C.fasta
30497,DOT1L,DOT1 like histone lysine methyltransferase,ENSG00000104885,ENST00000398665,19,4614,3.664077590185075,False,True,DOT1L [ENST00000398665],Human,data/coding_sequences/ENST00000398665_CDS.fasta,data/coding_sequences/ENST00000398665_REJ.N.fasta,data/coding_sequences/ENST00000398665_REJ.C.fasta
28388,DSCAM,DS cell adhesion molecule,ENSG00000171587,ENST00000400454,21,6039,3.780965029608317,False,True,DSCAM [ENST00000400454],Human,data/coding_sequences/ENST00000400454_CDS.fasta,data/coding_sequences/ENST00000400454_REJ.N.fasta,data/coding_sequences/ENST00000400454_REJ.C.fasta
93800,DSCAM,DS cell adhesion molecule,ENSG00000171587,ENST00000617870,21,5544,3.7438232216037504,False,True,DSCAM [ENST00000617870],Human,data/coding_sequences/ENST00000617870_CDS.fasta,data/coding_sequences/ENST00000617870_REJ.N.fasta,data/coding_sequences/ENST00000617870_REJ.C.fasta
26946,DSCAM,DS cell adhesion molecule,ENSG00000171587,ENST00000404019,21,5241,3.7194141597025934,False,True,DSCAM [ENST00000404019],Human,data/coding_sequences/ENST00000404019_CDS.fasta,data/coding_sequences/ENST00000404019_REJ.N.fasta,data/coding_sequences/ENST00000404019_REJ.C.fasta
62593,DSCAML1,DS cell adhesion molecule like 1,ENSG00000177103,ENST00000527706,11,5532,3.742882171437273,False,True,DSCAML1 [ENST00000527706],Human,data/coding_sequences/ENST00000527706_CDS.fasta,data/coding_sequences/ENST00000527706_REJ.N.fasta,data/coding_sequences/ENST00000527706_REJ.C.fasta
105458,DSCAML1,DS cell adhesion molecule like 1,ENSG00000177103,ENST00000651172,11,6342,3.80222623769107,False,True,DSCAML1 [ENST00000651172],Human,data/coding_sequences/ENST00000651172_CDS.fasta,data/coding_sequences/ENST00000651172_REJ.N.fasta,data/coding_sequences/ENST00000651172_REJ.C.fasta
13336,DSCAML1,DS cell adhesion molecule like 1,ENSG00000177103,ENST00000321322,11,6342,3.80222623769107,False,True,DSCAML1 [ENST00000321322],Human,data/coding_sequences/ENST00000321322_CDS.fasta,data/coding_sequences/ENST00000321322_REJ.N.fasta,data/coding_sequences/ENST00000321322_REJ.C.fasta
105519,DSCAML1,DS cell adhesion molecule like 1,ENSG00000177103,ENST00000651296,11,6162,3.7897216939809217,False,True,DSCAML1 [ENST00000651296],Human,data/coding_sequences/ENST00000651296_CDS.fasta,data/coding_sequences/ENST00000651296_REJ.N.fasta,data/coding_sequences/ENST00000651296_REJ.C.fasta
33470,DSP,desmoplakin,ENSG00000096696,ENST00000418664,6,6819,3.833720690444633,True,True,DSP [ENST00000418664],Human,data/coding_sequences/ENST00000418664_CDS.fasta,data/coding_sequences/ENST00000418664_REJ.N.fasta,data/coding_sequences/ENST00000418664_REJ.C.fasta
106089,DST,dystonin,ENSG00000151914,ENST00000652573,6,7151,3.8543667780408697,True,True,DST [ENST00000652573],Human,data/coding_sequences/ENST00000652573_CDS.fasta,data/coding_sequences/ENST00000652573_REJ.N.fasta,data/coding_sequences/ENST00000652573_REJ.C.fasta
17974,DST,dystonin,ENSG00000151914,ENST00000370765,6,7950,3.9003671286564705,True,True,DST [ENST00000370765],Human,data/coding_sequences/ENST00000370765_CDS.fasta,data/coding_sequences/ENST00000370765_REJ.N.fasta,data/coding_sequences/ENST00000370765_REJ.C.fasta
13213,DUOX1,dual oxidase 1,ENSG00000137857,ENST00000321429,15,4656,3.668012971641832,False,True,DUOX1 [ENST00000321429],Human,data/coding_sequences/ENST00000321429_CDS.fasta,data/coding_sequences/ENST00000321429_REJ.N.fasta,data/coding_sequences/ENST00000321429_REJ.C.fasta
23338,DUOX1,dual oxidase 1,ENSG00000137857,ENST00000389037,15,4656,3.668012971641832,False,True,DUOX1 [ENST00000389037],Human,data/coding_sequences/ENST00000389037_CDS.fasta,data/coding_sequences/ENST00000389037_REJ.N.fasta,data/coding_sequences/ENST00000389037_REJ.C.fasta
25992,DUOX2,dual oxidase 2,ENSG00000140279,ENST00000389039,15,4647,3.6671726724788685,True,True,DUOX2 [ENST00000389039],Human,data/coding_sequences/ENST00000389039_CDS.fasta,data/coding_sequences/ENST00000389039_REJ.N.fasta,data/coding_sequences/ENST00000389039_REJ.C.fasta
89161,DUOX2,dual oxidase 2,ENSG00000140279,ENST00000603300,15,4647,3.6671726724788685,True,True,DUOX2 [ENST00000603300],Human,data/coding_sequences/ENST00000603300_CDS.fasta,data/coding_sequences/ENST00000603300_REJ.N.fasta,data/coding_sequences/ENST00000603300_REJ.C.fasta
112607,DYNC1H1,dynein cytoplasmic 1 heavy chain 1,ENSG00000197102,ENST00000681536,14,7041,3.847634344318255,True,True,DYNC1H1 [ENST00000681536],Human,data/coding_sequences/ENST00000681536_CDS.fasta,data/coding_sequences/ENST00000681536_REJ.N.fasta,data/coding_sequences/ENST00000681536_REJ.C.fasta
112249,DYNC1H1,dynein cytoplasmic 1 heavy chain 1,ENSG00000197102,ENST00000681859,14,7026,3.846708145456007,True,True,DYNC1H1 [ENST00000681859],Human,data/coding_sequences/ENST00000681859_CDS.fasta,data/coding_sequences/ENST00000681859_REJ.N.fasta,data/coding_sequences/ENST00000681859_REJ.C.fasta
35327,DYSF,dysferlin,ENSG00000135636,ENST00000409651,2,6339,3.802020751771976,True,True,DYSF [ENST00000409651],Human,data/coding_sequences/ENST00000409651_CDS.fasta,data/coding_sequences/ENST00000409651_REJ.N.fasta,data/coding_sequences/ENST00000409651_REJ.C.fasta
23964,DYSF,dysferlin,ENSG00000135636,ENST00000394120,2,6246,3.7956019798941796,True,True,DYSF [ENST00000394120],Human,data/coding_sequences/ENST00000394120_CDS.fasta,data/coding_sequences/ENST00000394120_REJ.N.fasta,data/coding_sequences/ENST00000394120_REJ.C.fasta
34129,DYSF,dysferlin,ENSG00000135636,ENST00000413539,2,6336,3.801815168581437,True,True,DYSF [ENST00000413539],Human,data/coding_sequences/ENST00000413539_CDS.fasta,data/coding_sequences/ENST00000413539_REJ.N.fasta,data/coding_sequences/ENST00000413539_REJ.C.fasta
3743,DYSF,dysferlin,ENSG00000135636,ENST00000258104,2,6243,3.795393334931289,True,True,DYSF [ENST00000258104],Human,data/coding_sequences/ENST00000258104_CDS.fasta,data/coding_sequences/ENST00000258104_REJ.N.fasta,data/coding_sequences/ENST00000258104_REJ.C.fasta
34609,DYSF,dysferlin,ENSG00000135636,ENST00000410041,2,6297,3.7991336933020627,True,True,DYSF [ENST00000410041],Human,data/coding_sequences/ENST00000410041_CDS.fasta,data/coding_sequences/ENST00000410041_REJ.N.fasta,data/coding_sequences/ENST00000410041_REJ.C.fasta
37913,DYSF,dysferlin,ENSG00000135636,ENST00000429174,2,6306,3.799753966411886,True,True,DYSF [ENST00000429174],Human,data/coding_sequences/ENST00000429174_CDS.fasta,data/coding_sequences/ENST00000429174_REJ.N.fasta,data/coding_sequences/ENST00000429174_REJ.C.fasta
29459,DYSF,dysferlin,ENSG00000135636,ENST00000409366,2,6309,3.7999605274059833,True,True,DYSF [ENST00000409366],Human,data/coding_sequences/ENST00000409366_CDS.fasta,data/coding_sequences/ENST00000409366_REJ.N.fasta,data/coding_sequences/ENST00000409366_REJ.C.fasta
32449,DYSF,dysferlin,ENSG00000135636,ENST00000409582,2,6357,3.803252211430457,True,True,DYSF [ENST00000409582],Human,data/coding_sequences/ENST00000409582_CDS.fasta,data/coding_sequences/ENST00000409582_REJ.N.fasta,data/coding_sequences/ENST00000409582_REJ.C.fasta
35511,DYSF,dysferlin,ENSG00000135636,ENST00000410020,2,6360,3.803457115648414,True,True,DYSF [ENST00000410020],Human,data/coding_sequences/ENST00000410020_CDS.fasta,data/coding_sequences/ENST00000410020_REJ.N.fasta,data/coding_sequences/ENST00000410020_REJ.C.fasta
31464,DYSF,dysferlin,ENSG00000135636,ENST00000409762,2,6294,3.7989267385772014,True,True,DYSF [ENST00000409762],Human,data/coding_sequences/ENST00000409762_CDS.fasta,data/coding_sequences/ENST00000409762_REJ.N.fasta,data/coding_sequences/ENST00000409762_REJ.C.fasta
32783,DYSF,dysferlin,ENSG00000135636,ENST00000409744,2,6267,3.797059694699971,True,True,DYSF [ENST00000409744],Human,data/coding_sequences/ENST00000409744_CDS.fasta,data/coding_sequences/ENST00000409744_REJ.N.fasta,data/coding_sequences/ENST00000409744_REJ.C.fasta
4502,ECPAS,Ecm29 proteasome adaptor and scaffold,ENSG00000136813,ENST00000259335,9,6054,3.782042416620554,False,True,ECPAS [ENST00000259335],Human,data/coding_sequences/ENST00000259335_CDS.fasta,data/coding_sequences/ENST00000259335_REJ.N.fasta,data/coding_sequences/ENST00000259335_REJ.C.fasta
12039,ECPAS,Ecm29 proteasome adaptor and scaffold,ENSG00000136813,ENST00000338205,9,5520,3.741939077729199,False,True,ECPAS [ENST00000338205],Human,data/coding_sequences/ENST00000338205_CDS.fasta,data/coding_sequences/ENST00000338205_REJ.N.fasta,data/coding_sequences/ENST00000338205_REJ.C.fasta
114751,ECPAS,Ecm29 proteasome adaptor and scaffold,ENSG00000136813,ENST00000684092,9,5520,3.741939077729199,False,True,ECPAS [ENST00000684092],Human,data/coding_sequences/ENST00000684092_CDS.fasta,data/coding_sequences/ENST00000684092_REJ.N.fasta,data/coding_sequences/ENST00000684092_REJ.C.fasta
27293,EFCAB5,EF-hand calcium binding domain 5,ENSG00000176927,ENST00000394835,17,4512,3.654369090975286,False,True,EFCAB5 [ENST00000394835],Human,data/coding_sequences/ENST00000394835_CDS.fasta,data/coding_sequences/ENST00000394835_REJ.N.fasta,data/coding_sequences/ENST00000394835_REJ.C.fasta
3086,EFCAB6,EF-hand calcium binding domain 6,ENSG00000186976,ENST00000262726,22,4506,3.653791187387812,False,True,EFCAB6 [ENST00000262726],Human,data/coding_sequences/ENST00000262726_CDS.fasta,data/coding_sequences/ENST00000262726_REJ.N.fasta,data/coding_sequences/ENST00000262726_REJ.C.fasta
7381,EHBP1L1,EH domain binding protein 1 like 1,ENSG00000173442,ENST00000309295,11,4572,3.660106221723244,False,True,EHBP1L1 [ENST00000309295],Human,data/coding_sequences/ENST00000309295_CDS.fasta,data/coding_sequences/ENST00000309295_REJ.N.fasta,data/coding_sequences/ENST00000309295_REJ.C.fasta
3762,EIF2AK4,eukaryotic translation initiation factor 2 alpha kinase 4,ENSG00000128829,ENST00000263791,15,4950,3.694605198933569,True,True,EIF2AK4 [ENST00000263791],Human,data/coding_sequences/ENST00000263791_CDS.fasta,data/coding_sequences/ENST00000263791_REJ.N.fasta,data/coding_sequences/ENST00000263791_REJ.C.fasta
32955,EIF4G1,eukaryotic translation initiation factor 4 gamma 1,ENSG00000114867,ENST00000411531,3,4683,3.6705241577820797,False,True,EIF4G1 [ENST00000411531],Human,data/coding_sequences/ENST00000411531_CDS.fasta,data/coding_sequences/ENST00000411531_REJ.N.fasta,data/coding_sequences/ENST00000411531_REJ.C.fasta
22379,EIF4G1,eukaryotic translation initiation factor 4 gamma 1,ENSG00000114867,ENST00000382330,3,4821,3.683137131483007,False,True,EIF4G1 [ENST00000382330],Human,data/coding_sequences/ENST00000382330_CDS.fasta,data/coding_sequences/ENST00000382330_REJ.N.fasta,data/coding_sequences/ENST00000382330_REJ.C.fasta
39748,EIF4G1,eukaryotic translation initiation factor 4 gamma 1,ENSG00000114867,ENST00000427845,3,4542,3.6572471298837166,False,True,EIF4G1 [ENST00000427845],Human,data/coding_sequences/ENST00000427845_CDS.fasta,data/coding_sequences/ENST00000427845_REJ.N.fasta,data/coding_sequences/ENST00000427845_REJ.C.fasta
23113,EIF4G1,eukaryotic translation initiation factor 4 gamma 1,ENSG00000114867,ENST00000392537,3,4539,3.656960182742849,False,True,EIF4G1 [ENST00000392537],Human,data/coding_sequences/ENST00000392537_CDS.fasta,data/coding_sequences/ENST00000392537_REJ.N.fasta,data/coding_sequences/ENST00000392537_REJ.C.fasta
15770,EIF4G1,eukaryotic translation initiation factor 4 gamma 1,ENSG00000114867,ENST00000352767,3,4821,3.683137131483007,False,True,EIF4G1 [ENST00000352767],Human,data/coding_sequences/ENST00000352767_CDS.fasta,data/coding_sequences/ENST00000352767_REJ.N.fasta,data/coding_sequences/ENST00000352767_REJ.C.fasta
10606,EIF4G1,eukaryotic translation initiation factor 4 gamma 1,ENSG00000114867,ENST00000346169,3,4800,3.681241237375587,False,True,EIF4G1 [ENST00000346169],Human,data/coding_sequences/ENST00000346169_CDS.fasta,data/coding_sequences/ENST00000346169_REJ.N.fasta,data/coding_sequences/ENST00000346169_REJ.C.fasta
37137,EIF4G1,eukaryotic translation initiation factor 4 gamma 1,ENSG00000114867,ENST00000424196,3,4821,3.683137131483007,False,True,EIF4G1 [ENST00000424196],Human,data/coding_sequences/ENST00000424196_CDS.fasta,data/coding_sequences/ENST00000424196_REJ.N.fasta,data/coding_sequences/ENST00000424196_REJ.C.fasta
13282,EIF4G1,eukaryotic translation initiation factor 4 gamma 1,ENSG00000114867,ENST00000342981,3,4803,3.681512586638962,False,True,EIF4G1 [ENST00000342981],Human,data/coding_sequences/ENST00000342981_CDS.fasta,data/coding_sequences/ENST00000342981_REJ.N.fasta,data/coding_sequences/ENST00000342981_REJ.C.fasta
43718,EIF4G1,eukaryotic translation initiation factor 4 gamma 1,ENSG00000114867,ENST00000435046,3,4734,3.675228253593064,False,True,EIF4G1 [ENST00000435046],Human,data/coding_sequences/ENST00000435046_CDS.fasta,data/coding_sequences/ENST00000435046_REJ.N.fasta,data/coding_sequences/ENST00000435046_REJ.C.fasta
31592,EIF4G1,eukaryotic translation initiation factor 4 gamma 1,ENSG00000114867,ENST00000414031,3,4680,3.670245853074124,False,True,EIF4G1 [ENST00000414031],Human,data/coding_sequences/ENST00000414031_CDS.fasta,data/coding_sequences/ENST00000414031_REJ.N.fasta,data/coding_sequences/ENST00000414031_REJ.C.fasta
115287,EIF4G3,eukaryotic translation initiation factor 4 gamma 3,ENSG00000075151,ENST00000684485,1,4923,3.6922298357727557,False,True,EIF4G3 [ENST00000684485],Human,data/coding_sequences/ENST00000684485_CDS.fasta,data/coding_sequences/ENST00000684485_REJ.N.fasta,data/coding_sequences/ENST00000684485_REJ.C.fasta
89855,EIF4G3,eukaryotic translation initiation factor 4 gamma 3,ENSG00000075151,ENST00000602326,1,4926,3.6924944075030846,False,True,EIF4G3 [ENST00000602326],Human,data/coding_sequences/ENST00000602326_CDS.fasta,data/coding_sequences/ENST00000602326_REJ.N.fasta,data/coding_sequences/ENST00000602326_REJ.C.fasta
28752,EIF4G3,eukaryotic translation initiation factor 4 gamma 3,ENSG00000075151,ENST00000400422,1,4866,3.6871721045948,False,True,EIF4G3 [ENST00000400422],Human,data/coding_sequences/ENST00000400422_CDS.fasta,data/coding_sequences/ENST00000400422_REJ.N.fasta,data/coding_sequences/ENST00000400422_REJ.C.fasta
117470,EIF4G3,eukaryotic translation initiation factor 4 gamma 3,ENSG00000075151,ENST00000693470,1,5688,3.75495958772171,False,True,EIF4G3 [ENST00000693470],Human,data/coding_sequences/ENST00000693470_CDS.fasta,data/coding_sequences/ENST00000693470_REJ.N.fasta,data/coding_sequences/ENST00000693470_REJ.C.fasta
115933,EIF4G3,eukaryotic translation initiation factor 4 gamma 3,ENSG00000075151,ENST00000685872,1,5244,3.7196626830180466,False,True,EIF4G3 [ENST00000685872],Human,data/coding_sequences/ENST00000685872_CDS.fasta,data/coding_sequences/ENST00000685872_REJ.N.fasta,data/coding_sequences/ENST00000685872_REJ.C.fasta
115955,EIF4G3,eukaryotic translation initiation factor 4 gamma 3,ENSG00000075151,ENST00000688741,1,4902,3.690373306916059,False,True,EIF4G3 [ENST00000688741],Human,data/coding_sequences/ENST00000688741_CDS.fasta,data/coding_sequences/ENST00000688741_REJ.N.fasta,data/coding_sequences/ENST00000688741_REJ.C.fasta
3945,EIF4G3,eukaryotic translation initiation factor 4 gamma 3,ENSG00000075151,ENST00000264211,1,4758,3.6774244377012475,False,True,EIF4G3 [ENST00000264211],Human,data/coding_sequences/ENST00000264211_CDS.fasta,data/coding_sequences/ENST00000264211_REJ.N.fasta,data/coding_sequences/ENST00000264211_REJ.C.fasta
98109,EIF4G3,eukaryotic translation initiation factor 4 gamma 3,ENSG00000075151,ENST00000634879,1,5325,3.726319612110775,False,True,EIF4G3 [ENST00000634879],Human,data/coding_sequences/ENST00000634879_CDS.fasta,data/coding_sequences/ENST00000634879_REJ.N.fasta,data/coding_sequences/ENST00000634879_REJ.C.fasta
115958,EIF4G3,eukaryotic translation initiation factor 4 gamma 3,ENSG00000075151,ENST00000686579,1,4776,3.6790643181213127,False,True,EIF4G3 [ENST00000686579],Human,data/coding_sequences/ENST00000686579_CDS.fasta,data/coding_sequences/ENST00000686579_REJ.N.fasta,data/coding_sequences/ENST00000686579_REJ.C.fasta
24291,EML5,EMAP like 5,ENSG00000165521,ENST00000380664,14,5910,3.7715874808812555,False,True,EML5 [ENST00000380664],Human,data/coding_sequences/ENST00000380664_CDS.fasta,data/coding_sequences/ENST00000380664_REJ.N.fasta,data/coding_sequences/ENST00000380664_REJ.C.fasta
74565,EML5,EMAP like 5,ENSG00000165521,ENST00000554922,14,5934,3.773347541980823,False,True,EML5 [ENST00000554922],Human,data/coding_sequences/ENST00000554922_CDS.fasta,data/coding_sequences/ENST00000554922_REJ.N.fasta,data/coding_sequences/ENST00000554922_REJ.C.fasta
14970,EML6,EMAP like 6,ENSG00000214595,ENST00000356458,2,5877,3.7691556907143986,False,True,EML6 [ENST00000356458],Human,data/coding_sequences/ENST00000356458_CDS.fasta,data/coding_sequences/ENST00000356458_REJ.N.fasta,data/coding_sequences/ENST00000356458_REJ.C.fasta
108244,EP300,E1A binding protein p300,ENSG00000100393,ENST00000674155,22,7167,3.8553374044695405,True,True,EP300 [ENST00000674155],Human,data/coding_sequences/ENST00000674155_CDS.fasta,data/coding_sequences/ENST00000674155_REJ.N.fasta,data/coding_sequences/ENST00000674155_REJ.C.fasta
3209,EP300,E1A binding protein p300,ENSG00000100393,ENST00000263253,22,7245,3.8600383898071935,True,True,EP300 [ENST00000263253],Human,data/coding_sequences/ENST00000263253_CDS.fasta,data/coding_sequences/ENST00000263253_REJ.N.fasta,data/coding_sequences/ENST00000263253_REJ.C.fasta
98413,EPB41L1,erythrocyte membrane protein band 4.1 like 1,ENSG00000088367,ENST00000636016,20,4788,3.680154141734373,False,True,EPB41L1 [ENST00000636016],Human,data/coding_sequences/ENST00000636016_CDS.fasta,data/coding_sequences/ENST00000636016_REJ.N.fasta,data/coding_sequences/ENST00000636016_REJ.C.fasta
117729,EPG5,ectopic P-granules 5 autophagy tethering factor,ENSG00000152223,ENST00000696485,18,5349,3.728272597895017,True,True,EPG5 [ENST00000696485],Human,data/coding_sequences/ENST00000696485_CDS.fasta,data/coding_sequences/ENST00000696485_REJ.N.fasta,data/coding_sequences/ENST00000696485_REJ.C.fasta
116335,EPG5,ectopic P-granules 5 autophagy tethering factor,ENSG00000152223,ENST00000696483,18,7635,3.88280904139244,True,True,EPG5 [ENST00000696483],Human,data/coding_sequences/ENST00000696483_CDS.fasta,data/coding_sequences/ENST00000696483_REJ.N.fasta,data/coding_sequences/ENST00000696483_REJ.C.fasta
7674,EPG5,ectopic P-granules 5 autophagy tethering factor,ENSG00000152223,ENST00000282041,18,7740,3.8887409606828927,True,True,EPG5 [ENST00000282041],Human,data/coding_sequences/ENST00000282041_CDS.fasta,data/coding_sequences/ENST00000282041_REJ.N.fasta,data/coding_sequences/ENST00000282041_REJ.C.fasta
117372,EPG5,ectopic P-granules 5 autophagy tethering factor,ENSG00000152223,ENST00000696484,18,7479,3.873843533223436,True,True,EPG5 [ENST00000696484],Human,data/coding_sequences/ENST00000696484_CDS.fasta,data/coding_sequences/ENST00000696484_REJ.N.fasta,data/coding_sequences/ENST00000696484_REJ.C.fasta
116726,EPG5,ectopic P-granules 5 autophagy tethering factor,ENSG00000152223,ENST00000696490,18,7449,3.8720979742742268,True,True,EPG5 [ENST00000696490],Human,data/coding_sequences/ENST00000696490_CDS.fasta,data/coding_sequences/ENST00000696490_REJ.N.fasta,data/coding_sequences/ENST00000696490_REJ.C.fasta
86770,EPG5,ectopic P-granules 5 autophagy tethering factor,ENSG00000152223,ENST00000590884,18,5349,3.728272597895017,True,True,EPG5 [ENST00000590884],Human,data/coding_sequences/ENST00000590884_CDS.fasta,data/coding_sequences/ENST00000590884_REJ.N.fasta,data/coding_sequences/ENST00000590884_REJ.C.fasta
117142,EPG5,ectopic P-granules 5 autophagy tethering factor,ENSG00000152223,ENST00000696489,18,7737,3.8885725968576,True,True,EPG5 [ENST00000696489],Human,data/coding_sequences/ENST00000696489_CDS.fasta,data/coding_sequences/ENST00000696489_REJ.N.fasta,data/coding_sequences/ENST00000696489_REJ.C.fasta
83842,EPG5,ectopic P-granules 5 autophagy tethering factor,ENSG00000152223,ENST00000592272,18,5946,3.774224904868919,True,True,EPG5 [ENST00000592272],Human,data/coding_sequences/ENST00000592272_CDS.fasta,data/coding_sequences/ENST00000592272_REJ.N.fasta,data/coding_sequences/ENST00000592272_REJ.C.fasta
17129,EPRS1,glutamyl-prolyl-tRNA synthetase 1,ENSG00000136628,ENST00000366923,1,4539,3.656960182742849,False,True,EPRS1 [ENST00000366923],Human,data/coding_sequences/ENST00000366923_CDS.fasta,data/coding_sequences/ENST00000366923_REJ.N.fasta,data/coding_sequences/ENST00000366923_REJ.C.fasta
115849,ERCC6L2,ERCC excision repair 6 like 2,ENSG00000182150,ENST00000683937,9,4608,3.6635124704151556,True,True,ERCC6L2 [ENST00000683937],Human,data/coding_sequences/ENST00000683937_CDS.fasta,data/coding_sequences/ENST00000683937_REJ.N.fasta,data/coding_sequences/ENST00000683937_REJ.C.fasta
106436,ERCC6L2,ERCC excision repair 6 like 2,ENSG00000182150,ENST00000653738,9,4653,3.667733052533267,True,True,ERCC6L2 [ENST00000653738],Human,data/coding_sequences/ENST00000653738_CDS.fasta,data/coding_sequences/ENST00000653738_REJ.N.fasta,data/coding_sequences/ENST00000653738_REJ.C.fasta
112295,ERCC6L2,ERCC excision repair 6 like 2,ENSG00000182150,ENST00000682983,9,4653,3.667733052533267,True,True,ERCC6L2 [ENST00000682983],Human,data/coding_sequences/ENST00000682983_CDS.fasta,data/coding_sequences/ENST00000682983_REJ.N.fasta,data/coding_sequences/ENST00000682983_REJ.C.fasta
11378,ERICH3,glutamate rich 3,ENSG00000178965,ENST00000326665,1,4593,3.6620964454179235,False,True,ERICH3 [ENST00000326665],Human,data/coding_sequences/ENST00000326665_CDS.fasta,data/coding_sequences/ENST00000326665_REJ.N.fasta,data/coding_sequences/ENST00000326665_REJ.C.fasta
3595,ESPL1,"extra spindle pole bodies like 1, separase",ENSG00000135476,ENST00000257934,12,6363,3.8036619232362243,False,True,ESPL1 [ENST00000257934],Human,data/coding_sequences/ENST00000257934_CDS.fasta,data/coding_sequences/ENST00000257934_REJ.N.fasta,data/coding_sequences/ENST00000257934_REJ.C.fasta
86178,EVPL,envoplakin,ENSG00000167880,ENST00000586740,17,6168,3.7901443650429005,False,True,EVPL [ENST00000586740],Human,data/coding_sequences/ENST00000586740_CDS.fasta,data/coding_sequences/ENST00000586740_REJ.N.fasta,data/coding_sequences/ENST00000586740_REJ.C.fasta
6369,EVPL,envoplakin,ENSG00000167880,ENST00000301607,17,6102,3.785472203306388,False,True,EVPL [ENST00000301607],Human,data/coding_sequences/ENST00000301607_CDS.fasta,data/coding_sequences/ENST00000301607_REJ.N.fasta,data/coding_sequences/ENST00000301607_REJ.C.fasta
65859,EXPH5,exophilin 5,ENSG00000110723,ENST00000526312,11,5200,3.716003343634799,True,True,EXPH5 [ENST00000526312],Human,data/coding_sequences/ENST00000526312_CDS.fasta,data/coding_sequences/ENST00000526312_REJ.N.fasta,data/coding_sequences/ENST00000526312_REJ.C.fasta
64384,EXPH5,exophilin 5,ENSG00000110723,ENST00000525344,11,5949,3.774443968924965,True,True,EXPH5 [ENST00000525344],Human,data/coding_sequences/ENST00000525344_CDS.fasta,data/coding_sequences/ENST00000525344_REJ.N.fasta,data/coding_sequences/ENST00000525344_REJ.C.fasta
3246,EXPH5,exophilin 5,ENSG00000110723,ENST00000265843,11,5970,3.775974331129369,True,True,EXPH5 [ENST00000265843],Human,data/coding_sequences/ENST00000265843_CDS.fasta,data/coding_sequences/ENST00000265843_REJ.N.fasta,data/coding_sequences/ENST00000265843_REJ.C.fasta
18056,F5,coagulation factor V,ENSG00000198734,ENST00000367796,1,6690,3.8254261177678233,True,True,F5 [ENST00000367796],Human,data/coding_sequences/ENST00000367796_CDS.fasta,data/coding_sequences/ENST00000367796_REJ.N.fasta,data/coding_sequences/ENST00000367796_REJ.C.fasta
22085,F5,coagulation factor V,ENSG00000198734,ENST00000367797,1,6675,3.824451270036613,True,True,F5 [ENST00000367797],Human,data/coding_sequences/ENST00000367797_CDS.fasta,data/coding_sequences/ENST00000367797_REJ.N.fasta,data/coding_sequences/ENST00000367797_REJ.C.fasta
17385,F8,coagulation factor VIII,ENSG00000185010,ENST00000360256,X,7056,3.848558572123763,True,True,F8 [ENST00000360256],Human,data/coding_sequences/ENST00000360256_CDS.fasta,data/coding_sequences/ENST00000360256_REJ.N.fasta,data/coding_sequences/ENST00000360256_REJ.C.fasta
32107,FAM135A,family with sequence similarity 135 member A,ENSG00000082269,ENST00000418814,6,4548,3.6578204560156973,False,True,FAM135A [ENST00000418814],Human,data/coding_sequences/ENST00000418814_CDS.fasta,data/coding_sequences/ENST00000418814_REJ.N.fasta,data/coding_sequences/ENST00000418814_REJ.C.fasta
17973,FAM135A,family with sequence similarity 135 member A,ENSG00000082269,ENST00000370479,6,4548,3.6578204560156973,False,True,FAM135A [ENST00000370479],Human,data/coding_sequences/ENST00000370479_CDS.fasta,data/coding_sequences/ENST00000370479_REJ.N.fasta,data/coding_sequences/ENST00000370479_REJ.C.fasta
10548,FAM186A,family with sequence similarity 186 member A,ENSG00000185958,ENST00000327337,12,7056,3.848558572123763,False,True,FAM186A [ENST00000327337],Human,data/coding_sequences/ENST00000327337_CDS.fasta,data/coding_sequences/ENST00000327337_REJ.N.fasta,data/coding_sequences/ENST00000327337_REJ.C.fasta
71575,FAM186A,family with sequence similarity 186 member A,ENSG00000185958,ENST00000543111,12,7047,3.848004271497268,False,True,FAM186A [ENST00000543111],Human,data/coding_sequences/ENST00000543111_CDS.fasta,data/coding_sequences/ENST00000543111_REJ.N.fasta,data/coding_sequences/ENST00000543111_REJ.C.fasta
101217,FAM193A,family with sequence similarity 193 member A,ENSG00000125386,ENST00000637812,4,4548,3.6578204560156973,False,True,FAM193A [ENST00000637812],Human,data/coding_sequences/ENST00000637812_CDS.fasta,data/coding_sequences/ENST00000637812_REJ.N.fasta,data/coding_sequences/ENST00000637812_REJ.C.fasta
116459,FANCM,FA complementation group M,ENSG00000187790,ENST00000696649,14,5991,3.777499319590365,True,True,FANCM [ENST00000696649],Human,data/coding_sequences/ENST00000696649_CDS.fasta,data/coding_sequences/ENST00000696649_REJ.N.fasta,data/coding_sequences/ENST00000696649_REJ.C.fasta
117271,FANCM,FA complementation group M,ENSG00000187790,ENST00000696647,14,5391,3.7316693318286362,True,True,FANCM [ENST00000696647],Human,data/coding_sequences/ENST00000696647_CDS.fasta,data/coding_sequences/ENST00000696647_REJ.N.fasta,data/coding_sequences/ENST00000696647_REJ.C.fasta
73828,FANCM,FA complementation group M,ENSG00000187790,ENST00000542564,14,6069,3.7831171374904673,True,True,FANCM [ENST00000542564],Human,data/coding_sequences/ENST00000542564_CDS.fasta,data/coding_sequences/ENST00000542564_REJ.N.fasta,data/coding_sequences/ENST00000542564_REJ.C.fasta
117738,FANCM,FA complementation group M,ENSG00000187790,ENST00000696683,14,4776,3.6790643181213127,True,True,FANCM [ENST00000696683],Human,data/coding_sequences/ENST00000696683_CDS.fasta,data/coding_sequences/ENST00000696683_REJ.N.fasta,data/coding_sequences/ENST00000696683_REJ.C.fasta
117188,FANCM,FA complementation group M,ENSG00000187790,ENST00000696664,14,4980,3.6972293427597176,True,True,FANCM [ENST00000696664],Human,data/coding_sequences/ENST00000696664_CDS.fasta,data/coding_sequences/ENST00000696664_REJ.N.fasta,data/coding_sequences/ENST00000696664_REJ.C.fasta
76462,FANCM,FA complementation group M,ENSG00000187790,ENST00000556250,14,5940,3.7737864449811935,True,True,FANCM [ENST00000556250],Human,data/coding_sequences/ENST00000556250_CDS.fasta,data/coding_sequences/ENST00000556250_REJ.N.fasta,data/coding_sequences/ENST00000556250_REJ.C.fasta
3947,FANCM,FA complementation group M,ENSG00000187790,ENST00000267430,14,6147,3.7886632131208575,True,True,FANCM [ENST00000267430],Human,data/coding_sequences/ENST00000267430_CDS.fasta,data/coding_sequences/ENST00000267430_REJ.N.fasta,data/coding_sequences/ENST00000267430_REJ.C.fasta
116338,FANCM,FA complementation group M,ENSG00000187790,ENST00000696685,14,4557,3.6586790285824486,True,True,FANCM [ENST00000696685],Human,data/coding_sequences/ENST00000696685_CDS.fasta,data/coding_sequences/ENST00000696685_REJ.N.fasta,data/coding_sequences/ENST00000696685_REJ.C.fasta
6479,FASN,fatty acid synthase,ENSG00000169710,ENST00000306749,17,7536,3.8771408897848207,False,True,FASN [ENST00000306749],Human,data/coding_sequences/ENST00000306749_CDS.fasta,data/coding_sequences/ENST00000306749_REJ.N.fasta,data/coding_sequences/ENST00000306749_REJ.C.fasta
96570,FASN,fatty acid synthase,ENSG00000169710,ENST00000634990,17,7530,3.8767949762007006,False,True,FASN [ENST00000634990],Human,data/coding_sequences/ENST00000634990_CDS.fasta,data/coding_sequences/ENST00000634990_REJ.N.fasta,data/coding_sequences/ENST00000634990_REJ.C.fasta
96282,FER1L5,fer-1 like family member 5,ENSG00000249715,ENST00000624922,2,6174,3.7905666251460763,False,True,FER1L5 [ENST00000624922],Human,data/coding_sequences/ENST00000624922_CDS.fasta,data/coding_sequences/ENST00000624922_REJ.N.fasta,data/coding_sequences/ENST00000624922_REJ.C.fasta
93102,FER1L5,fer-1 like family member 5,ENSG00000249715,ENST00000623019,2,6282,3.798097932062486,False,True,FER1L5 [ENST00000623019],Human,data/coding_sequences/ENST00000623019_CDS.fasta,data/coding_sequences/ENST00000623019_REJ.N.fasta,data/coding_sequences/ENST00000623019_REJ.C.fasta
64140,FER1L6,fer-1 like family member 6,ENSG00000214814,ENST00000522917,8,5574,3.7461669643772852,False,True,FER1L6 [ENST00000522917],Human,data/coding_sequences/ENST00000522917_CDS.fasta,data/coding_sequences/ENST00000522917_REJ.N.fasta,data/coding_sequences/ENST00000522917_REJ.C.fasta
86772,FHOD3,formin homology 2 domain containing 3,ENSG00000134775,ENST00000590592,18,4869,3.6874397745458944,True,True,FHOD3 [ENST00000590592],Human,data/coding_sequences/ENST00000590592_CDS.fasta,data/coding_sequences/ENST00000590592_REJ.N.fasta,data/coding_sequences/ENST00000590592_REJ.C.fasta
22978,FLG2,filaggrin 2,ENSG00000143520,ENST00000388718,1,7176,3.8558824300360355,True,True,FLG2 [ENST00000388718],Human,data/coding_sequences/ENST00000388718_CDS.fasta,data/coding_sequences/ENST00000388718_REJ.N.fasta,data/coding_sequences/ENST00000388718_REJ.C.fasta
18525,FLNA,filamin A,ENSG00000196924,ENST00000369850,X,7944,3.900039235487325,True,True,FLNA [ENST00000369850],Human,data/coding_sequences/ENST00000369850_CDS.fasta,data/coding_sequences/ENST00000369850_REJ.N.fasta,data/coding_sequences/ENST00000369850_REJ.C.fasta
32074,FLNA,filamin A,ENSG00000196924,ENST00000422373,X,4725,3.674401812845282,True,True,FLNA [ENST00000422373],Human,data/coding_sequences/ENST00000422373_CDS.fasta,data/coding_sequences/ENST00000422373_REJ.N.fasta,data/coding_sequences/ENST00000422373_REJ.C.fasta
15785,FLNA,filamin A,ENSG00000196924,ENST00000360319,X,7920,3.8987251815894934,True,True,FLNA [ENST00000360319],Human,data/coding_sequences/ENST00000360319_CDS.fasta,data/coding_sequences/ENST00000360319_REJ.N.fasta,data/coding_sequences/ENST00000360319_REJ.C.fasta
17952,FLNA,filamin A,ENSG00000196924,ENST00000369856,X,7863,3.8955882756662628,True,True,FLNA [ENST00000369856],Human,data/coding_sequences/ENST00000369856_CDS.fasta,data/coding_sequences/ENST00000369856_REJ.N.fasta,data/coding_sequences/ENST00000369856_REJ.C.fasta
15036,FLNB,filamin B,ENSG00000136068,ENST00000358537,3,7737,3.8885725968576,True,True,FLNB [ENST00000358537],Human,data/coding_sequences/ENST00000358537_CDS.fasta,data/coding_sequences/ENST00000358537_REJ.N.fasta,data/coding_sequences/ENST00000358537_REJ.C.fasta
6218,FLNB,filamin B,ENSG00000136068,ENST00000295956,3,7809,3.892595422828898,True,True,FLNB [ENST00000295956],Human,data/coding_sequences/ENST00000295956_CDS.fasta,data/coding_sequences/ENST00000295956_REJ.N.fasta,data/coding_sequences/ENST00000295956_REJ.C.fasta
54774,FLNB,filamin B,ENSG00000136068,ENST00000490882,3,7902,3.8977370253454273,True,True,FLNB [ENST00000490882],Human,data/coding_sequences/ENST00000490882_CDS.fasta,data/coding_sequences/ENST00000490882_REJ.N.fasta,data/coding_sequences/ENST00000490882_REJ.C.fasta
111997,FLNB,filamin B,ENSG00000136068,ENST00000682871,3,7689,3.8858698609039064,True,True,FLNB [ENST00000682871],Human,data/coding_sequences/ENST00000682871_CDS.fasta,data/coding_sequences/ENST00000682871_REJ.N.fasta,data/coding_sequences/ENST00000682871_REJ.C.fasta
115866,FLNB,filamin B,ENSG00000136068,ENST00000684607,3,6813,3.8333383889393975,True,True,FLNB [ENST00000684607],Human,data/coding_sequences/ENST00000684607_CDS.fasta,data/coding_sequences/ENST00000684607_REJ.N.fasta,data/coding_sequences/ENST00000684607_REJ.C.fasta
54796,FLNB,filamin B,ENSG00000136068,ENST00000493452,3,7230,3.859138297294531,True,True,FLNB [ENST00000493452],Human,data/coding_sequences/ENST00000493452_CDS.fasta,data/coding_sequences/ENST00000493452_REJ.N.fasta,data/coding_sequences/ENST00000493452_REJ.C.fasta
37128,FLNB,filamin B,ENSG00000136068,ENST00000429972,3,7776,3.890756251918218,True,True,FLNB [ENST00000429972],Human,data/coding_sequences/ENST00000429972_CDS.fasta,data/coding_sequences/ENST00000429972_REJ.N.fasta,data/coding_sequences/ENST00000429972_REJ.C.fasta
10106,FMN2,formin 2,ENSG00000155816,ENST00000319653,1,5169,3.713406532167691,True,True,FMN2 [ENST00000319653],Human,data/coding_sequences/ENST00000319653_CDS.fasta,data/coding_sequences/ENST00000319653_REJ.N.fasta,data/coding_sequences/ENST00000319653_REJ.C.fasta
16179,FN1,fibronectin 1,ENSG00000115414,ENST00000354785,2,7434,3.871222556759707,True,True,FN1 [ENST00000354785],Human,data/coding_sequences/ENST00000354785_CDS.fasta,data/coding_sequences/ENST00000354785_REJ.N.fasta,data/coding_sequences/ENST00000354785_REJ.C.fasta
43591,FN1,fibronectin 1,ENSG00000115414,ENST00000446046,2,6993,3.8446635282402393,True,True,FN1 [ENST00000446046],Human,data/coding_sequences/ENST00000446046_CDS.fasta,data/coding_sequences/ENST00000446046_REJ.N.fasta,data/coding_sequences/ENST00000446046_REJ.C.fasta
14234,FN1,fibronectin 1,ENSG00000115414,ENST00000359671,2,7161,3.854973673726417,True,True,FN1 [ENST00000359671],Human,data/coding_sequences/ENST00000359671_CDS.fasta,data/coding_sequences/ENST00000359671_REJ.N.fasta,data/coding_sequences/ENST00000359671_REJ.C.fasta
16920,FN1,fibronectin 1,ENSG00000115414,ENST00000356005,2,6891,3.8382822499146885,True,True,FN1 [ENST00000356005],Human,data/coding_sequences/ENST00000356005_CDS.fasta,data/coding_sequences/ENST00000356005_REJ.N.fasta,data/coding_sequences/ENST00000356005_REJ.C.fasta
12624,FN1,fibronectin 1,ENSG00000115414,ENST00000323926,2,7341,3.8657552240714517,True,True,FN1 [ENST00000323926],Human,data/coding_sequences/ENST00000323926_CDS.fasta,data/coding_sequences/ENST00000323926_REJ.N.fasta,data/coding_sequences/ENST00000323926_REJ.C.fasta
35230,FN1,fibronectin 1,ENSG00000115414,ENST00000421182,2,6723,3.8275631112547237,True,True,FN1 [ENST00000421182],Human,data/coding_sequences/ENST00000421182_CDS.fasta,data/coding_sequences/ENST00000421182_REJ.N.fasta,data/coding_sequences/ENST00000421182_REJ.C.fasta
16231,FN1,fibronectin 1,ENSG00000115414,ENST00000357867,2,6531,3.8149796837607566,True,True,FN1 [ENST00000357867],Human,data/coding_sequences/ENST00000357867_CDS.fasta,data/coding_sequences/ENST00000357867_REJ.N.fasta,data/coding_sequences/ENST00000357867_REJ.C.fasta
12603,FN1,fibronectin 1,ENSG00000115414,ENST00000336916,2,7068,3.8492965408347266,True,True,FN1 [ENST00000336916],Human,data/coding_sequences/ENST00000336916_CDS.fasta,data/coding_sequences/ENST00000336916_REJ.N.fasta,data/coding_sequences/ENST00000336916_REJ.C.fasta
42227,FN1,fibronectin 1,ENSG00000115414,ENST00000443816,2,6798,3.832381160247041,True,True,FN1 [ENST00000443816],Human,data/coding_sequences/ENST00000443816_CDS.fasta,data/coding_sequences/ENST00000443816_REJ.N.fasta,data/coding_sequences/ENST00000443816_REJ.C.fasta
38581,FN1,fibronectin 1,ENSG00000115414,ENST00000432072,2,6804,3.8327643049405316,True,True,FN1 [ENST00000432072],Human,data/coding_sequences/ENST00000432072_CDS.fasta,data/coding_sequences/ENST00000432072_REJ.N.fasta,data/coding_sequences/ENST00000432072_REJ.C.fasta
10675,FNDC1,fibronectin type III domain containing 1,ENSG00000164694,ENST00000329629,6,5373,3.730216840568694,False,True,FNDC1 [ENST00000329629],Human,data/coding_sequences/ENST00000329629_CDS.fasta,data/coding_sequences/ENST00000329629_REJ.N.fasta,data/coding_sequences/ENST00000329629_REJ.C.fasta
6580,FNDC1,fibronectin type III domain containing 1,ENSG00000164694,ENST00000297267,6,5685,3.7547304690237535,False,True,FNDC1 [ENST00000297267],Human,data/coding_sequences/ENST00000297267_CDS.fasta,data/coding_sequences/ENST00000297267_REJ.N.fasta,data/coding_sequences/ENST00000297267_REJ.C.fasta
12484,FOCAD,focadhesin,ENSG00000188352,ENST00000338382,9,5406,3.7328760413627067,True,True,FOCAD [ENST00000338382],Human,data/coding_sequences/ENST00000338382_CDS.fasta,data/coding_sequences/ENST00000338382_REJ.N.fasta,data/coding_sequences/ENST00000338382_REJ.C.fasta
24345,FOCAD,focadhesin,ENSG00000188352,ENST00000380249,9,5406,3.7328760413627067,True,True,FOCAD [ENST00000380249],Human,data/coding_sequences/ENST00000380249_CDS.fasta,data/coding_sequences/ENST00000380249_REJ.N.fasta,data/coding_sequences/ENST00000380249_REJ.C.fasta
114646,FRAS1,Fraser extracellular matrix complex subunit 1,ENSG00000138759,ENST00000684159,4,6516,3.813981075636472,True,True,FRAS1 [ENST00000684159],Human,data/coding_sequences/ENST00000684159_CDS.fasta,data/coding_sequences/ENST00000684159_REJ.N.fasta,data/coding_sequences/ENST00000684159_REJ.C.fasta
11770,FRAS1,Fraser extracellular matrix complex subunit 1,ENSG00000138759,ENST00000325942,4,5931,3.773127924033335,True,True,FRAS1 [ENST00000325942],Human,data/coding_sequences/ENST00000325942_CDS.fasta,data/coding_sequences/ENST00000325942_REJ.N.fasta,data/coding_sequences/ENST00000325942_REJ.C.fasta
23468,FREM1,FRAS1 related extracellular matrix 1,ENSG00000164946,ENST00000380880,9,6540,3.815577748324267,True,True,FREM1 [ENST00000380880],Human,data/coding_sequences/ENST00000380880_CDS.fasta,data/coding_sequences/ENST00000380880_REJ.N.fasta,data/coding_sequences/ENST00000380880_REJ.C.fasta
10760,FREM3,FRAS1 related extracellular matrix 3,ENSG00000183090,ENST00000329798,4,6420,3.807535028068853,False,True,FREM3 [ENST00000329798],Human,data/coding_sequences/ENST00000329798_CDS.fasta,data/coding_sequences/ENST00000329798_REJ.N.fasta,data/coding_sequences/ENST00000329798_REJ.C.fasta
25721,FRMPD1,FERM and PDZ domain containing 1,ENSG00000070601,ENST00000377765,9,4737,3.6755033847279566,False,True,FRMPD1 [ENST00000377765],Human,data/coding_sequences/ENST00000377765_CDS.fasta,data/coding_sequences/ENST00000377765_REJ.N.fasta,data/coding_sequences/ENST00000377765_REJ.C.fasta
68336,FRMPD1,FERM and PDZ domain containing 1,ENSG00000070601,ENST00000539465,9,4737,3.6755033847279566,False,True,FRMPD1 [ENST00000539465],Human,data/coding_sequences/ENST00000539465_CDS.fasta,data/coding_sequences/ENST00000539465_REJ.N.fasta,data/coding_sequences/ENST00000539465_REJ.C.fasta
40373,FRMPD3,FERM and PDZ domain containing 3,ENSG00000147234,ENST00000439554,X,5277,3.7223870941771238,False,True,FRMPD3 [ENST00000439554],Human,data/coding_sequences/ENST00000439554_CDS.fasta,data/coding_sequences/ENST00000439554_REJ.N.fasta,data/coding_sequences/ENST00000439554_REJ.C.fasta
115813,FRMPD3,FERM and PDZ domain containing 3,ENSG00000147234,ENST00000684358,X,4929,3.692758818154724,False,True,FRMPD3 [ENST00000684358],Human,data/coding_sequences/ENST00000684358_CDS.fasta,data/coding_sequences/ENST00000684358_REJ.N.fasta,data/coding_sequences/ENST00000684358_REJ.C.fasta
4663,FRMPD3,FERM and PDZ domain containing 3,ENSG00000147234,ENST00000276185,X,5334,3.727053011353857,False,True,FRMPD3 [ENST00000276185],Human,data/coding_sequences/ENST00000276185_CDS.fasta,data/coding_sequences/ENST00000276185_REJ.N.fasta,data/coding_sequences/ENST00000276185_REJ.C.fasta
114872,FRMPD3,FERM and PDZ domain containing 3,ENSG00000147234,ENST00000683843,X,5334,3.727053011353857,False,True,FRMPD3 [ENST00000683843],Human,data/coding_sequences/ENST00000683843_CDS.fasta,data/coding_sequences/ENST00000683843_REJ.N.fasta,data/coding_sequences/ENST00000683843_REJ.C.fasta
106432,FRMPD4,FERM and PDZ domain containing 4,ENSG00000169933,ENST00000656302,X,5343,3.727785174182906,True,True,FRMPD4 [ENST00000656302],Human,data/coding_sequences/ENST00000656302_CDS.fasta,data/coding_sequences/ENST00000656302_REJ.N.fasta,data/coding_sequences/ENST00000656302_REJ.C.fasta
110685,FRMPD4,FERM and PDZ domain containing 4,ENSG00000169933,ENST00000675598,X,5289,3.7233735670189843,True,True,FRMPD4 [ENST00000675598],Human,data/coding_sequences/ENST00000675598_CDS.fasta,data/coding_sequences/ENST00000675598_REJ.N.fasta,data/coding_sequences/ENST00000675598_REJ.C.fasta
57579,FRYL,FRY like transcription coactivator,ENSG00000075539,ENST00000507711,4,4662,3.668572269184558,False,True,FRYL [ENST00000507711],Human,data/coding_sequences/ENST00000507711_CDS.fasta,data/coding_sequences/ENST00000507711_REJ.N.fasta,data/coding_sequences/ENST00000507711_REJ.C.fasta
100630,FRYL,FRY like transcription coactivator,ENSG00000075539,ENST00000641795,4,4692,3.671358003443492,False,True,FRYL [ENST00000641795],Human,data/coding_sequences/ENST00000641795_CDS.fasta,data/coding_sequences/ENST00000641795_REJ.N.fasta,data/coding_sequences/ENST00000641795_REJ.C.fasta
110296,GBF1,golgi brefeldin A resistant guanine nucleotide exchange factor 1,ENSG00000107862,ENST00000678351,10,5286,3.7231271587956916,True,True,GBF1 [ENST00000678351],Human,data/coding_sequences/ENST00000678351_CDS.fasta,data/coding_sequences/ENST00000678351_REJ.N.fasta,data/coding_sequences/ENST00000678351_REJ.C.fasta
111719,GBF1,golgi brefeldin A resistant guanine nucleotide exchange factor 1,ENSG00000107862,ENST00000679238,10,5286,3.7231271587956916,True,True,GBF1 [ENST00000679238],Human,data/coding_sequences/ENST00000679238_CDS.fasta,data/coding_sequences/ENST00000679238_REJ.N.fasta,data/coding_sequences/ENST00000679238_REJ.C.fasta
109996,GBF1,golgi brefeldin A resistant guanine nucleotide exchange factor 1,ENSG00000107862,ENST00000677247,10,5484,3.739097446117475,True,True,GBF1 [ENST00000677247],Human,data/coding_sequences/ENST00000677247_CDS.fasta,data/coding_sequences/ENST00000677247_REJ.N.fasta,data/coding_sequences/ENST00000677247_REJ.C.fasta
108979,GBF1,golgi brefeldin A resistant guanine nucleotide exchange factor 1,ENSG00000107862,ENST00000678504,10,4803,3.681512586638962,True,True,GBF1 [ENST00000678504],Human,data/coding_sequences/ENST00000678504_CDS.fasta,data/coding_sequences/ENST00000678504_REJ.N.fasta,data/coding_sequences/ENST00000678504_REJ.C.fasta
21427,GBF1,golgi brefeldin A resistant guanine nucleotide exchange factor 1,ENSG00000107862,ENST00000369983,10,5583,3.7468676278504294,True,True,GBF1 [ENST00000369983],Human,data/coding_sequences/ENST00000369983_CDS.fasta,data/coding_sequences/ENST00000369983_REJ.N.fasta,data/coding_sequences/ENST00000369983_REJ.C.fasta
110613,GBF1,golgi brefeldin A resistant guanine nucleotide exchange factor 1,ENSG00000107862,ENST00000676513,10,5580,3.7466341989375787,True,True,GBF1 [ENST00000676513],Human,data/coding_sequences/ENST00000676513_CDS.fasta,data/coding_sequences/ENST00000676513_REJ.N.fasta,data/coding_sequences/ENST00000676513_REJ.C.fasta
110086,GBF1,golgi brefeldin A resistant guanine nucleotide exchange factor 1,ENSG00000107862,ENST00000676939,10,5580,3.7466341989375787,True,True,GBF1 [ENST00000676939],Human,data/coding_sequences/ENST00000676939_CDS.fasta,data/coding_sequences/ENST00000676939_REJ.N.fasta,data/coding_sequences/ENST00000676939_REJ.C.fasta
107040,GBF1,golgi brefeldin A resistant guanine nucleotide exchange factor 1,ENSG00000107862,ENST00000674034,10,5655,3.752432609261474,True,True,GBF1 [ENST00000674034],Human,data/coding_sequences/ENST00000674034_CDS.fasta,data/coding_sequences/ENST00000674034_REJ.N.fasta,data/coding_sequences/ENST00000674034_REJ.C.fasta
110303,GBF1,golgi brefeldin A resistant guanine nucleotide exchange factor 1,ENSG00000107862,ENST00000677655,10,5049,3.7032053706954864,True,True,GBF1 [ENST00000677655],Human,data/coding_sequences/ENST00000677655_CDS.fasta,data/coding_sequences/ENST00000677655_REJ.N.fasta,data/coding_sequences/ENST00000677655_REJ.C.fasta
110158,GBF1,golgi brefeldin A resistant guanine nucleotide exchange factor 1,ENSG00000107862,ENST00000677439,10,5532,3.742882171437273,True,True,GBF1 [ENST00000677439],Human,data/coding_sequences/ENST00000677439_CDS.fasta,data/coding_sequences/ENST00000677439_REJ.N.fasta,data/coding_sequences/ENST00000677439_REJ.C.fasta
108010,GBF1,golgi brefeldin A resistant guanine nucleotide exchange factor 1,ENSG00000107862,ENST00000673650,10,5679,3.754271868683459,True,True,GBF1 [ENST00000673650],Human,data/coding_sequences/ENST00000673650_CDS.fasta,data/coding_sequences/ENST00000673650_REJ.N.fasta,data/coding_sequences/ENST00000673650_REJ.C.fasta
110029,GBF1,golgi brefeldin A resistant guanine nucleotide exchange factor 1,ENSG00000107862,ENST00000677618,10,5274,3.7221401254574156,True,True,GBF1 [ENST00000677618],Human,data/coding_sequences/ENST00000677618_CDS.fasta,data/coding_sequences/ENST00000677618_REJ.N.fasta,data/coding_sequences/ENST00000677618_REJ.C.fasta
110730,GBF1,golgi brefeldin A resistant guanine nucleotide exchange factor 1,ENSG00000107862,ENST00000676993,10,5568,3.7456992266025058,True,True,GBF1 [ENST00000676993],Human,data/coding_sequences/ENST00000676993_CDS.fasta,data/coding_sequences/ENST00000676993_REJ.N.fasta,data/coding_sequences/ENST00000676993_REJ.C.fasta
111082,GBF1,golgi brefeldin A resistant guanine nucleotide exchange factor 1,ENSG00000107862,ENST00000677240,10,5571,3.745933158459443,True,True,GBF1 [ENST00000677240],Human,data/coding_sequences/ENST00000677240_CDS.fasta,data/coding_sequences/ENST00000677240_REJ.N.fasta,data/coding_sequences/ENST00000677240_REJ.C.fasta
9154,GCC2,GRIP and coiled-coil domain containing 2,ENSG00000135968,ENST00000309863,2,5055,3.70372115992702,False,True,GCC2 [ENST00000309863],Human,data/coding_sequences/ENST00000309863_CDS.fasta,data/coding_sequences/ENST00000309863_REJ.N.fasta,data/coding_sequences/ENST00000309863_REJ.C.fasta
114739,GCC2,GRIP and coiled-coil domain containing 2,ENSG00000135968,ENST00000685519,2,4752,3.6768764319731373,False,True,GCC2 [ENST00000685519],Human,data/coding_sequences/ENST00000685519_CDS.fasta,data/coding_sequences/ENST00000685519_REJ.N.fasta,data/coding_sequences/ENST00000685519_REJ.C.fasta
115414,GCC2,GRIP and coiled-coil domain containing 2,ENSG00000135968,ENST00000687399,2,4917,3.6917002082901615,False,True,GCC2 [ENST00000687399],Human,data/coding_sequences/ENST00000687399_CDS.fasta,data/coding_sequences/ENST00000687399_REJ.N.fasta,data/coding_sequences/ENST00000687399_REJ.C.fasta
118591,GCC2,GRIP and coiled-coil domain containing 2,ENSG00000135968,ENST00000692694,2,4902,3.690373306916059,False,True,GCC2 [ENST00000692694],Human,data/coding_sequences/ENST00000692694_CDS.fasta,data/coding_sequences/ENST00000692694_REJ.N.fasta,data/coding_sequences/ENST00000692694_REJ.C.fasta
5106,GEMIN5,gem nuclear organelle associated protein 5,ENSG00000082516,ENST00000285873,5,4527,3.655810494495252,True,True,GEMIN5 [ENST00000285873],Human,data/coding_sequences/ENST00000285873_CDS.fasta,data/coding_sequences/ENST00000285873_REJ.N.fasta,data/coding_sequences/ENST00000285873_REJ.C.fasta
46955,GLI2,GLI family zinc finger 2,ENSG00000074047,ENST00000452319,2,4761,3.6776981814745104,True,True,GLI2 [ENST00000452319],Human,data/coding_sequences/ENST00000452319_CDS.fasta,data/coding_sequences/ENST00000452319_REJ.N.fasta,data/coding_sequences/ENST00000452319_REJ.C.fasta
16103,GLI2,GLI family zinc finger 2,ENSG00000074047,ENST00000361492,2,4710,3.673020907128896,True,True,GLI2 [ENST00000361492],Human,data/coding_sequences/ENST00000361492_CDS.fasta,data/coding_sequences/ENST00000361492_REJ.N.fasta,data/coding_sequences/ENST00000361492_REJ.C.fasta
52899,GLI3,GLI family zinc finger 3,ENSG00000106571,ENST00000479210,7,4566,3.6595359071542166,True,True,GLI3 [ENST00000479210],Human,data/coding_sequences/ENST00000479210_CDS.fasta,data/coding_sequences/ENST00000479210_REJ.N.fasta,data/coding_sequences/ENST00000479210_REJ.C.fasta
110215,GLI3,GLI family zinc finger 3,ENSG00000106571,ENST00000677288,7,4569,3.659821158055705,True,True,GLI3 [ENST00000677288],Human,data/coding_sequences/ENST00000677288_CDS.fasta,data/coding_sequences/ENST00000677288_REJ.N.fasta,data/coding_sequences/ENST00000677288_REJ.C.fasta
31097,GLI3,GLI family zinc finger 3,ENSG00000106571,ENST00000395925,7,4743,3.6760531246518715,True,True,GLI3 [ENST00000395925],Human,data/coding_sequences/ENST00000395925_CDS.fasta,data/coding_sequences/ENST00000395925_REJ.N.fasta,data/coding_sequences/ENST00000395925_REJ.C.fasta
111634,GLI3,GLI family zinc finger 3,ENSG00000106571,ENST00000677605,7,4743,3.6760531246518715,True,True,GLI3 [ENST00000677605],Human,data/coding_sequences/ENST00000677605_CDS.fasta,data/coding_sequences/ENST00000677605_REJ.N.fasta,data/coding_sequences/ENST00000677605_REJ.C.fasta
109841,GLI3,GLI family zinc finger 3,ENSG00000106571,ENST00000678429,7,4743,3.6760531246518715,True,True,GLI3 [ENST00000678429],Human,data/coding_sequences/ENST00000678429_CDS.fasta,data/coding_sequences/ENST00000678429_REJ.N.fasta,data/coding_sequences/ENST00000678429_REJ.C.fasta
119708,GOLGA4,golgin A4,ENSG00000144674,ENST00000699995,3,6759,3.8298824464434933,False,True,GOLGA4 [ENST00000699995],Human,data/coding_sequences/ENST00000699995_CDS.fasta,data/coding_sequences/ENST00000699995_REJ.N.fasta,data/coding_sequences/ENST00000699995_REJ.C.fasta
14847,GOLGA4,golgin A4,ENSG00000144674,ENST00000356847,3,6732,3.8281441073037863,False,True,GOLGA4 [ENST00000356847],Human,data/coding_sequences/ENST00000356847_CDS.fasta,data/coding_sequences/ENST00000356847_REJ.N.fasta,data/coding_sequences/ENST00000356847_REJ.C.fasta
38687,GOLGA4,golgin A4,ENSG00000144674,ENST00000431105,3,6858,3.8361974807789254,False,True,GOLGA4 [ENST00000431105],Human,data/coding_sequences/ENST00000431105_CDS.fasta,data/coding_sequences/ENST00000431105_REJ.N.fasta,data/coding_sequences/ENST00000431105_REJ.C.fasta
120202,GOLGA4,golgin A4,ENSG00000144674,ENST00000699996,3,6738,3.8285310066451013,False,True,GOLGA4 [ENST00000699996],Human,data/coding_sequences/ENST00000699996_CDS.fasta,data/coding_sequences/ENST00000699996_REJ.N.fasta,data/coding_sequences/ENST00000699996_REJ.C.fasta
120663,GOLGA4,golgin A4,ENSG00000144674,ENST00000706569,3,6852,3.835817354293473,False,True,GOLGA4 [ENST00000706569],Human,data/coding_sequences/ENST00000706569_CDS.fasta,data/coding_sequences/ENST00000706569_REJ.N.fasta,data/coding_sequences/ENST00000706569_REJ.C.fasta
119424,GOLGA4,golgin A4,ENSG00000144674,ENST00000699994,3,6738,3.8285310066451013,False,True,GOLGA4 [ENST00000699994],Human,data/coding_sequences/ENST00000699994_CDS.fasta,data/coding_sequences/ENST00000699994_REJ.N.fasta,data/coding_sequences/ENST00000699994_REJ.C.fasta
40361,GOLGA4,golgin A4,ENSG00000144674,ENST00000437131,3,6753,3.8294967497201826,False,True,GOLGA4 [ENST00000437131],Human,data/coding_sequences/ENST00000437131_CDS.fasta,data/coding_sequences/ENST00000437131_REJ.N.fasta,data/coding_sequences/ENST00000437131_REJ.C.fasta
14052,GOLGA4,golgin A4,ENSG00000144674,ENST00000361924,3,6693,3.8256208250035,False,True,GOLGA4 [ENST00000361924],Human,data/coding_sequences/ENST00000361924_CDS.fasta,data/coding_sequences/ENST00000361924_REJ.N.fasta,data/coding_sequences/ENST00000361924_REJ.C.fasta
118390,GOLGB1,golgin B1,ENSG00000173230,ENST00000695119,3,7947,3.9002032130168933,False,True,GOLGB1 [ENST00000695119],Human,data/coding_sequences/ENST00000695119_CDS.fasta,data/coding_sequences/ENST00000695119_REJ.N.fasta,data/coding_sequences/ENST00000695119_REJ.C.fasta
117558,GOLGB1,golgin B1,ENSG00000173230,ENST00000694974,3,7974,3.9016762313263755,False,True,GOLGB1 [ENST00000694974],Human,data/coding_sequences/ENST00000694974_CDS.fasta,data/coding_sequences/ENST00000694974_REJ.N.fasta,data/coding_sequences/ENST00000694974_REJ.C.fasta
118308,GOLGB1,golgin B1,ENSG00000173230,ENST00000695014,3,7974,3.9016762313263755,False,True,GOLGB1 [ENST00000695014],Human,data/coding_sequences/ENST00000695014_CDS.fasta,data/coding_sequences/ENST00000695014_REJ.N.fasta,data/coding_sequences/ENST00000695014_REJ.C.fasta
116779,GOLGB1,golgin B1,ENSG00000173230,ENST00000695015,3,7974,3.9016762313263755,False,True,GOLGB1 [ENST00000695015],Human,data/coding_sequences/ENST00000695015_CDS.fasta,data/coding_sequences/ENST00000695015_REJ.N.fasta,data/coding_sequences/ENST00000695015_REJ.C.fasta
20526,GON4L,gon-4 like,ENSG00000116580,ENST00000368331,1,6726,3.827756862978617,False,True,GON4L [ENST00000368331],Human,data/coding_sequences/ENST00000368331_CDS.fasta,data/coding_sequences/ENST00000368331_REJ.N.fasta,data/coding_sequences/ENST00000368331_REJ.C.fasta
92637,GON4L,gon-4 like,ENSG00000116580,ENST00000615926,1,6726,3.827756862978617,False,True,GON4L [ENST00000615926],Human,data/coding_sequences/ENST00000615926_CDS.fasta,data/coding_sequences/ENST00000615926_REJ.N.fasta,data/coding_sequences/ENST00000615926_REJ.C.fasta
92453,GON4L,gon-4 like,ENSG00000116580,ENST00000622608,1,4590,3.661812685537261,False,True,GON4L [ENST00000622608],Human,data/coding_sequences/ENST00000622608_CDS.fasta,data/coding_sequences/ENST00000622608_REJ.N.fasta,data/coding_sequences/ENST00000622608_REJ.C.fasta
14062,GON4L,gon-4 like,ENSG00000116580,ENST00000361040,1,4590,3.661812685537261,False,True,GON4L [ENST00000361040],Human,data/coding_sequences/ENST00000361040_CDS.fasta,data/coding_sequences/ENST00000361040_REJ.N.fasta,data/coding_sequences/ENST00000361040_REJ.C.fasta
5850,GON4L,gon-4 like,ENSG00000116580,ENST00000271883,1,6723,3.8275631112547237,False,True,GON4L [ENST00000271883],Human,data/coding_sequences/ENST00000271883_CDS.fasta,data/coding_sequences/ENST00000271883_REJ.N.fasta,data/coding_sequences/ENST00000271883_REJ.C.fasta
42493,GON4L,gon-4 like,ENSG00000116580,ENST00000437809,1,6723,3.8275631112547237,False,True,GON4L [ENST00000437809],Human,data/coding_sequences/ENST00000437809_CDS.fasta,data/coding_sequences/ENST00000437809_REJ.N.fasta,data/coding_sequences/ENST00000437809_REJ.C.fasta
84444,GPATCH8,G-patch domain containing 8,ENSG00000186566,ENST00000591680,17,4509,3.6540802353065707,False,True,GPATCH8 [ENST00000591680],Human,data/coding_sequences/ENST00000591680_CDS.fasta,data/coding_sequences/ENST00000591680_REJ.N.fasta,data/coding_sequences/ENST00000591680_REJ.C.fasta
87670,GPR179,G protein-coupled receptor 179,ENSG00000276469,ENST00000610650,CHR_HSCHR17_7_CTG4,7104,3.8515029527705447,True,True,GPR179 [ENST00000610650],Human,data/coding_sequences/ENST00000610650_CDS.fasta,data/coding_sequences/ENST00000610650_REJ.N.fasta,data/coding_sequences/ENST00000610650_REJ.C.fasta
93342,GPR179,G protein-coupled receptor 179,ENSG00000277399,ENST00000616987,17,7104,3.8515029527705447,True,True,GPR179 [ENST00000616987],Human,data/coding_sequences/ENST00000616987_CDS.fasta,data/coding_sequences/ENST00000616987_REJ.N.fasta,data/coding_sequences/ENST00000616987_REJ.C.fasta
25212,GREB1,growth regulating estrogen receptor binding 1,ENSG00000196208,ENST00000381486,2,5850,3.7671558660821804,False,True,GREB1 [ENST00000381486],Human,data/coding_sequences/ENST00000381486_CDS.fasta,data/coding_sequences/ENST00000381486_REJ.N.fasta,data/coding_sequences/ENST00000381486_REJ.C.fasta
1707,GREB1,growth regulating estrogen receptor binding 1,ENSG00000196208,ENST00000234142,2,5850,3.7671558660821804,False,True,GREB1 [ENST00000234142],Human,data/coding_sequences/ENST00000234142_CDS.fasta,data/coding_sequences/ENST00000234142_REJ.N.fasta,data/coding_sequences/ENST00000234142_REJ.C.fasta
36804,GREB1L,GREB1 like retinoic acid receptor coactivator,ENSG00000141449,ENST00000424526,18,5772,3.7613263224214566,True,True,GREB1L [ENST00000424526],Human,data/coding_sequences/ENST00000424526_CDS.fasta,data/coding_sequences/ENST00000424526_REJ.N.fasta,data/coding_sequences/ENST00000424526_REJ.C.fasta
86710,GREB1L,GREB1 like retinoic acid receptor coactivator,ENSG00000141449,ENST00000580732,18,5772,3.7613263224214566,True,True,GREB1L [ENST00000580732],Human,data/coding_sequences/ENST00000580732_CDS.fasta,data/coding_sequences/ENST00000580732_REJ.N.fasta,data/coding_sequences/ENST00000580732_REJ.C.fasta
82164,GREB1L,GREB1 like retinoic acid receptor coactivator,ENSG00000141449,ENST00000579454,18,5901,3.7709256146389993,True,True,GREB1L [ENST00000579454],Human,data/coding_sequences/ENST00000579454_CDS.fasta,data/coding_sequences/ENST00000579454_REJ.N.fasta,data/coding_sequences/ENST00000579454_REJ.C.fasta
5849,GREB1L,GREB1 like retinoic acid receptor coactivator,ENSG00000141449,ENST00000269218,18,5445,3.735997884091794,True,True,GREB1L [ENST00000269218],Human,data/coding_sequences/ENST00000269218_CDS.fasta,data/coding_sequences/ENST00000269218_REJ.N.fasta,data/coding_sequences/ENST00000269218_REJ.C.fasta
17433,GTF3C1,general transcription factor IIIC subunit 1,ENSG00000077235,ENST00000356183,16,6330,3.801403710017355,False,True,GTF3C1 [ENST00000356183],Human,data/coding_sequences/ENST00000356183_CDS.fasta,data/coding_sequences/ENST00000356183_REJ.N.fasta,data/coding_sequences/ENST00000356183_REJ.C.fasta
77778,GTF3C1,general transcription factor IIIC subunit 1,ENSG00000077235,ENST00000561623,16,6255,3.796227314029439,False,True,GTF3C1 [ENST00000561623],Human,data/coding_sequences/ENST00000561623_CDS.fasta,data/coding_sequences/ENST00000561623_REJ.N.fasta,data/coding_sequences/ENST00000561623_REJ.C.fasta
18809,HCFC1,host cell factor C1,ENSG00000172534,ENST00000369984,X,6243,3.795393334931289,True,True,HCFC1 [ENST00000369984],Human,data/coding_sequences/ENST00000369984_CDS.fasta,data/coding_sequences/ENST00000369984_REJ.N.fasta,data/coding_sequences/ENST00000369984_REJ.C.fasta
6768,HCFC1,host cell factor C1,ENSG00000172534,ENST00000310441,X,6108,3.7858990283843834,True,True,HCFC1 [ENST00000310441],Human,data/coding_sequences/ENST00000310441_CDS.fasta,data/coding_sequences/ENST00000310441_REJ.N.fasta,data/coding_sequences/ENST00000310441_REJ.C.fasta
14713,HEATR1,HEAT repeat containing 1,ENSG00000119285,ENST00000366582,1,6435,3.8085485512404054,False,True,HEATR1 [ENST00000366582],Human,data/coding_sequences/ENST00000366582_CDS.fasta,data/coding_sequences/ENST00000366582_REJ.N.fasta,data/coding_sequences/ENST00000366582_REJ.C.fasta
17329,HEATR1,HEAT repeat containing 1,ENSG00000119285,ENST00000366581,1,6192,3.791830947674836,False,True,HEATR1 [ENST00000366581],Human,data/coding_sequences/ENST00000366581_CDS.fasta,data/coding_sequences/ENST00000366581_REJ.N.fasta,data/coding_sequences/ENST00000366581_REJ.C.fasta
68492,HEATR5A,HEAT repeat containing 5A,ENSG00000129493,ENST00000538864,14,4800,3.681241237375587,False,True,HEATR5A [ENST00000538864],Human,data/coding_sequences/ENST00000538864_CDS.fasta,data/coding_sequences/ENST00000538864_REJ.N.fasta,data/coding_sequences/ENST00000538864_REJ.C.fasta
73386,HEATR5A,HEAT repeat containing 5A,ENSG00000129493,ENST00000543095,14,6141,3.788239097382168,False,True,HEATR5A [ENST00000543095],Human,data/coding_sequences/ENST00000543095_CDS.fasta,data/coding_sequences/ENST00000543095_REJ.N.fasta,data/coding_sequences/ENST00000543095_REJ.C.fasta
1642,HEATR5B,HEAT repeat containing 5B,ENSG00000008869,ENST00000233099,2,6216,3.793511005792858,False,True,HEATR5B [ENST00000233099],Human,data/coding_sequences/ENST00000233099_CDS.fasta,data/coding_sequences/ENST00000233099_REJ.N.fasta,data/coding_sequences/ENST00000233099_REJ.C.fasta
77563,HECTD1,HECT domain E3 ubiquitin protein ligase 1,ENSG00000092148,ENST00000554882,14,6990,3.8444771757456815,False,True,HECTD1 [ENST00000554882],Human,data/coding_sequences/ENST00000554882_CDS.fasta,data/coding_sequences/ENST00000554882_REJ.N.fasta,data/coding_sequences/ENST00000554882_REJ.C.fasta
76424,HECTD1,HECT domain E3 ubiquitin protein ligase 1,ENSG00000092148,ENST00000553700,14,7833,3.893928126542607,False,True,HECTD1 [ENST00000553700],Human,data/coding_sequences/ENST00000553700_CDS.fasta,data/coding_sequences/ENST00000553700_REJ.N.fasta,data/coding_sequences/ENST00000553700_REJ.C.fasta
76255,HECTD1,HECT domain E3 ubiquitin protein ligase 1,ENSG00000092148,ENST00000553957,14,7563,3.878694100396108,False,True,HECTD1 [ENST00000553957],Human,data/coding_sequences/ENST00000553957_CDS.fasta,data/coding_sequences/ENST00000553957_REJ.N.fasta,data/coding_sequences/ENST00000553957_REJ.C.fasta
28146,HECTD1,HECT domain E3 ubiquitin protein ligase 1,ENSG00000092148,ENST00000399332,14,7833,3.893928126542607,False,True,HECTD1 [ENST00000399332],Human,data/coding_sequences/ENST00000399332_CDS.fasta,data/coding_sequences/ENST00000399332_REJ.N.fasta,data/coding_sequences/ENST00000399332_REJ.C.fasta
117177,HECTD1,HECT domain E3 ubiquitin protein ligase 1,ENSG00000092148,ENST00000691390,14,6744,3.8289175616166857,False,True,HECTD1 [ENST00000691390],Human,data/coding_sequences/ENST00000691390_CDS.fasta,data/coding_sequences/ENST00000691390_REJ.N.fasta,data/coding_sequences/ENST00000691390_REJ.C.fasta
116761,HECTD1,HECT domain E3 ubiquitin protein ligase 1,ENSG00000092148,ENST00000692835,14,7692,3.8860392755664424,False,True,HECTD1 [ENST00000692835],Human,data/coding_sequences/ENST00000692835_CDS.fasta,data/coding_sequences/ENST00000692835_REJ.N.fasta,data/coding_sequences/ENST00000692835_REJ.C.fasta
87583,HECTD1,HECT domain E3 ubiquitin protein ligase 1,ENSG00000092148,ENST00000611816,14,7827,3.893595333819883,False,True,HECTD1 [ENST00000611816],Human,data/coding_sequences/ENST00000611816_CDS.fasta,data/coding_sequences/ENST00000611816_REJ.N.fasta,data/coding_sequences/ENST00000611816_REJ.C.fasta
106174,HECTD4,HECT domain E3 ubiquitin protein ligase 4,ENSG00000173064,ENST00000651701,12,5487,3.7393349601960795,True,True,HECTD4 [ENST00000651701],Human,data/coding_sequences/ENST00000651701_CDS.fasta,data/coding_sequences/ENST00000651701_REJ.N.fasta,data/coding_sequences/ENST00000651701_REJ.C.fasta
28632,HECW1,"HECT, C2 and WW domain containing E3 ubiquitin protein ligase 1",ENSG00000002746,ENST00000395891,7,4821,3.683137131483007,False,True,HECW1 [ENST00000395891],Human,data/coding_sequences/ENST00000395891_CDS.fasta,data/coding_sequences/ENST00000395891_REJ.N.fasta,data/coding_sequences/ENST00000395891_REJ.C.fasta
45974,HECW1,"HECT, C2 and WW domain containing E3 ubiquitin protein ligase 1",ENSG00000002746,ENST00000453890,7,4719,3.6738499773429494,False,True,HECW1 [ENST00000453890],Human,data/coding_sequences/ENST00000453890_CDS.fasta,data/coding_sequences/ENST00000453890_REJ.N.fasta,data/coding_sequences/ENST00000453890_REJ.C.fasta
102393,HECW2,"HECT, C2 and WW domain containing E3 ubiquitin protein ligase 2",ENSG00000138411,ENST00000644030,2,4740,3.6757783416740852,True,True,HECW2 [ENST00000644030],Human,data/coding_sequences/ENST00000644030_CDS.fasta,data/coding_sequences/ENST00000644030_REJ.N.fasta,data/coding_sequences/ENST00000644030_REJ.C.fasta
102196,HECW2,"HECT, C2 and WW domain containing E3 ubiquitin protein ligase 2",ENSG00000138411,ENST00000644978,2,4719,3.6738499773429494,True,True,HECW2 [ENST00000644978],Human,data/coding_sequences/ENST00000644978_CDS.fasta,data/coding_sequences/ENST00000644978_REJ.N.fasta,data/coding_sequences/ENST00000644978_REJ.C.fasta
2872,HECW2,"HECT, C2 and WW domain containing E3 ubiquitin protein ligase 2",ENSG00000138411,ENST00000260983,2,4719,3.6738499773429494,True,True,HECW2 [ENST00000260983],Human,data/coding_sequences/ENST00000260983_CDS.fasta,data/coding_sequences/ENST00000260983_REJ.N.fasta,data/coding_sequences/ENST00000260983_REJ.C.fasta
102371,HECW2,"HECT, C2 and WW domain containing E3 ubiquitin protein ligase 2",ENSG00000138411,ENST00000644256,2,4719,3.6738499773429494,True,True,HECW2 [ENST00000644256],Human,data/coding_sequences/ENST00000644256_CDS.fasta,data/coding_sequences/ENST00000644256_REJ.N.fasta,data/coding_sequences/ENST00000644256_REJ.C.fasta
16121,HELZ,helicase with zinc finger,ENSG00000198265,ENST00000358691,17,5829,3.765594055319445,False,True,HELZ [ENST00000358691],Human,data/coding_sequences/ENST00000358691_CDS.fasta,data/coding_sequences/ENST00000358691_REJ.N.fasta,data/coding_sequences/ENST00000358691_REJ.C.fasta
85840,HELZ,helicase with zinc finger,ENSG00000198265,ENST00000580168,17,5832,3.765817515309918,False,True,HELZ [ENST00000580168],Human,data/coding_sequences/ENST00000580168_CDS.fasta,data/coding_sequences/ENST00000580168_REJ.N.fasta,data/coding_sequences/ENST00000580168_REJ.C.fasta
39925,HELZ2,helicase with zinc finger 2,ENSG00000130589,ENST00000427522,20,6243,3.795393334931289,False,True,HELZ2 [ENST00000427522],Human,data/coding_sequences/ENST00000427522_CDS.fasta,data/coding_sequences/ENST00000427522_REJ.N.fasta,data/coding_sequences/ENST00000427522_REJ.C.fasta
49439,HELZ2,helicase with zinc finger 2,ENSG00000130589,ENST00000467148,20,7950,3.9003671286564705,False,True,HELZ2 [ENST00000467148],Human,data/coding_sequences/ENST00000467148_CDS.fasta,data/coding_sequences/ENST00000467148_REJ.N.fasta,data/coding_sequences/ENST00000467148_REJ.C.fasta
95061,HERC2,HECT and RLD domain containing E3 ubiquitin protein ligase 2,ENSG00000276802,ENST00000632916,CHR_HSCHR15_4_CTG8,6246,3.7956019798941796,True,True,HERC2 [ENST00000632916],Human,data/coding_sequences/ENST00000632916_CDS.fasta,data/coding_sequences/ENST00000632916_REJ.N.fasta,data/coding_sequences/ENST00000632916_REJ.C.fasta
121344,HIVEP2,HIVEP zinc finger 2,ENSG00000010818,ENST00000703918,6,7341,3.8657552240714517,True,True,HIVEP2 [ENST00000703918],Human,data/coding_sequences/ENST00000703918_CDS.fasta,data/coding_sequences/ENST00000703918_REJ.N.fasta,data/coding_sequences/ENST00000703918_REJ.C.fasta
72,HIVEP2,HIVEP zinc finger 2,ENSG00000010818,ENST00000012134,6,7341,3.8657552240714517,True,True,HIVEP2 [ENST00000012134],Human,data/coding_sequences/ENST00000012134_CDS.fasta,data/coding_sequences/ENST00000012134_REJ.N.fasta,data/coding_sequences/ENST00000012134_REJ.C.fasta
21782,HIVEP2,HIVEP zinc finger 2,ENSG00000010818,ENST00000367604,6,7341,3.8657552240714517,True,True,HIVEP2 [ENST00000367604],Human,data/coding_sequences/ENST00000367604_CDS.fasta,data/coding_sequences/ENST00000367604_REJ.N.fasta,data/coding_sequences/ENST00000367604_REJ.C.fasta
17861,HIVEP2,HIVEP zinc finger 2,ENSG00000010818,ENST00000367603,6,7341,3.8657552240714517,True,True,HIVEP2 [ENST00000367603],Human,data/coding_sequences/ENST00000367603_CDS.fasta,data/coding_sequences/ENST00000367603_REJ.N.fasta,data/coding_sequences/ENST00000367603_REJ.C.fasta
104631,HIVEP3,HIVEP zinc finger 3,ENSG00000127124,ENST00000643665,1,7218,3.858416877723488,False,True,HIVEP3 [ENST00000643665],Human,data/coding_sequences/ENST00000643665_CDS.fasta,data/coding_sequences/ENST00000643665_REJ.N.fasta,data/coding_sequences/ENST00000643665_REJ.C.fasta
19868,HIVEP3,HIVEP zinc finger 3,ENSG00000127124,ENST00000372583,1,7221,3.8585973449946924,False,True,HIVEP3 [ENST00000372583],Human,data/coding_sequences/ENST00000372583_CDS.fasta,data/coding_sequences/ENST00000372583_REJ.N.fasta,data/coding_sequences/ENST00000372583_REJ.C.fasta
20361,HIVEP3,HIVEP zinc finger 3,ENSG00000127124,ENST00000372584,1,7218,3.858416877723488,False,True,HIVEP3 [ENST00000372584],Human,data/coding_sequences/ENST00000372584_CDS.fasta,data/coding_sequences/ENST00000372584_REJ.N.fasta,data/coding_sequences/ENST00000372584_REJ.C.fasta
93703,HMGXB3,HMG-box containing 3,ENSG00000113716,ENST00000613459,5,4617,3.664359874551141,False,True,HMGXB3 [ENST00000613459],Human,data/coding_sequences/ENST00000613459_CDS.fasta,data/coding_sequences/ENST00000613459_REJ.N.fasta,data/coding_sequences/ENST00000613459_REJ.C.fasta
111990,HTT,huntingtin,ENSG00000197386,ENST00000680360,4,6576,3.817961804531994,True,True,HTT [ENST00000680360],Human,data/coding_sequences/ENST00000680360_CDS.fasta,data/coding_sequences/ENST00000680360_REJ.N.fasta,data/coding_sequences/ENST00000680360_REJ.C.fasta
4860,ICE1,interactor of little elongation complex ELL subunit 1,ENSG00000164151,ENST00000296564,5,6801,3.83257277484618,False,True,ICE1 [ENST00000296564],Human,data/coding_sequences/ENST00000296564_CDS.fasta,data/coding_sequences/ENST00000296564_REJ.N.fasta,data/coding_sequences/ENST00000296564_REJ.C.fasta
4016,IFT172,intraflagellar transport 172,ENSG00000138002,ENST00000260570,2,5250,3.720159303405957,True,True,IFT172 [ENST00000260570],Human,data/coding_sequences/ENST00000260570_CDS.fasta,data/coding_sequences/ENST00000260570_REJ.N.fasta,data/coding_sequences/ENST00000260570_REJ.C.fasta
110892,IFT172,intraflagellar transport 172,ENSG00000138002,ENST00000675690,2,5184,3.714664992862537,True,True,IFT172 [ENST00000675690],Human,data/coding_sequences/ENST00000675690_CDS.fasta,data/coding_sequences/ENST00000675690_REJ.N.fasta,data/coding_sequences/ENST00000675690_REJ.C.fasta
14048,IGF2R,insulin like growth factor 2 receptor,ENSG00000197081,ENST00000356956,6,7476,3.8736692927067944,True,True,IGF2R [ENST00000356956],Human,data/coding_sequences/ENST00000356956_CDS.fasta,data/coding_sequences/ENST00000356956_REJ.N.fasta,data/coding_sequences/ENST00000356956_REJ.C.fasta
4582,IGSF10,immunoglobulin superfamily member 10,ENSG00000152580,ENST00000282466,3,7872,3.896085085423285,False,True,IGSF10 [ENST00000282466],Human,data/coding_sequences/ENST00000282466_CDS.fasta,data/coding_sequences/ENST00000282466_REJ.N.fasta,data/coding_sequences/ENST00000282466_REJ.C.fasta
106148,INO80,INO80 complex ATPase subunit,ENSG00000128908,ENST00000648947,15,4671,3.669409867287783,False,True,INO80 [ENST00000648947],Human,data/coding_sequences/ENST00000648947_CDS.fasta,data/coding_sequences/ENST00000648947_REJ.N.fasta,data/coding_sequences/ENST00000648947_REJ.C.fasta
26966,INTS1,integrator complex subunit 1,ENSG00000164880,ENST00000404767,7,6573,3.817763632280368,True,True,INTS1 [ENST00000404767],Human,data/coding_sequences/ENST00000404767_CDS.fasta,data/coding_sequences/ENST00000404767_REJ.N.fasta,data/coding_sequences/ENST00000404767_REJ.C.fasta
3496,IQGAP1,IQ motif containing GTPase activating protein 1,ENSG00000140575,ENST00000268182,15,4974,3.696705780933917,False,True,IQGAP1 [ENST00000268182],Human,data/coding_sequences/ENST00000268182_CDS.fasta,data/coding_sequences/ENST00000268182_REJ.N.fasta,data/coding_sequences/ENST00000268182_REJ.C.fasta
23259,IQGAP2,IQ motif containing GTPase activating protein 2,ENSG00000145703,ENST00000379730,5,4578,3.660675788338524,False,True,IQGAP2 [ENST00000379730],Human,data/coding_sequences/ENST00000379730_CDS.fasta,data/coding_sequences/ENST00000379730_REJ.N.fasta,data/coding_sequences/ENST00000379730_REJ.C.fasta
7048,IQGAP2,IQ motif containing GTPase activating protein 2,ENSG00000145703,ENST00000274364,5,4728,3.674677467873199,False,True,IQGAP2 [ENST00000274364],Human,data/coding_sequences/ENST00000274364_CDS.fasta,data/coding_sequences/ENST00000274364_REJ.N.fasta,data/coding_sequences/ENST00000274364_REJ.C.fasta
14328,IQGAP3,IQ motif containing GTPase activating protein 3,ENSG00000183856,ENST00000361170,1,4896,3.6898414091375047,False,True,IQGAP3 [ENST00000361170],Human,data/coding_sequences/ENST00000361170_CDS.fasta,data/coding_sequences/ENST00000361170_REJ.N.fasta,data/coding_sequences/ENST00000361170_REJ.C.fasta
54651,IQGAP3,IQ motif containing GTPase activating protein 3,ENSG00000183856,ENST00000491900,1,4767,3.678245151927042,False,True,IQGAP3 [ENST00000491900],Human,data/coding_sequences/ENST00000491900_CDS.fasta,data/coding_sequences/ENST00000491900_REJ.N.fasta,data/coding_sequences/ENST00000491900_REJ.C.fasta
121549,IQSEC2,IQ motif and Sec7 domain ArfGEF 2,ENSG00000124313,ENST00000706952,X,4626,3.6652056284346006,True,True,IQSEC2 [ENST00000706952],Human,data/coding_sequences/ENST00000706952_CDS.fasta,data/coding_sequences/ENST00000706952_REJ.N.fasta,data/coding_sequences/ENST00000706952_REJ.C.fasta
45425,ITGB4,integrin subunit beta 4,ENSG00000132470,ENST00000450894,17,5259,3.7209031708134575,True,True,ITGB4 [ENST00000450894],Human,data/coding_sequences/ENST00000450894_CDS.fasta,data/coding_sequences/ENST00000450894_REJ.N.fasta,data/coding_sequences/ENST00000450894_REJ.C.fasta
44898,ITGB4,integrin subunit beta 4,ENSG00000132470,ENST00000449880,17,5418,3.7338390006971496,True,True,ITGB4 [ENST00000449880],Human,data/coding_sequences/ENST00000449880_CDS.fasta,data/coding_sequences/ENST00000449880_REJ.N.fasta,data/coding_sequences/ENST00000449880_REJ.C.fasta
79200,ITGB4,integrin subunit beta 4,ENSG00000132470,ENST00000579662,17,5259,3.7209031708134575,True,True,ITGB4 [ENST00000579662],Human,data/coding_sequences/ENST00000579662_CDS.fasta,data/coding_sequences/ENST00000579662_REJ.N.fasta,data/coding_sequences/ENST00000579662_REJ.C.fasta
479,ITGB4,integrin subunit beta 4,ENSG00000132470,ENST00000200181,17,5469,3.737907923374639,True,True,ITGB4 [ENST00000200181],Human,data/coding_sequences/ENST00000200181_CDS.fasta,data/coding_sequences/ENST00000200181_REJ.N.fasta,data/coding_sequences/ENST00000200181_REJ.C.fasta
103928,ITPR1,"inositol 1,4,5-trisphosphate receptor type 1",ENSG00000150995,ENST00000648431,3,5457,3.736953953783146,True,True,ITPR1 [ENST00000648431],Human,data/coding_sequences/ENST00000648431_CDS.fasta,data/coding_sequences/ENST00000648431_REJ.N.fasta,data/coding_sequences/ENST00000648431_REJ.C.fasta
102312,ITPR1,"inositol 1,4,5-trisphosphate receptor type 1",ENSG00000150995,ENST00000648038,3,6039,3.780965029608317,True,True,ITPR1 [ENST00000648038],Human,data/coding_sequences/ENST00000648038_CDS.fasta,data/coding_sequences/ENST00000648038_REJ.N.fasta,data/coding_sequences/ENST00000648038_REJ.C.fasta
102586,ITPR1,"inositol 1,4,5-trisphosphate receptor type 1",ENSG00000150995,ENST00000648212,3,5220,3.717670503002262,True,True,ITPR1 [ENST00000648212],Human,data/coding_sequences/ENST00000648212_CDS.fasta,data/coding_sequences/ENST00000648212_REJ.N.fasta,data/coding_sequences/ENST00000648212_REJ.C.fasta
5836,ITPR1,"inositol 1,4,5-trisphosphate receptor type 1",ENSG00000150995,ENST00000302640,3,5007,3.699577591398909,True,True,ITPR1 [ENST00000302640],Human,data/coding_sequences/ENST00000302640_CDS.fasta,data/coding_sequences/ENST00000302640_REJ.N.fasta,data/coding_sequences/ENST00000302640_REJ.C.fasta
101970,ITPR1,"inositol 1,4,5-trisphosphate receptor type 1",ENSG00000150995,ENST00000648016,3,4647,3.6671726724788685,True,True,ITPR1 [ENST00000648016],Human,data/coding_sequences/ENST00000648016_CDS.fasta,data/coding_sequences/ENST00000648016_REJ.N.fasta,data/coding_sequences/ENST00000648016_REJ.C.fasta
29082,ITSN1,intersectin 1,ENSG00000205726,ENST00000399367,21,5151,3.711891549880579,False,True,ITSN1 [ENST00000399367],Human,data/coding_sequences/ENST00000399367_CDS.fasta,data/coding_sequences/ENST00000399367_REJ.N.fasta,data/coding_sequences/ENST00000399367_REJ.C.fasta
25638,ITSN1,intersectin 1,ENSG00000205726,ENST00000381318,21,5166,3.7131544018372984,False,True,ITSN1 [ENST00000381318],Human,data/coding_sequences/ENST00000381318_CDS.fasta,data/coding_sequences/ENST00000381318_REJ.N.fasta,data/coding_sequences/ENST00000381318_REJ.C.fasta
14678,ITSN2,intersectin 2,ENSG00000198399,ENST00000361999,2,5013,3.7000977046130537,False,True,ITSN2 [ENST00000361999],Human,data/coding_sequences/ENST00000361999_CDS.fasta,data/coding_sequences/ENST00000361999_REJ.N.fasta,data/coding_sequences/ENST00000361999_REJ.C.fasta
17265,ITSN2,intersectin 2,ENSG00000198399,ENST00000355123,2,5094,3.707058940627596,False,True,ITSN2 [ENST00000355123],Human,data/coding_sequences/ENST00000355123_CDS.fasta,data/coding_sequences/ENST00000355123_REJ.N.fasta,data/coding_sequences/ENST00000355123_REJ.C.fasta
71188,JMJD1C,jumonji domain containing 1C,ENSG00000171988,ENST00000542921,10,7077,3.849849195605258,False,True,JMJD1C [ENST00000542921],Human,data/coding_sequences/ENST00000542921_CDS.fasta,data/coding_sequences/ENST00000542921_REJ.N.fasta,data/coding_sequences/ENST00000542921_REJ.C.fasta
30470,JMJD1C,jumonji domain containing 1C,ENSG00000171988,ENST00000399262,10,7623,3.882125919770032,False,True,JMJD1C [ENST00000399262],Human,data/coding_sequences/ENST00000399262_CDS.fasta,data/coding_sequences/ENST00000399262_REJ.N.fasta,data/coding_sequences/ENST00000399262_REJ.C.fasta
2512,KALRN,kalirin RhoGEF kinase,ENSG00000160145,ENST00000240874,3,4992,3.6982745766743674,False,True,KALRN [ENST00000240874],Human,data/coding_sequences/ENST00000240874_CDS.fasta,data/coding_sequences/ENST00000240874_REJ.N.fasta,data/coding_sequences/ENST00000240874_REJ.C.fasta
49049,KALRN,kalirin RhoGEF kinase,ENSG00000160145,ENST00000460856,3,4965,3.6959192528313998,False,True,KALRN [ENST00000460856],Human,data/coding_sequences/ENST00000460856_CDS.fasta,data/coding_sequences/ENST00000460856_REJ.N.fasta,data/coding_sequences/ENST00000460856_REJ.C.fasta
114608,KALRN,kalirin RhoGEF kinase,ENSG00000160145,ENST00000684276,3,4842,3.685024785105714,False,True,KALRN [ENST00000684276],Human,data/coding_sequences/ENST00000684276_CDS.fasta,data/coding_sequences/ENST00000684276_REJ.N.fasta,data/coding_sequences/ENST00000684276_REJ.C.fasta
102101,KAT6A,lysine acetyltransferase 6A,ENSG00000083168,ENST00000648335,8,5032,3.7017406324372124,True,True,KAT6A [ENST00000648335],Human,data/coding_sequences/ENST00000648335_CDS.fasta,data/coding_sequences/ENST00000648335_REJ.N.fasta,data/coding_sequences/ENST00000648335_REJ.C.fasta
4338,KAT6A,lysine acetyltransferase 6A,ENSG00000083168,ENST00000265713,8,6015,3.7792356316758635,True,True,KAT6A [ENST00000265713],Human,data/coding_sequences/ENST00000265713_CDS.fasta,data/coding_sequences/ENST00000265713_REJ.N.fasta,data/coding_sequences/ENST00000265713_REJ.C.fasta
28307,KAT6A,lysine acetyltransferase 6A,ENSG00000083168,ENST00000406337,8,6021,3.779668627207148,True,True,KAT6A [ENST00000406337],Human,data/coding_sequences/ENST00000406337_CDS.fasta,data/coding_sequences/ENST00000406337_REJ.N.fasta,data/coding_sequences/ENST00000406337_REJ.C.fasta
30259,KAT6A,lysine acetyltransferase 6A,ENSG00000083168,ENST00000396930,8,6015,3.7792356316758635,True,True,KAT6A [ENST00000396930],Human,data/coding_sequences/ENST00000396930_CDS.fasta,data/coding_sequences/ENST00000396930_REJ.N.fasta,data/coding_sequences/ENST00000396930_REJ.C.fasta
106219,KAT6A,lysine acetyltransferase 6A,ENSG00000083168,ENST00000649817,8,4698,3.671913012441587,True,True,KAT6A [ENST00000649817],Human,data/coding_sequences/ENST00000649817_CDS.fasta,data/coding_sequences/ENST00000649817_REJ.N.fasta,data/coding_sequences/ENST00000649817_REJ.C.fasta
18114,KAT6B,lysine acetyltransferase 6B,ENSG00000156650,ENST00000372724,10,5673,3.753812783564702,True,True,KAT6B [ENST00000372724],Human,data/coding_sequences/ENST00000372724_CDS.fasta,data/coding_sequences/ENST00000372724_REJ.N.fasta,data/coding_sequences/ENST00000372724_REJ.C.fasta
97549,KAT6B,lysine acetyltransferase 6B,ENSG00000281813,ENST00000629879,CHR_HG2191_PATCH,5673,3.753812783564702,True,True,KAT6B [ENST00000629879],Human,data/coding_sequences/ENST00000629879_CDS.fasta,data/coding_sequences/ENST00000629879_REJ.N.fasta,data/coding_sequences/ENST00000629879_REJ.C.fasta
95887,KAT6B,lysine acetyltransferase 6B,ENSG00000281813,ENST00000628523,CHR_HG2191_PATCH,5673,3.753812783564702,True,True,KAT6B [ENST00000628523],Human,data/coding_sequences/ENST00000628523_CDS.fasta,data/coding_sequences/ENST00000628523_REJ.N.fasta,data/coding_sequences/ENST00000628523_REJ.C.fasta
18028,KAT6B,lysine acetyltransferase 6B,ENSG00000156650,ENST00000372711,10,5673,3.753812783564702,True,True,KAT6B [ENST00000372711],Human,data/coding_sequences/ENST00000372711_CDS.fasta,data/coding_sequences/ENST00000372711_REJ.N.fasta,data/coding_sequences/ENST00000372711_REJ.C.fasta
21699,KAT6B,lysine acetyltransferase 6B,ENSG00000156650,ENST00000372725,10,5346,3.7280289544205183,True,True,KAT6B [ENST00000372725],Human,data/coding_sequences/ENST00000372725_CDS.fasta,data/coding_sequences/ENST00000372725_REJ.N.fasta,data/coding_sequences/ENST00000372725_REJ.C.fasta
103976,KAT6B,lysine acetyltransferase 6B,ENSG00000281813,ENST00000648605,CHR_HG2191_PATCH,6222,3.7939300067726847,True,True,KAT6B [ENST00000648605],Human,data/coding_sequences/ENST00000648605_CDS.fasta,data/coding_sequences/ENST00000648605_REJ.N.fasta,data/coding_sequences/ENST00000648605_REJ.C.fasta
105446,KAT6B,lysine acetyltransferase 6B,ENSG00000156650,ENST00000649006,10,5346,3.7280289544205183,True,True,KAT6B [ENST00000649006],Human,data/coding_sequences/ENST00000649006_CDS.fasta,data/coding_sequences/ENST00000649006_REJ.N.fasta,data/coding_sequences/ENST00000649006_REJ.C.fasta
97664,KAT6B,lysine acetyltransferase 6B,ENSG00000281813,ENST00000630001,CHR_HG2191_PATCH,6222,3.7939300067726847,True,True,KAT6B [ENST00000630001],Human,data/coding_sequences/ENST00000630001_CDS.fasta,data/coding_sequences/ENST00000630001_REJ.N.fasta,data/coding_sequences/ENST00000630001_REJ.C.fasta
97574,KAT6B,lysine acetyltransferase 6B,ENSG00000281813,ENST00000629233,CHR_HG2191_PATCH,5346,3.7280289544205183,True,True,KAT6B [ENST00000629233],Human,data/coding_sequences/ENST00000629233_CDS.fasta,data/coding_sequences/ENST00000629233_REJ.N.fasta,data/coding_sequences/ENST00000629233_REJ.C.fasta
7061,KAT6B,lysine acetyltransferase 6B,ENSG00000156650,ENST00000287239,10,6222,3.7939300067726847,True,True,KAT6B [ENST00000287239],Human,data/coding_sequences/ENST00000287239_CDS.fasta,data/coding_sequences/ENST00000287239_REJ.N.fasta,data/coding_sequences/ENST00000287239_REJ.C.fasta
105833,KAT6B,lysine acetyltransferase 6B,ENSG00000281813,ENST00000649574,CHR_HG2191_PATCH,5346,3.7280289544205183,True,True,KAT6B [ENST00000649574],Human,data/coding_sequences/ENST00000649574_CDS.fasta,data/coding_sequences/ENST00000649574_REJ.N.fasta,data/coding_sequences/ENST00000649574_REJ.C.fasta
105139,KAT6B,lysine acetyltransferase 6B,ENSG00000156650,ENST00000649463,10,6222,3.7939300067726847,True,True,KAT6B [ENST00000649463],Human,data/coding_sequences/ENST00000649463_CDS.fasta,data/coding_sequences/ENST00000649463_REJ.N.fasta,data/coding_sequences/ENST00000649463_REJ.C.fasta
101900,KAT6B,lysine acetyltransferase 6B,ENSG00000281813,ENST00000647630,CHR_HG2191_PATCH,6222,3.7939300067726847,True,True,KAT6B [ENST00000647630],Human,data/coding_sequences/ENST00000647630_CDS.fasta,data/coding_sequences/ENST00000647630_REJ.N.fasta,data/coding_sequences/ENST00000647630_REJ.C.fasta
19101,KAT6B,lysine acetyltransferase 6B,ENSG00000156650,ENST00000372714,10,5346,3.7280289544205183,True,True,KAT6B [ENST00000372714],Human,data/coding_sequences/ENST00000372714_CDS.fasta,data/coding_sequences/ENST00000372714_REJ.N.fasta,data/coding_sequences/ENST00000372714_REJ.C.fasta
97296,KAT6B,lysine acetyltransferase 6B,ENSG00000281813,ENST00000628038,CHR_HG2191_PATCH,5346,3.7280289544205183,True,True,KAT6B [ENST00000628038],Human,data/coding_sequences/ENST00000628038_CDS.fasta,data/coding_sequences/ENST00000628038_REJ.N.fasta,data/coding_sequences/ENST00000628038_REJ.C.fasta
104383,KAT6B,lysine acetyltransferase 6B,ENSG00000156650,ENST00000648725,10,6222,3.7939300067726847,True,True,KAT6B [ENST00000648725],Human,data/coding_sequences/ENST00000648725_CDS.fasta,data/coding_sequences/ENST00000648725_REJ.N.fasta,data/coding_sequences/ENST00000648725_REJ.C.fasta
105998,KAT6B,lysine acetyltransferase 6B,ENSG00000281813,ENST00000650575,CHR_HG2191_PATCH,5346,3.7280289544205183,True,True,KAT6B [ENST00000650575],Human,data/coding_sequences/ENST00000650575_CDS.fasta,data/coding_sequences/ENST00000650575_REJ.N.fasta,data/coding_sequences/ENST00000650575_REJ.C.fasta
105213,KAT6B,lysine acetyltransferase 6B,ENSG00000156650,ENST00000648892,10,5346,3.7280289544205183,True,True,KAT6B [ENST00000648892],Human,data/coding_sequences/ENST00000648892_CDS.fasta,data/coding_sequences/ENST00000648892_REJ.N.fasta,data/coding_sequences/ENST00000648892_REJ.C.fasta
4438,KATNIP,katanin interacting protein,ENSG00000047578,ENST00000261588,16,4857,3.6863681034730362,True,True,KATNIP [ENST00000261588],Human,data/coding_sequences/ENST00000261588_CDS.fasta,data/coding_sequences/ENST00000261588_REJ.N.fasta,data/coding_sequences/ENST00000261588_REJ.C.fasta
92258,KCP,kielin cysteine rich BMP regulator,ENSG00000135253,ENST00000613019,7,4707,3.672744198306599,False,True,KCP [ENST00000613019],Human,data/coding_sequences/ENST00000613019_CDS.fasta,data/coding_sequences/ENST00000613019_REJ.N.fasta,data/coding_sequences/ENST00000613019_REJ.C.fasta
87962,KCP,kielin cysteine rich BMP regulator,ENSG00000135253,ENST00000610776,7,4887,3.689042339028172,False,True,KCP [ENST00000610776],Human,data/coding_sequences/ENST00000610776_CDS.fasta,data/coding_sequences/ENST00000610776_REJ.N.fasta,data/coding_sequences/ENST00000610776_REJ.C.fasta
4607,KDM3B,lysine demethylase 3B,ENSG00000120733,ENST00000314358,5,5286,3.7231271587956916,True,True,KDM3B [ENST00000314358],Human,data/coding_sequences/ENST00000314358_CDS.fasta,data/coding_sequences/ENST00000314358_REJ.N.fasta,data/coding_sequences/ENST00000314358_REJ.C.fasta
29253,KDM5A,lysine demethylase 5A,ENSG00000073614,ENST00000399788,12,5073,3.7052648623174043,False,True,KDM5A [ENST00000399788],Human,data/coding_sequences/ENST00000399788_CDS.fasta,data/coding_sequences/ENST00000399788_REJ.N.fasta,data/coding_sequences/ENST00000399788_REJ.C.fasta
103343,KDM5B,lysine demethylase 5B,ENSG00000117139,ENST00000648056,1,4620,3.6646419755561257,True,True,KDM5B [ENST00000648056],Human,data/coding_sequences/ENST00000648056_CDS.fasta,data/coding_sequences/ENST00000648056_REJ.N.fasta,data/coding_sequences/ENST00000648056_REJ.C.fasta
104292,KDM5B,lysine demethylase 5B,ENSG00000117139,ENST00000648469,1,4512,3.654369090975286,True,True,KDM5B [ENST00000648469],Human,data/coding_sequences/ENST00000648469_CDS.fasta,data/coding_sequences/ENST00000648469_REJ.N.fasta,data/coding_sequences/ENST00000648469_REJ.C.fasta
102658,KDM5B,lysine demethylase 5B,ENSG00000117139,ENST00000648338,1,4554,3.658393026279124,True,True,KDM5B [ENST00000648338],Human,data/coding_sequences/ENST00000648338_CDS.fasta,data/coding_sequences/ENST00000648338_REJ.N.fasta,data/coding_sequences/ENST00000648338_REJ.C.fasta
15080,KDM5B,lysine demethylase 5B,ENSG00000117139,ENST00000367264,1,4743,3.6760531246518715,True,True,KDM5B [ENST00000367264],Human,data/coding_sequences/ENST00000367264_CDS.fasta,data/coding_sequences/ENST00000367264_REJ.N.fasta,data/coding_sequences/ENST00000367264_REJ.C.fasta
15884,KDM5B,lysine demethylase 5B,ENSG00000117139,ENST00000367265,1,4635,3.666049738480516,True,True,KDM5B [ENST00000367265],Human,data/coding_sequences/ENST00000367265_CDS.fasta,data/coding_sequences/ENST00000367265_REJ.N.fasta,data/coding_sequences/ENST00000367265_REJ.C.fasta
104556,KDM5B,lysine demethylase 5B,ENSG00000117139,ENST00000648473,1,4518,3.6549462265843444,True,True,KDM5B [ENST00000648473],Human,data/coding_sequences/ENST00000648473_CDS.fasta,data/coding_sequences/ENST00000648473_REJ.N.fasta,data/coding_sequences/ENST00000648473_REJ.C.fasta
21028,KDM5C,lysine demethylase 5C,ENSG00000126012,ENST00000375383,X,4551,3.658106835506393,True,True,KDM5C [ENST00000375383],Human,data/coding_sequences/ENST00000375383_CDS.fasta,data/coding_sequences/ENST00000375383_REJ.N.fasta,data/coding_sequences/ENST00000375383_REJ.C.fasta
28088,KDM5C,lysine demethylase 5C,ENSG00000126012,ENST00000404049,X,4680,3.670245853074124,True,True,KDM5C [ENST00000404049],Human,data/coding_sequences/ENST00000404049_CDS.fasta,data/coding_sequences/ENST00000404049_REJ.N.fasta,data/coding_sequences/ENST00000404049_REJ.C.fasta
21709,KDM5C,lysine demethylase 5C,ENSG00000126012,ENST00000375401,X,4683,3.6705241577820797,True,True,KDM5C [ENST00000375401],Human,data/coding_sequences/ENST00000375401_CDS.fasta,data/coding_sequences/ENST00000375401_REJ.N.fasta,data/coding_sequences/ENST00000375401_REJ.C.fasta
20369,KDM5C,lysine demethylase 5C,ENSG00000126012,ENST00000375379,X,4674,3.669688708056208,True,True,KDM5C [ENST00000375379],Human,data/coding_sequences/ENST00000375379_CDS.fasta,data/coding_sequences/ENST00000375379_REJ.N.fasta,data/coding_sequences/ENST00000375379_REJ.C.fasta
11072,KDM5D,lysine demethylase 5D,ENSG00000012817,ENST00000317961,Y,4620,3.6646419755561257,False,True,KDM5D [ENST00000317961],Human,data/coding_sequences/ENST00000317961_CDS.fasta,data/coding_sequences/ENST00000317961_REJ.N.fasta,data/coding_sequences/ENST00000317961_REJ.C.fasta
73978,KDM5D,lysine demethylase 5D,ENSG00000012817,ENST00000541639,Y,4713,3.6732974397596356,False,True,KDM5D [ENST00000541639],Human,data/coding_sequences/ENST00000541639_CDS.fasta,data/coding_sequences/ENST00000541639_REJ.N.fasta,data/coding_sequences/ENST00000541639_REJ.C.fasta
48230,KDM6B,lysine demethylase 6B,ENSG00000132510,ENST00000448097,17,4932,3.693023067923694,True,True,KDM6B [ENST00000448097],Human,data/coding_sequences/ENST00000448097_CDS.fasta,data/coding_sequences/ENST00000448097_REJ.N.fasta,data/coding_sequences/ENST00000448097_REJ.C.fasta
1393,KDM6B,lysine demethylase 6B,ENSG00000132510,ENST00000254846,17,5049,3.7032053706954864,True,True,KDM6B [ENST00000254846],Human,data/coding_sequences/ENST00000254846_CDS.fasta,data/coding_sequences/ENST00000254846_REJ.N.fasta,data/coding_sequences/ENST00000254846_REJ.C.fasta
106099,KIAA0586,KIAA0586,ENSG00000100578,ENST00000652326,14,4647,3.6671726724788685,True,True,KIAA0586 [ENST00000652326],Human,data/coding_sequences/ENST00000652326_CDS.fasta,data/coding_sequences/ENST00000652326_REJ.N.fasta,data/coding_sequences/ENST00000652326_REJ.C.fasta
36661,KIAA0586,KIAA0586,ENSG00000100578,ENST00000423743,14,4515,3.6546577546495245,True,True,KIAA0586 [ENST00000423743],Human,data/coding_sequences/ENST00000423743_CDS.fasta,data/coding_sequences/ENST00000423743_REJ.N.fasta,data/coding_sequences/ENST00000423743_REJ.C.fasta
16474,KIAA0586,KIAA0586,ENSG00000100578,ENST00000354386,14,4935,3.6932871570056554,True,True,KIAA0586 [ENST00000354386],Human,data/coding_sequences/ENST00000354386_CDS.fasta,data/coding_sequences/ENST00000354386_REJ.N.fasta,data/coding_sequences/ENST00000354386_REJ.C.fasta
93994,KIAA0586,KIAA0586,ENSG00000100578,ENST00000619416,14,4602,3.6629466143326246,True,True,KIAA0586 [ENST00000619416],Human,data/coding_sequences/ENST00000619416_CDS.fasta,data/coding_sequences/ENST00000619416_REJ.N.fasta,data/coding_sequences/ENST00000619416_REJ.C.fasta
105781,KIAA0586,KIAA0586,ENSG00000100578,ENST00000650904,14,4566,3.6595359071542166,True,True,KIAA0586 [ENST00000650904],Human,data/coding_sequences/ENST00000650904_CDS.fasta,data/coding_sequences/ENST00000650904_REJ.N.fasta,data/coding_sequences/ENST00000650904_REJ.C.fasta
29265,KIAA1210,KIAA1210,ENSG00000250423,ENST00000402510,X,5130,3.7101173651118162,False,True,KIAA1210 [ENST00000402510],Human,data/coding_sequences/ENST00000402510_CDS.fasta,data/coding_sequences/ENST00000402510_REJ.N.fasta,data/coding_sequences/ENST00000402510_REJ.C.fasta
116561,KIAA1210,KIAA1210,ENSG00000250423,ENST00000691062,X,4602,3.6629466143326246,False,True,KIAA1210 [ENST00000691062],Human,data/coding_sequences/ENST00000691062_CDS.fasta,data/coding_sequences/ENST00000691062_REJ.N.fasta,data/coding_sequences/ENST00000691062_REJ.C.fasta
116607,KIAA1217,KIAA1217,ENSG00000120549,ENST00000696626,10,5595,3.7478000908643687,False,True,KIAA1217 [ENST00000696626],Human,data/coding_sequences/ENST00000696626_CDS.fasta,data/coding_sequences/ENST00000696626_REJ.N.fasta,data/coding_sequences/ENST00000696626_REJ.C.fasta
18367,KIAA1217,KIAA1217,ENSG00000120549,ENST00000376454,10,5832,3.765817515309918,False,True,KIAA1217 [ENST00000376454],Human,data/coding_sequences/ENST00000376454_CDS.fasta,data/coding_sequences/ENST00000376454_REJ.N.fasta,data/coding_sequences/ENST00000376454_REJ.C.fasta
44095,KIAA1549,KIAA1549,ENSG00000122778,ENST00000440172,7,5805,3.7638022240745928,True,True,KIAA1549 [ENST00000440172],Human,data/coding_sequences/ENST00000440172_CDS.fasta,data/coding_sequences/ENST00000440172_REJ.N.fasta,data/coding_sequences/ENST00000440172_REJ.C.fasta
39587,KIAA1549,KIAA1549,ENSG00000122778,ENST00000422774,7,5853,3.7673785241141804,True,True,KIAA1549 [ENST00000422774],Human,data/coding_sequences/ENST00000422774_CDS.fasta,data/coding_sequences/ENST00000422774_REJ.N.fasta,data/coding_sequences/ENST00000422774_REJ.C.fasta
106636,KIAA1549L,KIAA1549 like,ENSG00000110427,ENST00000658780,11,6441,3.808953299155911,False,True,KIAA1549L [ENST00000658780],Human,data/coding_sequences/ENST00000658780_CDS.fasta,data/coding_sequences/ENST00000658780_REJ.N.fasta,data/coding_sequences/ENST00000658780_REJ.C.fasta
11501,KIAA1549L,KIAA1549 like,ENSG00000110427,ENST00000321505,11,5550,3.7442929831226763,False,True,KIAA1549L [ENST00000321505],Human,data/coding_sequences/ENST00000321505_CDS.fasta,data/coding_sequences/ENST00000321505_REJ.N.fasta,data/coding_sequences/ENST00000321505_REJ.C.fasta
30769,KIAA1671,KIAA1671,ENSG00000197077,ENST00000406486,22,5421,3.734079407280594,False,True,KIAA1671 [ENST00000406486],Human,data/coding_sequences/ENST00000406486_CDS.fasta,data/coding_sequences/ENST00000406486_REJ.N.fasta,data/coding_sequences/ENST00000406486_REJ.C.fasta
17646,KIAA1671,KIAA1671,ENSG00000197077,ENST00000358431,22,5421,3.734079407280594,False,True,KIAA1671 [ENST00000358431],Human,data/coding_sequences/ENST00000358431_CDS.fasta,data/coding_sequences/ENST00000358431_REJ.N.fasta,data/coding_sequences/ENST00000358431_REJ.C.fasta
26257,KIAA2026,KIAA2026,ENSG00000183354,ENST00000381461,9,6222,3.7939300067726847,False,True,KIAA2026 [ENST00000381461],Human,data/coding_sequences/ENST00000381461_CDS.fasta,data/coding_sequences/ENST00000381461_REJ.N.fasta,data/coding_sequences/ENST00000381461_REJ.C.fasta
29053,KIAA2026,KIAA2026,ENSG00000183354,ENST00000399933,9,6312,3.800166990201364,False,True,KIAA2026 [ENST00000399933],Human,data/coding_sequences/ENST00000399933_CDS.fasta,data/coding_sequences/ENST00000399933_REJ.N.fasta,data/coding_sequences/ENST00000399933_REJ.C.fasta
117824,KIDINS220,kinase D interacting substrate 220,ENSG00000134313,ENST00000691030,2,5295,3.7238659644435037,True,True,KIDINS220 [ENST00000691030],Human,data/coding_sequences/ENST00000691030_CDS.fasta,data/coding_sequences/ENST00000691030_REJ.N.fasta,data/coding_sequences/ENST00000691030_REJ.C.fasta
2711,KIDINS220,kinase D interacting substrate 220,ENSG00000134313,ENST00000256707,2,5316,3.725584972270694,True,True,KIDINS220 [ENST00000256707],Human,data/coding_sequences/ENST00000256707_CDS.fasta,data/coding_sequences/ENST00000256707_REJ.N.fasta,data/coding_sequences/ENST00000256707_REJ.C.fasta
116294,KIDINS220,kinase D interacting substrate 220,ENSG00000134313,ENST00000685097,2,5019,3.700617195682057,True,True,KIDINS220 [ENST00000685097],Human,data/coding_sequences/ENST00000685097_CDS.fasta,data/coding_sequences/ENST00000685097_REJ.N.fasta,data/coding_sequences/ENST00000685097_REJ.C.fasta
114658,KIDINS220,kinase D interacting substrate 220,ENSG00000134313,ENST00000687912,2,4821,3.683137131483007,True,True,KIDINS220 [ENST00000687912],Human,data/coding_sequences/ENST00000687912_CDS.fasta,data/coding_sequences/ENST00000687912_REJ.N.fasta,data/coding_sequences/ENST00000687912_REJ.C.fasta
51875,KIDINS220,kinase D interacting substrate 220,ENSG00000134313,ENST00000473731,2,5259,3.7209031708134575,True,True,KIDINS220 [ENST00000473731],Human,data/coding_sequences/ENST00000473731_CDS.fasta,data/coding_sequences/ENST00000473731_REJ.N.fasta,data/coding_sequences/ENST00000473731_REJ.C.fasta
24778,KIF13A,kinesin family member 13A,ENSG00000137177,ENST00000378814,6,5250,3.720159303405957,False,True,KIF13A [ENST00000378814],Human,data/coding_sequences/ENST00000378814_CDS.fasta,data/coding_sequences/ENST00000378814_REJ.N.fasta,data/coding_sequences/ENST00000378814_REJ.C.fasta
101397,KIF13A,kinesin family member 13A,ENSG00000137177,ENST00000636847,6,5538,3.743352951409556,False,True,KIF13A [ENST00000636847],Human,data/coding_sequences/ENST00000636847_CDS.fasta,data/coding_sequences/ENST00000636847_REJ.N.fasta,data/coding_sequences/ENST00000636847_REJ.C.fasta
4414,KIF13A,kinesin family member 13A,ENSG00000137177,ENST00000259711,6,5418,3.7338390006971496,False,True,KIF13A [ENST00000259711],Human,data/coding_sequences/ENST00000259711_CDS.fasta,data/coding_sequences/ENST00000259711_REJ.N.fasta,data/coding_sequences/ENST00000259711_REJ.C.fasta
24741,KIF13A,kinesin family member 13A,ENSG00000137177,ENST00000378826,6,5313,3.725339815909737,False,True,KIF13A [ENST00000378826],Human,data/coding_sequences/ENST00000378826_CDS.fasta,data/coding_sequences/ENST00000378826_REJ.N.fasta,data/coding_sequences/ENST00000378826_REJ.C.fasta
23124,KIF13A,kinesin family member 13A,ENSG00000137177,ENST00000378843,6,5274,3.7221401254574156,False,True,KIF13A [ENST00000378843],Human,data/coding_sequences/ENST00000378843_CDS.fasta,data/coding_sequences/ENST00000378843_REJ.N.fasta,data/coding_sequences/ENST00000378843_REJ.C.fasta
62426,KIF13B,kinesin family member 13B,ENSG00000197892,ENST00000524189,8,5481,3.7388598020722004,False,True,KIF13B [ENST00000524189],Human,data/coding_sequences/ENST00000524189_CDS.fasta,data/coding_sequences/ENST00000524189_REJ.N.fasta,data/coding_sequences/ENST00000524189_REJ.C.fasta
14542,KIF14,kinesin family member 14,ENSG00000118193,ENST00000367350,1,4947,3.694341910364181,True,True,KIF14 [ENST00000367350],Human,data/coding_sequences/ENST00000367350_CDS.fasta,data/coding_sequences/ENST00000367350_REJ.N.fasta,data/coding_sequences/ENST00000367350_REJ.C.fasta
94105,KIF14,kinesin family member 14,ENSG00000118193,ENST00000614960,1,4947,3.694341910364181,True,True,KIF14 [ENST00000614960],Human,data/coding_sequences/ENST00000614960_CDS.fasta,data/coding_sequences/ENST00000614960_REJ.N.fasta,data/coding_sequences/ENST00000614960_REJ.C.fasta
98883,KIF16B,kinesin family member 16B,ENSG00000089177,ENST00000635823,20,5499,3.7402837196818792,False,True,KIF16B [ENST00000635823],Human,data/coding_sequences/ENST00000635823_CDS.fasta,data/coding_sequences/ENST00000635823_REJ.N.fasta,data/coding_sequences/ENST00000635823_REJ.C.fasta
106369,KIF1A,kinesin family member 1A,ENSG00000130294,ENST00000650053,2,5073,3.7052648623174043,True,True,KIF1A [ENST00000650053],Human,data/coding_sequences/ENST00000650053_CDS.fasta,data/coding_sequences/ENST00000650053_REJ.N.fasta,data/coding_sequences/ENST00000650053_REJ.C.fasta
102023,KIF1A,kinesin family member 1A,ENSG00000130294,ENST00000648364,2,5100,3.7075701760979363,True,True,KIF1A [ENST00000648364],Human,data/coding_sequences/ENST00000648364_CDS.fasta,data/coding_sequences/ENST00000648364_REJ.N.fasta,data/coding_sequences/ENST00000648364_REJ.C.fasta
104066,KIF1A,kinesin family member 1A,ENSG00000130294,ENST00000647731,2,5100,3.7075701760979363,True,True,KIF1A [ENST00000647731],Human,data/coding_sequences/ENST00000647731_CDS.fasta,data/coding_sequences/ENST00000647731_REJ.N.fasta,data/coding_sequences/ENST00000647731_REJ.C.fasta
103446,KIF1A,kinesin family member 1A,ENSG00000130294,ENST00000647885,2,5187,3.714916247993585,True,True,KIF1A [ENST00000647885],Human,data/coding_sequences/ENST00000647885_CDS.fasta,data/coding_sequences/ENST00000647885_REJ.N.fasta,data/coding_sequences/ENST00000647885_REJ.C.fasta
12055,KIF1A,kinesin family member 1A,ENSG00000130294,ENST00000320389,2,5097,3.707314633588708,True,True,KIF1A [ENST00000320389],Human,data/coding_sequences/ENST00000320389_CDS.fasta,data/coding_sequences/ENST00000320389_REJ.N.fasta,data/coding_sequences/ENST00000320389_REJ.C.fasta
105394,KIF1A,kinesin family member 1A,ENSG00000130294,ENST00000650130,2,5349,3.728272597895017,True,True,KIF1A [ENST00000650130],Human,data/coding_sequences/ENST00000650130_CDS.fasta,data/coding_sequences/ENST00000650130_REJ.N.fasta,data/coding_sequences/ENST00000650130_REJ.C.fasta
56108,KIF1A,kinesin family member 1A,ENSG00000130294,ENST00000498729,2,5376,3.7304592600457687,True,True,KIF1A [ENST00000498729],Human,data/coding_sequences/ENST00000498729_CDS.fasta,data/coding_sequences/ENST00000498729_REJ.N.fasta,data/coding_sequences/ENST00000498729_REJ.C.fasta
30694,KIF1A,kinesin family member 1A,ENSG00000130294,ENST00000404283,2,5400,3.7323937598229686,True,True,KIF1A [ENST00000404283],Human,data/coding_sequences/ENST00000404283_CDS.fasta,data/coding_sequences/ENST00000404283_REJ.N.fasta,data/coding_sequences/ENST00000404283_REJ.C.fasta
105260,KIF1A,kinesin family member 1A,ENSG00000130294,ENST00000649306,2,5175,3.7139103541289553,True,True,KIF1A [ENST00000649306],Human,data/coding_sequences/ENST00000649306_CDS.fasta,data/coding_sequences/ENST00000649306_REJ.N.fasta,data/coding_sequences/ENST00000649306_REJ.C.fasta
105193,KIF1A,kinesin family member 1A,ENSG00000130294,ENST00000649096,2,5073,3.7052648623174043,True,True,KIF1A [ENST00000649096],Human,data/coding_sequences/ENST00000649096_CDS.fasta,data/coding_sequences/ENST00000649096_REJ.N.fasta,data/coding_sequences/ENST00000649096_REJ.C.fasta
103953,KIF1A,kinesin family member 1A,ENSG00000130294,ENST00000648129,2,5349,3.728272597895017,True,True,KIF1A [ENST00000648129],Human,data/coding_sequences/ENST00000648129_CDS.fasta,data/coding_sequences/ENST00000648129_REJ.N.fasta,data/coding_sequences/ENST00000648129_REJ.C.fasta
103245,KIF1A,kinesin family member 1A,ENSG00000130294,ENST00000648680,2,5127,3.709863317440399,True,True,KIF1A [ENST00000648680],Human,data/coding_sequences/ENST00000648680_CDS.fasta,data/coding_sequences/ENST00000648680_REJ.N.fasta,data/coding_sequences/ENST00000648680_REJ.C.fasta
116967,KIF1B,kinesin family member 1B,ENSG00000054523,ENST00000696504,1,5376,3.7304592600457687,True,True,KIF1B [ENST00000696504],Human,data/coding_sequences/ENST00000696504_CDS.fasta,data/coding_sequences/ENST00000696504_REJ.N.fasta,data/coding_sequences/ENST00000696504_REJ.C.fasta
93750,KIF1B,kinesin family member 1B,ENSG00000054523,ENST00000622724,1,5394,3.7319109421168726,True,True,KIF1B [ENST00000622724],Human,data/coding_sequences/ENST00000622724_CDS.fasta,data/coding_sequences/ENST00000622724_REJ.N.fasta,data/coding_sequences/ENST00000622724_REJ.C.fasta
92997,KIF1B,kinesin family member 1B,ENSG00000054523,ENST00000620295,1,5430,3.734799829588847,True,True,KIF1B [ENST00000620295],Human,data/coding_sequences/ENST00000620295_CDS.fasta,data/coding_sequences/ENST00000620295_REJ.N.fasta,data/coding_sequences/ENST00000620295_REJ.C.fasta
117587,KIF1B,kinesin family member 1B,ENSG00000054523,ENST00000696502,1,5514,3.741466761769755,True,True,KIF1B [ENST00000696502],Human,data/coding_sequences/ENST00000696502_CDS.fasta,data/coding_sequences/ENST00000696502_REJ.N.fasta,data/coding_sequences/ENST00000696502_REJ.C.fasta
4200,KIF1B,kinesin family member 1B,ENSG00000054523,ENST00000263934,1,5313,3.725339815909737,True,True,KIF1B [ENST00000263934],Human,data/coding_sequences/ENST00000263934_CDS.fasta,data/coding_sequences/ENST00000263934_REJ.N.fasta,data/coding_sequences/ENST00000263934_REJ.C.fasta
23563,KIF1B,kinesin family member 1B,ENSG00000054523,ENST00000377086,1,5451,3.7364761820276966,True,True,KIF1B [ENST00000377086],Human,data/coding_sequences/ENST00000377086_CDS.fasta,data/coding_sequences/ENST00000377086_REJ.N.fasta,data/coding_sequences/ENST00000377086_REJ.C.fasta
23527,KIF1B,kinesin family member 1B,ENSG00000054523,ENST00000377081,1,5472,3.73814608871206,True,True,KIF1B [ENST00000377081],Human,data/coding_sequences/ENST00000377081_CDS.fasta,data/coding_sequences/ENST00000377081_REJ.N.fasta,data/coding_sequences/ENST00000377081_REJ.C.fasta
109703,KIF1B,kinesin family member 1B,ENSG00000054523,ENST00000676179,1,5451,3.7364761820276966,True,True,KIF1B [ENST00000676179],Human,data/coding_sequences/ENST00000676179_CDS.fasta,data/coding_sequences/ENST00000676179_REJ.N.fasta,data/coding_sequences/ENST00000676179_REJ.C.fasta
116771,KIF1B,kinesin family member 1B,ENSG00000054523,ENST00000696503,1,5376,3.7304592600457687,True,True,KIF1B [ENST00000696503],Human,data/coding_sequences/ENST00000696503_CDS.fasta,data/coding_sequences/ENST00000696503_REJ.N.fasta,data/coding_sequences/ENST00000696503_REJ.C.fasta
2700,KIF20B,kinesin family member 20B,ENSG00000138182,ENST00000260753,10,5343,3.727785174182906,False,True,KIF20B [ENST00000260753],Human,data/coding_sequences/ENST00000260753_CDS.fasta,data/coding_sequences/ENST00000260753_REJ.N.fasta,data/coding_sequences/ENST00000260753_REJ.C.fasta
20680,KIF20B,kinesin family member 20B,ENSG00000138182,ENST00000371728,10,5463,3.7374312005145827,False,True,KIF20B [ENST00000371728],Human,data/coding_sequences/ENST00000371728_CDS.fasta,data/coding_sequences/ENST00000371728_REJ.N.fasta,data/coding_sequences/ENST00000371728_REJ.C.fasta
14883,KIF21A,kinesin family member 21A,ENSG00000139116,ENST00000361418,12,5025,3.7011360660925265,True,True,KIF21A [ENST00000361418],Human,data/coding_sequences/ENST00000361418_CDS.fasta,data/coding_sequences/ENST00000361418_REJ.N.fasta,data/coding_sequences/ENST00000361418_REJ.C.fasta
15846,KIF21A,kinesin family member 21A,ENSG00000139116,ENST00000361961,12,4986,3.6977522741677546,True,True,KIF21A [ENST00000361961],Human,data/coding_sequences/ENST00000361961_CDS.fasta,data/coding_sequences/ENST00000361961_REJ.N.fasta,data/coding_sequences/ENST00000361961_REJ.C.fasta
72352,KIF21A,kinesin family member 21A,ENSG00000139116,ENST00000541463,12,4866,3.6871721045948,True,True,KIF21A [ENST00000541463],Human,data/coding_sequences/ENST00000541463_CDS.fasta,data/coding_sequences/ENST00000541463_REJ.N.fasta,data/coding_sequences/ENST00000541463_REJ.C.fasta
99817,KIF21A,kinesin family member 21A,ENSG00000139116,ENST00000636569,12,4962,3.6956567599361905,True,True,KIF21A [ENST00000636569],Human,data/coding_sequences/ENST00000636569_CDS.fasta,data/coding_sequences/ENST00000636569_REJ.N.fasta,data/coding_sequences/ENST00000636569_REJ.C.fasta
70868,KIF21A,kinesin family member 21A,ENSG00000139116,ENST00000544797,12,4914,3.691435152144062,True,True,KIF21A [ENST00000544797],Human,data/coding_sequences/ENST00000544797_CDS.fasta,data/coding_sequences/ENST00000544797_REJ.N.fasta,data/coding_sequences/ENST00000544797_REJ.C.fasta
36825,KIF21B,kinesin family member 21B,ENSG00000116852,ENST00000422435,1,4914,3.691435152144062,False,True,KIF21B [ENST00000422435],Human,data/coding_sequences/ENST00000422435_CDS.fasta,data/coding_sequences/ENST00000422435_REJ.N.fasta,data/coding_sequences/ENST00000422435_REJ.C.fasta
16367,KIF21B,kinesin family member 21B,ENSG00000116852,ENST00000360529,1,4833,3.6842167951388807,False,True,KIF21B [ENST00000360529],Human,data/coding_sequences/ENST00000360529_CDS.fasta,data/coding_sequences/ENST00000360529_REJ.N.fasta,data/coding_sequences/ENST00000360529_REJ.C.fasta
11081,KIF21B,kinesin family member 21B,ENSG00000116852,ENST00000332129,1,4875,3.687974620034556,False,True,KIF21B [ENST00000332129],Human,data/coding_sequences/ENST00000332129_CDS.fasta,data/coding_sequences/ENST00000332129_REJ.N.fasta,data/coding_sequences/ENST00000332129_REJ.C.fasta
50772,KIF21B,kinesin family member 21B,ENSG00000116852,ENST00000461742,1,4872,3.687707279624819,False,True,KIF21B [ENST00000461742],Human,data/coding_sequences/ENST00000461742_CDS.fasta,data/coding_sequences/ENST00000461742_REJ.N.fasta,data/coding_sequences/ENST00000461742_REJ.C.fasta
119557,KIF26A,kinesin family member 26A,ENSG00000066735,ENST00000697132,14,5745,3.759290033024304,True,True,KIF26A [ENST00000697132],Human,data/coding_sequences/ENST00000697132_CDS.fasta,data/coding_sequences/ENST00000697132_REJ.N.fasta,data/coding_sequences/ENST00000697132_REJ.C.fasta
38910,KIF26A,kinesin family member 26A,ENSG00000066735,ENST00000423312,14,5649,3.751971574736327,True,True,KIF26A [ENST00000423312],Human,data/coding_sequences/ENST00000423312_CDS.fasta,data/coding_sequences/ENST00000423312_REJ.N.fasta,data/coding_sequences/ENST00000423312_REJ.C.fasta
8014,KIF26A,kinesin family member 26A,ENSG00000066735,ENST00000315264,14,5232,3.718667735316211,True,True,KIF26A [ENST00000315264],Human,data/coding_sequences/ENST00000315264_CDS.fasta,data/coding_sequences/ENST00000315264_REJ.N.fasta,data/coding_sequences/ENST00000315264_REJ.C.fasta
27020,KIF26B,kinesin family member 26B,ENSG00000162849,ENST00000407071,1,6327,3.801197834459149,False,True,KIF26B [ENST00000407071],Human,data/coding_sequences/ENST00000407071_CDS.fasta,data/coding_sequences/ENST00000407071_REJ.N.fasta,data/coding_sequences/ENST00000407071_REJ.C.fasta
14431,KIF26B,kinesin family member 26B,ENSG00000162849,ENST00000366518,1,5184,3.714664992862537,False,True,KIF26B [ENST00000366518],Human,data/coding_sequences/ENST00000366518_CDS.fasta,data/coding_sequences/ENST00000366518_REJ.N.fasta,data/coding_sequences/ENST00000366518_REJ.C.fasta
96885,KIF26B,kinesin family member 26B,ENSG00000281216,ENST00000629409,CHR_HSCHR1_1_CTG32_1,5865,3.768268016451548,False,True,KIF26B [ENST00000629409],Human,data/coding_sequences/ENST00000629409_CDS.fasta,data/coding_sequences/ENST00000629409_REJ.N.fasta,data/coding_sequences/ENST00000629409_REJ.C.fasta
105922,KMT2A,lysine methyltransferase 2A,ENSG00000118058,ENST00000649878,11,4902,3.690373306916059,True,True,KMT2A [ENST00000649878],Human,data/coding_sequences/ENST00000649878_CDS.fasta,data/coding_sequences/ENST00000649878_REJ.N.fasta,data/coding_sequences/ENST00000649878_REJ.C.fasta
114419,KMT2A,lysine methyltransferase 2A,ENSG00000118058,ENST00000686370,11,5381,3.730862992046494,True,True,KMT2A [ENST00000686370],Human,data/coding_sequences/ENST00000686370_CDS.fasta,data/coding_sequences/ENST00000686370_REJ.N.fasta,data/coding_sequences/ENST00000686370_REJ.C.fasta
114649,KMT2A,lysine methyltransferase 2A,ENSG00000118058,ENST00000689424,11,5051,3.7033773685123497,True,True,KMT2A [ENST00000689424],Human,data/coding_sequences/ENST00000689424_CDS.fasta,data/coding_sequences/ENST00000689424_REJ.N.fasta,data/coding_sequences/ENST00000689424_REJ.C.fasta
115485,KMT2A,lysine methyltransferase 2A,ENSG00000118058,ENST00000685397,11,5279,3.7225516620009587,True,True,KMT2A [ENST00000685397],Human,data/coding_sequences/ENST00000685397_CDS.fasta,data/coding_sequences/ENST00000685397_REJ.N.fasta,data/coding_sequences/ENST00000685397_REJ.C.fasta
117949,KMT2B,lysine methyltransferase 2B,ENSG00000272333,ENST00000692961,19,7239,3.8596785766284483,True,True,KMT2B [ENST00000692961],Human,data/coding_sequences/ENST00000692961_CDS.fasta,data/coding_sequences/ENST00000692961_REJ.N.fasta,data/coding_sequences/ENST00000692961_REJ.C.fasta
116248,KMT2C,lysine methyltransferase 2C,ENSG00000055609,ENST00000684649,7,5382,3.7309436934277356,True,True,KMT2C [ENST00000684649],Human,data/coding_sequences/ENST00000684649_CDS.fasta,data/coding_sequences/ENST00000684649_REJ.N.fasta,data/coding_sequences/ENST00000684649_REJ.C.fasta
112708,KMT2C,lysine methyltransferase 2C,ENSG00000055609,ENST00000683159,7,4764,3.67797175281074,True,True,KMT2C [ENST00000683159],Human,data/coding_sequences/ENST00000683159_CDS.fasta,data/coding_sequences/ENST00000683159_REJ.N.fasta,data/coding_sequences/ENST00000683159_REJ.C.fasta
111917,KMT2C,lysine methyltransferase 2C,ENSG00000055609,ENST00000683178,7,5298,3.7241119539612124,True,True,KMT2C [ENST00000683178],Human,data/coding_sequences/ENST00000683178_CDS.fasta,data/coding_sequences/ENST00000683178_REJ.N.fasta,data/coding_sequences/ENST00000683178_REJ.C.fasta
114639,KMT2C,lysine methyltransferase 2C,ENSG00000055609,ENST00000684398,7,6309,3.7999605274059833,True,True,KMT2C [ENST00000684398],Human,data/coding_sequences/ENST00000684398_CDS.fasta,data/coding_sequences/ENST00000684398_REJ.N.fasta,data/coding_sequences/ENST00000684398_REJ.C.fasta
35146,KMT2C,lysine methyltransferase 2C,ENSG00000055609,ENST00000418061,7,5379,3.730701544281845,True,True,KMT2C [ENST00000418061],Human,data/coding_sequences/ENST00000418061_CDS.fasta,data/coding_sequences/ENST00000418061_REJ.N.fasta,data/coding_sequences/ENST00000418061_REJ.C.fasta
113303,KMT2C,lysine methyltransferase 2C,ENSG00000055609,ENST00000682176,7,6174,3.7905666251460763,True,True,KMT2C [ENST00000682176],Human,data/coding_sequences/ENST00000682176_CDS.fasta,data/coding_sequences/ENST00000682176_REJ.N.fasta,data/coding_sequences/ENST00000682176_REJ.C.fasta
112160,KMT2C,lysine methyltransferase 2C,ENSG00000055609,ENST00000683502,7,5370,3.7299742856995555,True,True,KMT2C [ENST00000683502],Human,data/coding_sequences/ENST00000683502_CDS.fasta,data/coding_sequences/ENST00000683502_REJ.N.fasta,data/coding_sequences/ENST00000683502_REJ.C.fasta
115819,KMT2C,lysine methyltransferase 2C,ENSG00000055609,ENST00000683625,7,5883,3.7695988483874463,True,True,KMT2C [ENST00000683625],Human,data/coding_sequences/ENST00000683625_CDS.fasta,data/coding_sequences/ENST00000683625_REJ.N.fasta,data/coding_sequences/ENST00000683625_REJ.C.fasta
114364,KMT2C,lysine methyltransferase 2C,ENSG00000055609,ENST00000683670,7,6456,3.809963521714014,True,True,KMT2C [ENST00000683670],Human,data/coding_sequences/ENST00000683670_CDS.fasta,data/coding_sequences/ENST00000683670_REJ.N.fasta,data/coding_sequences/ENST00000683670_REJ.C.fasta
39365,KMT2C,lysine methyltransferase 2C,ENSG00000055609,ENST00000424877,7,5301,3.7243578042264267,True,True,KMT2C [ENST00000424877],Human,data/coding_sequences/ENST00000424877_CDS.fasta,data/coding_sequences/ENST00000424877_REJ.N.fasta,data/coding_sequences/ENST00000424877_REJ.C.fasta
113706,KMT2C,lysine methyltransferase 2C,ENSG00000055609,ENST00000683397,7,4503,3.653501946962933,True,True,KMT2C [ENST00000683397],Human,data/coding_sequences/ENST00000683397_CDS.fasta,data/coding_sequences/ENST00000683397_REJ.N.fasta,data/coding_sequences/ENST00000683397_REJ.C.fasta
51708,KMT2E,lysine methyltransferase 2E (inactive),ENSG00000005483,ENST00000473063,7,5451,3.7364761820276966,True,True,KMT2E [ENST00000473063],Human,data/coding_sequences/ENST00000473063_CDS.fasta,data/coding_sequences/ENST00000473063_REJ.N.fasta,data/coding_sequences/ENST00000473063_REJ.C.fasta
8276,KMT2E,lysine methyltransferase 2E (inactive),ENSG00000005483,ENST00000311117,7,5577,3.746400644491561,True,True,KMT2E [ENST00000311117],Human,data/coding_sequences/ENST00000311117_CDS.fasta,data/coding_sequences/ENST00000311117_REJ.N.fasta,data/coding_sequences/ENST00000311117_REJ.C.fasta
5380,KNDC1,kinase non-catalytic C-lobe domain containing 1,ENSG00000171798,ENST00000304613,10,5250,3.720159303405957,False,True,KNDC1 [ENST00000304613],Human,data/coding_sequences/ENST00000304613_CDS.fasta,data/coding_sequences/ENST00000304613_REJ.N.fasta,data/coding_sequences/ENST00000304613_REJ.C.fasta
29573,KNL1,kinetochore scaffold 1,ENSG00000137812,ENST00000399668,15,6951,3.842047288509638,True,True,KNL1 [ENST00000399668],Human,data/coding_sequences/ENST00000399668_CDS.fasta,data/coding_sequences/ENST00000399668_REJ.N.fasta,data/coding_sequences/ENST00000399668_REJ.C.fasta
11697,KNL1,kinetochore scaffold 1,ENSG00000137812,ENST00000346991,15,7029,3.846893543316625,True,True,KNL1 [ENST00000346991],Human,data/coding_sequences/ENST00000346991_CDS.fasta,data/coding_sequences/ENST00000346991_REJ.N.fasta,data/coding_sequences/ENST00000346991_REJ.C.fasta
11168,KNTC1,kinetochore associated 1,ENSG00000184445,ENST00000333479,12,6630,3.821513528404773,False,True,KNTC1 [ENST00000333479],Human,data/coding_sequences/ENST00000333479_CDS.fasta,data/coding_sequences/ENST00000333479_REJ.N.fasta,data/coding_sequences/ENST00000333479_REJ.C.fasta
83208,LAMA3,laminin subunit alpha 3,ENSG00000053747,ENST00000587184,18,5007,3.699577591398909,True,True,LAMA3 [ENST00000587184],Human,data/coding_sequences/ENST00000587184_CDS.fasta,data/coding_sequences/ENST00000587184_REJ.N.fasta,data/coding_sequences/ENST00000587184_REJ.C.fasta
105176,LAMA3,laminin subunit alpha 3,ENSG00000053747,ENST00000649721,18,6597,3.819346484080453,True,True,LAMA3 [ENST00000649721],Human,data/coding_sequences/ENST00000649721_CDS.fasta,data/coding_sequences/ENST00000649721_REJ.N.fasta,data/coding_sequences/ENST00000649721_REJ.C.fasta
8734,LAMA3,laminin subunit alpha 3,ENSG00000053747,ENST00000269217,18,5175,3.7139103541289553,True,True,LAMA3 [ENST00000269217],Human,data/coding_sequences/ENST00000269217_CDS.fasta,data/coding_sequences/ENST00000269217_REJ.N.fasta,data/coding_sequences/ENST00000269217_REJ.C.fasta
24633,LAMA4,laminin subunit alpha 4,ENSG00000112769,ENST00000389463,6,5451,3.7364761820276966,True,True,LAMA4 [ENST00000389463],Human,data/coding_sequences/ENST00000389463_CDS.fasta,data/coding_sequences/ENST00000389463_REJ.N.fasta,data/coding_sequences/ENST00000389463_REJ.C.fasta
1624,LAMA4,laminin subunit alpha 4,ENSG00000112769,ENST00000230538,6,5472,3.73814608871206,True,True,LAMA4 [ENST00000230538],Human,data/coding_sequences/ENST00000230538_CDS.fasta,data/coding_sequences/ENST00000230538_REJ.N.fasta,data/coding_sequences/ENST00000230538_REJ.C.fasta
38920,LAMA4,laminin subunit alpha 4,ENSG00000112769,ENST00000424408,6,5451,3.7364761820276966,True,True,LAMA4 [ENST00000424408],Human,data/coding_sequences/ENST00000424408_CDS.fasta,data/coding_sequences/ENST00000424408_REJ.N.fasta,data/coding_sequences/ENST00000424408_REJ.C.fasta
65011,LAMA4,laminin subunit alpha 4,ENSG00000112769,ENST00000522006,6,5451,3.7364761820276966,True,True,LAMA4 [ENST00000522006],Human,data/coding_sequences/ENST00000522006_CDS.fasta,data/coding_sequences/ENST00000522006_REJ.N.fasta,data/coding_sequences/ENST00000522006_REJ.C.fasta
1066,LAMB1,laminin subunit beta 1,ENSG00000091136,ENST00000222399,7,5361,3.7292458072253067,True,True,LAMB1 [ENST00000222399],Human,data/coding_sequences/ENST00000222399_CDS.fasta,data/coding_sequences/ENST00000222399_REJ.N.fasta,data/coding_sequences/ENST00000222399_REJ.C.fasta
110719,LAMB1,laminin subunit beta 1,ENSG00000091136,ENST00000676777,7,5028,3.7013952690139202,True,True,LAMB1 [ENST00000676777],Human,data/coding_sequences/ENST00000676777_CDS.fasta,data/coding_sequences/ENST00000676777_REJ.N.fasta,data/coding_sequences/ENST00000676777_REJ.C.fasta
23135,LAMB1,laminin subunit beta 1,ENSG00000091136,ENST00000393561,7,4950,3.694605198933569,True,True,LAMB1 [ENST00000393561],Human,data/coding_sequences/ENST00000393561_CDS.fasta,data/coding_sequences/ENST00000393561_REJ.N.fasta,data/coding_sequences/ENST00000393561_REJ.C.fasta
110857,LAMB1,laminin subunit beta 1,ENSG00000091136,ENST00000677793,7,5049,3.7032053706954864,True,True,LAMB1 [ENST00000677793],Human,data/coding_sequences/ENST00000677793_CDS.fasta,data/coding_sequences/ENST00000677793_REJ.N.fasta,data/coding_sequences/ENST00000677793_REJ.C.fasta
8448,LAMB2,laminin subunit beta 2,ENSG00000172037,ENST00000305544,3,5397,3.7321524180652137,True,True,LAMB2 [ENST00000305544],Human,data/coding_sequences/ENST00000305544_CDS.fasta,data/coding_sequences/ENST00000305544_REJ.N.fasta,data/coding_sequences/ENST00000305544_REJ.C.fasta
33799,LAMB2,laminin subunit beta 2,ENSG00000172037,ENST00000418109,3,5397,3.7321524180652137,True,True,LAMB2 [ENST00000418109],Human,data/coding_sequences/ENST00000418109_CDS.fasta,data/coding_sequences/ENST00000418109_REJ.N.fasta,data/coding_sequences/ENST00000418109_REJ.C.fasta
26481,LAMB4,laminin subunit beta 4,ENSG00000091128,ENST00000388781,7,5286,3.7231271587956916,False,True,LAMB4 [ENST00000388781],Human,data/coding_sequences/ENST00000388781_CDS.fasta,data/coding_sequences/ENST00000388781_REJ.N.fasta,data/coding_sequences/ENST00000388781_REJ.C.fasta
348,LAMB4,laminin subunit beta 4,ENSG00000091128,ENST00000205386,7,5286,3.7231271587956916,False,True,LAMB4 [ENST00000205386],Human,data/coding_sequences/ENST00000205386_CDS.fasta,data/coding_sequences/ENST00000205386_REJ.N.fasta,data/coding_sequences/ENST00000205386_REJ.C.fasta
2654,LAMC1,laminin subunit gamma 1,ENSG00000135862,ENST00000258341,1,4830,3.683947130751512,False,True,LAMC1 [ENST00000258341],Human,data/coding_sequences/ENST00000258341_CDS.fasta,data/coding_sequences/ENST00000258341_REJ.N.fasta,data/coding_sequences/ENST00000258341_REJ.C.fasta
17238,LAMC3,laminin subunit gamma 3,ENSG00000050555,ENST00000361069,9,4728,3.674677467873199,True,True,LAMC3 [ENST00000361069],Human,data/coding_sequences/ENST00000361069_CDS.fasta,data/coding_sequences/ENST00000361069_REJ.N.fasta,data/coding_sequences/ENST00000361069_REJ.C.fasta
115748,LARP4B,La ribonucleoprotein 4B,ENSG00000107929,ENST00000689323,10,5208,3.7166709755601355,False,True,LARP4B [ENST00000689323],Human,data/coding_sequences/ENST00000689323_CDS.fasta,data/coding_sequences/ENST00000689323_REJ.N.fasta,data/coding_sequences/ENST00000689323_REJ.C.fasta
32076,LCOR,ligand dependent nuclear receptor corepressor,ENSG00000196233,ENST00000421806,10,4674,3.669688708056208,False,True,LCOR [ENST00000421806],Human,data/coding_sequences/ENST00000421806_CDS.fasta,data/coding_sequences/ENST00000421806_REJ.N.fasta,data/coding_sequences/ENST00000421806_REJ.C.fasta
101388,LCORL,ligand dependent nuclear receptor corepressor like,ENSG00000178177,ENST00000635767,4,5616,3.749427099121749,False,True,LCORL [ENST00000635767],Human,data/coding_sequences/ENST00000635767_CDS.fasta,data/coding_sequences/ENST00000635767_REJ.N.fasta,data/coding_sequences/ENST00000635767_REJ.C.fasta
3875,LCT,lactase,ENSG00000115850,ENST00000264162,2,5784,3.7622282842864743,True,True,LCT [ENST00000264162],Human,data/coding_sequences/ENST00000264162_CDS.fasta,data/coding_sequences/ENST00000264162_REJ.N.fasta,data/coding_sequences/ENST00000264162_REJ.C.fasta
16829,LMO7,LIM domain 7,ENSG00000136153,ENST00000357063,13,5007,3.699577591398909,False,True,LMO7 [ENST00000357063],Human,data/coding_sequences/ENST00000357063_CDS.fasta,data/coding_sequences/ENST00000357063_REJ.N.fasta,data/coding_sequences/ENST00000357063_REJ.C.fasta
26224,LMO7,LIM domain 7,ENSG00000136153,ENST00000377534,13,4896,3.6898414091375047,False,True,LMO7 [ENST00000377534],Human,data/coding_sequences/ENST00000377534_CDS.fasta,data/coding_sequences/ENST00000377534_REJ.N.fasta,data/coding_sequences/ENST00000377534_REJ.C.fasta
8088,LMTK2,lemur tyrosine kinase 2,ENSG00000164715,ENST00000297293,7,4512,3.654369090975286,False,True,LMTK2 [ENST00000297293],Human,data/coding_sequences/ENST00000297293_CDS.fasta,data/coding_sequences/ENST00000297293_REJ.N.fasta,data/coding_sequences/ENST00000297293_REJ.C.fasta
67397,LOXHD1,lipoxygenase homology PLAT domains 1,ENSG00000167210,ENST00000536736,18,6636,3.821906377352323,True,True,LOXHD1 [ENST00000536736],Human,data/coding_sequences/ENST00000536736_CDS.fasta,data/coding_sequences/ENST00000536736_REJ.N.fasta,data/coding_sequences/ENST00000536736_REJ.C.fasta
104861,LOXHD1,lipoxygenase homology PLAT domains 1,ENSG00000167210,ENST00000642948,18,6822,3.8339117150713786,True,True,LOXHD1 [ENST00000642948],Human,data/coding_sequences/ENST00000642948_CDS.fasta,data/coding_sequences/ENST00000642948_REJ.N.fasta,data/coding_sequences/ENST00000642948_REJ.C.fasta
40216,LOXHD1,lipoxygenase homology PLAT domains 1,ENSG00000167210,ENST00000441551,18,6204,3.7926717891415676,True,True,LOXHD1 [ENST00000441551],Human,data/coding_sequences/ENST00000441551_CDS.fasta,data/coding_sequences/ENST00000441551_REJ.N.fasta,data/coding_sequences/ENST00000441551_REJ.C.fasta
5879,LPA,lipoprotein(a),ENSG00000198670,ENST00000316300,6,6123,3.786964259435733,False,True,LPA [ENST00000316300],Human,data/coding_sequences/ENST00000316300_CDS.fasta,data/coding_sequences/ENST00000316300_REJ.N.fasta,data/coding_sequences/ENST00000316300_REJ.C.fasta
55431,LRBA,LPS responsive beige-like anchor protein,ENSG00000198589,ENST00000507224,4,7728,3.8880671134074367,True,True,LRBA [ENST00000507224],Human,data/coding_sequences/ENST00000507224_CDS.fasta,data/coding_sequences/ENST00000507224_REJ.N.fasta,data/coding_sequences/ENST00000507224_REJ.C.fasta
106427,LRBA,LPS responsive beige-like anchor protein,ENSG00000198589,ENST00000651035,4,5643,3.751510050270041,True,True,LRBA [ENST00000651035],Human,data/coding_sequences/ENST00000651035_CDS.fasta,data/coding_sequences/ENST00000651035_REJ.N.fasta,data/coding_sequences/ENST00000651035_REJ.C.fasta
22547,LRP4,LDL receptor related protein 4,ENSG00000134569,ENST00000378623,11,5718,3.75724415102197,True,True,LRP4 [ENST00000378623],Human,data/coding_sequences/ENST00000378623_CDS.fasta,data/coding_sequences/ENST00000378623_REJ.N.fasta,data/coding_sequences/ENST00000378623_REJ.C.fasta
7428,LRP5,LDL receptor related protein 5,ENSG00000162337,ENST00000294304,11,4848,3.68556261115823,True,True,LRP5 [ENST00000294304],Human,data/coding_sequences/ENST00000294304_CDS.fasta,data/coding_sequences/ENST00000294304_REJ.N.fasta,data/coding_sequences/ENST00000294304_REJ.C.fasta
96937,LRP6,LDL receptor related protein 6,ENSG00000281324,ENST00000628182,CHR_HG1362_PATCH,4842,3.685024785105714,True,True,LRP6 [ENST00000628182],Human,data/coding_sequences/ENST00000628182_CDS.fasta,data/coding_sequences/ENST00000628182_REJ.N.fasta,data/coding_sequences/ENST00000628182_REJ.C.fasta
4167,LRP6,LDL receptor related protein 6,ENSG00000070018,ENST00000261349,12,4842,3.685024785105714,True,True,LRP6 [ENST00000261349],Human,data/coding_sequences/ENST00000261349_CDS.fasta,data/coding_sequences/ENST00000261349_REJ.N.fasta,data/coding_sequences/ENST00000261349_REJ.C.fasta
71641,LRP6,LDL receptor related protein 6,ENSG00000070018,ENST00000543091,12,4707,3.672744198306599,True,True,LRP6 [ENST00000543091],Human,data/coding_sequences/ENST00000543091_CDS.fasta,data/coding_sequences/ENST00000543091_REJ.N.fasta,data/coding_sequences/ENST00000543091_REJ.C.fasta
95163,LRP6,LDL receptor related protein 6,ENSG00000281324,ENST00000626698,CHR_HG1362_PATCH,4707,3.672744198306599,True,True,LRP6 [ENST00000626698],Human,data/coding_sequences/ENST00000626698_CDS.fasta,data/coding_sequences/ENST00000626698_REJ.N.fasta,data/coding_sequences/ENST00000626698_REJ.C.fasta
97048,LRRC37A,leucine rich repeat containing 37A,ENSG00000278742,ENST00000625784,CHR_HSCHR17_1_CTG5,4908,3.6909045540549665,False,True,LRRC37A [ENST00000625784],Human,data/coding_sequences/ENST00000625784_CDS.fasta,data/coding_sequences/ENST00000625784_REJ.N.fasta,data/coding_sequences/ENST00000625784_REJ.C.fasta
90295,LRRC37A,leucine rich repeat containing 37A,ENSG00000278742,ENST00000611823,CHR_HSCHR17_1_CTG5,5103,3.7078255683322316,False,True,LRRC37A [ENST00000611823],Human,data/coding_sequences/ENST00000611823_CDS.fasta,data/coding_sequences/ENST00000611823_REJ.N.fasta,data/coding_sequences/ENST00000611823_REJ.C.fasta
26457,LRRC37A,leucine rich repeat containing 37A,ENSG00000176681,ENST00000393465,17,4908,3.6909045540549665,False,True,LRRC37A [ENST00000393465],Human,data/coding_sequences/ENST00000393465_CDS.fasta,data/coding_sequences/ENST00000393465_REJ.N.fasta,data/coding_sequences/ENST00000393465_REJ.C.fasta
13820,LRRC37A,leucine rich repeat containing 37A,ENSG00000176681,ENST00000320254,17,5103,3.7078255683322316,False,True,LRRC37A [ENST00000320254],Human,data/coding_sequences/ENST00000320254_CDS.fasta,data/coding_sequences/ENST00000320254_REJ.N.fasta,data/coding_sequences/ENST00000320254_REJ.C.fasta
97665,LRRC37A2,leucine rich repeat containing 37 member A2,ENSG00000277221,ENST00000633100,CHR_HSCHR17_2_CTG5,5031,3.7016543173257483,False,True,LRRC37A2 [ENST00000633100],Human,data/coding_sequences/ENST00000633100_CDS.fasta,data/coding_sequences/ENST00000633100_REJ.N.fasta,data/coding_sequences/ENST00000633100_REJ.C.fasta
82210,LRRC37A2,leucine rich repeat containing 37 member A2,ENSG00000238083,ENST00000576629,17,5103,3.7078255683322316,False,True,LRRC37A2 [ENST00000576629],Human,data/coding_sequences/ENST00000576629_CDS.fasta,data/coding_sequences/ENST00000576629_REJ.N.fasta,data/coding_sequences/ENST00000576629_REJ.C.fasta
96186,LRRC37A2,leucine rich repeat containing 37 member A2,ENSG00000277221,ENST00000632864,CHR_HSCHR17_2_CTG5,4836,3.6844862921887342,False,True,LRRC37A2 [ENST00000632864],Human,data/coding_sequences/ENST00000632864_CDS.fasta,data/coding_sequences/ENST00000632864_REJ.N.fasta,data/coding_sequences/ENST00000632864_REJ.C.fasta
91754,LRRC37A2,leucine rich repeat containing 37 member A2,ENSG00000274332,ENST00000614665,CHR_HSCHR17_1_CTG5,5103,3.7078255683322316,False,True,LRRC37A2 [ENST00000614665],Human,data/coding_sequences/ENST00000614665_CDS.fasta,data/coding_sequences/ENST00000614665_REJ.N.fasta,data/coding_sequences/ENST00000614665_REJ.C.fasta
97174,LRRC37A2,leucine rich repeat containing 37 member A2,ENSG00000274332,ENST00000629709,CHR_HSCHR17_1_CTG5,4908,3.6909045540549665,False,True,LRRC37A2 [ENST00000629709],Human,data/coding_sequences/ENST00000629709_CDS.fasta,data/coding_sequences/ENST00000629709_REJ.N.fasta,data/coding_sequences/ENST00000629709_REJ.C.fasta
120685,LRRC37A2,leucine rich repeat containing 37 member A2,ENSG00000238083,ENST00000706058,17,4626,3.6652056284346006,False,True,LRRC37A2 [ENST00000706058],Human,data/coding_sequences/ENST00000706058_CDS.fasta,data/coding_sequences/ENST00000706058_REJ.N.fasta,data/coding_sequences/ENST00000706058_REJ.C.fasta
88921,LRRC37A2,leucine rich repeat containing 37 member A2,ENSG00000277221,ENST00000611862,CHR_HSCHR17_2_CTG5,5103,3.7078255683322316,False,True,LRRC37A2 [ENST00000611862],Human,data/coding_sequences/ENST00000611862_CDS.fasta,data/coding_sequences/ENST00000611862_REJ.N.fasta,data/coding_sequences/ENST00000611862_REJ.C.fasta
96324,LRRC37A3,leucine rich repeat containing 37 member A3,ENSG00000275621,ENST00000628214,CHR_HSCHR17_1_CTG5,4908,3.6909045540549665,False,True,LRRC37A3 [ENST00000628214],Human,data/coding_sequences/ENST00000628214_CDS.fasta,data/coding_sequences/ENST00000628214_REJ.N.fasta,data/coding_sequences/ENST00000628214_REJ.C.fasta
89326,LRRC37A3,leucine rich repeat containing 37 member A3,ENSG00000275621,ENST00000611424,CHR_HSCHR17_1_CTG5,5103,3.7078255683322316,False,True,LRRC37A3 [ENST00000611424],Human,data/coding_sequences/ENST00000611424_CDS.fasta,data/coding_sequences/ENST00000611424_REJ.N.fasta,data/coding_sequences/ENST00000611424_REJ.C.fasta
86332,LRRC37A3,leucine rich repeat containing 37 member A3,ENSG00000176809,ENST00000584306,17,4905,3.6906390117159673,False,True,LRRC37A3 [ENST00000584306],Human,data/coding_sequences/ENST00000584306_CDS.fasta,data/coding_sequences/ENST00000584306_REJ.N.fasta,data/coding_sequences/ENST00000584306_REJ.C.fasta
10718,LRRC37A3,leucine rich repeat containing 37 member A3,ENSG00000176809,ENST00000319651,17,4905,3.6906390117159673,False,True,LRRC37A3 [ENST00000319651],Human,data/coding_sequences/ENST00000319651_CDS.fasta,data/coding_sequences/ENST00000319651_REJ.N.fasta,data/coding_sequences/ENST00000319651_REJ.C.fasta
106356,LRRC7,leucine rich repeat containing 7,ENSG00000033122,ENST00000651989,1,4728,3.674677467873199,False,True,LRRC7 [ENST00000651989],Human,data/coding_sequences/ENST00000651989_CDS.fasta,data/coding_sequences/ENST00000651989_REJ.N.fasta,data/coding_sequences/ENST00000651989_REJ.C.fasta
25134,LRRIQ1,leucine rich repeats and IQ motif containing 1,ENSG00000133640,ENST00000393217,12,5169,3.713406532167691,False,True,LRRIQ1 [ENST00000393217],Human,data/coding_sequences/ENST00000393217_CDS.fasta,data/coding_sequences/ENST00000393217_REJ.N.fasta,data/coding_sequences/ENST00000393217_REJ.C.fasta
24144,LRRK1,leucine rich repeat kinase 1,ENSG00000154237,ENST00000388948,15,6048,3.78161178249315,True,True,LRRK1 [ENST00000388948],Human,data/coding_sequences/ENST00000388948_CDS.fasta,data/coding_sequences/ENST00000388948_REJ.N.fasta,data/coding_sequences/ENST00000388948_REJ.C.fasta
8056,LRRK2,leucine rich repeat kinase 2,ENSG00000188906,ENST00000298910,12,7584,3.87989832433001,False,True,LRRK2 [ENST00000298910],Human,data/coding_sequences/ENST00000298910_CDS.fasta,data/coding_sequences/ENST00000298910_REJ.N.fasta,data/coding_sequences/ENST00000298910_REJ.C.fasta
113102,LRRK2,leucine rich repeat kinase 2,ENSG00000188906,ENST00000680790,12,7329,3.865044721693099,False,True,LRRK2 [ENST00000680790],Human,data/coding_sequences/ENST00000680790_CDS.fasta,data/coding_sequences/ENST00000680790_REJ.N.fasta,data/coding_sequences/ENST00000680790_REJ.C.fasta
26936,LTBP1,latent transforming growth factor beta binding protein 1,ENSG00000049323,ENST00000404816,2,5166,3.7131544018372984,True,True,LTBP1 [ENST00000404816],Human,data/coding_sequences/ENST00000404816_CDS.fasta,data/coding_sequences/ENST00000404816_REJ.N.fasta,data/coding_sequences/ENST00000404816_REJ.C.fasta
74652,LTBP2,latent transforming growth factor beta binding protein 2,ENSG00000119681,ENST00000553939,14,5310,3.725094521081469,True,True,LTBP2 [ENST00000553939],Human,data/coding_sequences/ENST00000553939_CDS.fasta,data/coding_sequences/ENST00000553939_REJ.N.fasta,data/coding_sequences/ENST00000553939_REJ.C.fasta
2896,LTBP2,latent transforming growth factor beta binding protein 2,ENSG00000119681,ENST00000261978,14,5466,3.737669627356642,True,True,LTBP2 [ENST00000261978],Human,data/coding_sequences/ENST00000261978_CDS.fasta,data/coding_sequences/ENST00000261978_REJ.N.fasta,data/coding_sequences/ENST00000261978_REJ.C.fasta
77773,LTBP2,latent transforming growth factor beta binding protein 2,ENSG00000119681,ENST00000556690,14,5334,3.727053011353857,True,True,LTBP2 [ENST00000556690],Human,data/coding_sequences/ENST00000556690_CDS.fasta,data/coding_sequences/ENST00000556690_REJ.N.fasta,data/coding_sequences/ENST00000556690_REJ.C.fasta
30987,LTBP4,latent transforming growth factor beta binding protein 4,ENSG00000090006,ENST00000396819,19,4674,3.669688708056208,True,True,LTBP4 [ENST00000396819],Human,data/coding_sequences/ENST00000396819_CDS.fasta,data/coding_sequences/ENST00000396819_REJ.N.fasta,data/coding_sequences/ENST00000396819_REJ.C.fasta
5165,LTBP4,latent transforming growth factor beta binding protein 4,ENSG00000090006,ENST00000308370,19,4875,3.687974620034556,True,True,LTBP4 [ENST00000308370],Human,data/coding_sequences/ENST00000308370_CDS.fasta,data/coding_sequences/ENST00000308370_REJ.N.fasta,data/coding_sequences/ENST00000308370_REJ.C.fasta
559,LTBP4,latent transforming growth factor beta binding protein 4,ENSG00000090006,ENST00000204005,19,4764,3.67797175281074,True,True,LTBP4 [ENST00000204005],Human,data/coding_sequences/ENST00000204005_CDS.fasta,data/coding_sequences/ENST00000204005_REJ.N.fasta,data/coding_sequences/ENST00000204005_REJ.C.fasta
16904,LTN1,listerin E3 ubiquitin protein ligase 1,ENSG00000198862,ENST00000361371,21,5301,3.7243578042264267,False,True,LTN1 [ENST00000361371],Human,data/coding_sequences/ENST00000361371_CDS.fasta,data/coding_sequences/ENST00000361371_REJ.N.fasta,data/coding_sequences/ENST00000361371_REJ.C.fasta
93482,LTN1,listerin E3 ubiquitin protein ligase 1,ENSG00000198862,ENST00000614971,21,5439,3.735519058815171,False,True,LTN1 [ENST00000614971],Human,data/coding_sequences/ENST00000614971_CDS.fasta,data/coding_sequences/ENST00000614971_REJ.N.fasta,data/coding_sequences/ENST00000614971_REJ.C.fasta
26635,LTN1,listerin E3 ubiquitin protein ligase 1,ENSG00000198862,ENST00000389194,21,5301,3.7243578042264267,False,True,LTN1 [ENST00000389194],Human,data/coding_sequences/ENST00000389194_CDS.fasta,data/coding_sequences/ENST00000389194_REJ.N.fasta,data/coding_sequences/ENST00000389194_REJ.C.fasta
4486,LY75,lymphocyte antigen 75,ENSG00000054219,ENST00000263636,2,5169,3.713406532167691,False,True,LY75 [ENST00000263636],Human,data/coding_sequences/ENST00000263636_CDS.fasta,data/coding_sequences/ENST00000263636_REJ.N.fasta,data/coding_sequences/ENST00000263636_REJ.C.fasta
56601,LY75-CD302,LY75-CD302 readthrough,ENSG00000248672,ENST00000504764,2,5622,3.749890841271422,False,True,LY75-CD302 [ENST00000504764],Human,data/coding_sequences/ENST00000504764_CDS.fasta,data/coding_sequences/ENST00000504764_REJ.N.fasta,data/coding_sequences/ENST00000504764_REJ.C.fasta
56052,LY75-CD302,LY75-CD302 readthrough,ENSG00000248672,ENST00000505052,2,5454,3.7367151336056112,False,True,LY75-CD302 [ENST00000505052],Human,data/coding_sequences/ENST00000505052_CDS.fasta,data/coding_sequences/ENST00000505052_REJ.N.fasta,data/coding_sequences/ENST00000505052_REJ.C.fasta
54474,LYST,lysosomal trafficking regulator,ENSG00000143669,ENST00000489585,1,6006,3.778585327862962,True,True,LYST [ENST00000489585],Human,data/coding_sequences/ENST00000489585_CDS.fasta,data/coding_sequences/ENST00000489585_REJ.N.fasta,data/coding_sequences/ENST00000489585_REJ.C.fasta
112821,MACF1,microtubule actin crosslinking factor 1,ENSG00000127603,ENST00000683517,1,6831,3.8344842853348053,True,True,MACF1 [ENST00000683517],Human,data/coding_sequences/ENST00000683517_CDS.fasta,data/coding_sequences/ENST00000683517_REJ.N.fasta,data/coding_sequences/ENST00000683517_REJ.C.fasta
70138,MACF1,microtubule actin crosslinking factor 1,ENSG00000127603,ENST00000530275,1,5004,3.6993173010213822,True,True,MACF1 [ENST00000530275],Human,data/coding_sequences/ENST00000530275_CDS.fasta,data/coding_sequences/ENST00000530275_REJ.N.fasta,data/coding_sequences/ENST00000530275_REJ.C.fasta
108115,MACF1,microtubule actin crosslinking factor 1,ENSG00000127603,ENST00000672812,1,6440,3.808885867359812,True,True,MACF1 [ENST00000672812],Human,data/coding_sequences/ENST00000672812_CDS.fasta,data/coding_sequences/ENST00000672812_REJ.N.fasta,data/coding_sequences/ENST00000672812_REJ.C.fasta
67455,MACF1,microtubule actin crosslinking factor 1,ENSG00000127603,ENST00000530262,1,6086,3.7843319480221482,True,True,MACF1 [ENST00000530262],Human,data/coding_sequences/ENST00000530262_CDS.fasta,data/coding_sequences/ENST00000530262_REJ.N.fasta,data/coding_sequences/ENST00000530262_REJ.C.fasta
4675,MADD,MAP kinase activating death domain,ENSG00000110514,ENST00000311027,11,4944,3.6940784620807596,True,True,MADD [ENST00000311027],Human,data/coding_sequences/ENST00000311027_CDS.fasta,data/coding_sequences/ENST00000311027_REJ.N.fasta,data/coding_sequences/ENST00000311027_REJ.C.fasta
121164,MADD,MAP kinase activating death domain,ENSG00000110514,ENST00000706887,11,4953,3.694868327982456,True,True,MADD [ENST00000706887],Human,data/coding_sequences/ENST00000706887_CDS.fasta,data/coding_sequences/ENST00000706887_REJ.N.fasta,data/coding_sequences/ENST00000706887_REJ.C.fasta
121163,MADD,MAP kinase activating death domain,ENSG00000110514,ENST00000706890,11,4734,3.675228253593064,True,True,MADD [ENST00000706890],Human,data/coding_sequences/ENST00000706890_CDS.fasta,data/coding_sequences/ENST00000706890_REJ.N.fasta,data/coding_sequences/ENST00000706890_REJ.C.fasta
121271,MADD,MAP kinase activating death domain,ENSG00000110514,ENST00000706888,11,4701,3.6721902511882525,True,True,MADD [ENST00000706888],Human,data/coding_sequences/ENST00000706888_CDS.fasta,data/coding_sequences/ENST00000706888_REJ.N.fasta,data/coding_sequences/ENST00000706888_REJ.C.fasta
97697,MADD,MAP kinase activating death domain,ENSG00000110514,ENST00000634938,11,4881,3.6885088076565213,True,True,MADD [ENST00000634938],Human,data/coding_sequences/ENST00000634938_CDS.fasta,data/coding_sequences/ENST00000634938_REJ.N.fasta,data/coding_sequences/ENST00000634938_REJ.C.fasta
120636,MADD,MAP kinase activating death domain,ENSG00000110514,ENST00000706889,11,4752,3.6768764319731373,True,True,MADD [ENST00000706889],Human,data/coding_sequences/ENST00000706889_CDS.fasta,data/coding_sequences/ENST00000706889_REJ.N.fasta,data/coding_sequences/ENST00000706889_REJ.C.fasta
64513,MADD,MAP kinase activating death domain,ENSG00000110514,ENST00000526603,11,4539,3.656960182742849,True,True,MADD [ENST00000526603],Human,data/coding_sequences/ENST00000526603_CDS.fasta,data/coding_sequences/ENST00000526603_REJ.N.fasta,data/coding_sequences/ENST00000526603_REJ.C.fasta
29020,MADD,MAP kinase activating death domain,ENSG00000110514,ENST00000395344,11,4626,3.6652056284346006,True,True,MADD [ENST00000395344],Human,data/coding_sequences/ENST00000395344_CDS.fasta,data/coding_sequences/ENST00000395344_REJ.N.fasta,data/coding_sequences/ENST00000395344_REJ.C.fasta
29324,MADD,MAP kinase activating death domain,ENSG00000110514,ENST00000407859,11,4698,3.671913012441587,True,True,MADD [ENST00000407859],Human,data/coding_sequences/ENST00000407859_CDS.fasta,data/coding_sequences/ENST00000407859_REJ.N.fasta,data/coding_sequences/ENST00000407859_REJ.C.fasta
30044,MADD,MAP kinase activating death domain,ENSG00000110514,ENST00000402799,11,4638,3.6663307443019684,True,True,MADD [ENST00000402799],Human,data/coding_sequences/ENST00000402799_CDS.fasta,data/coding_sequences/ENST00000402799_REJ.N.fasta,data/coding_sequences/ENST00000402799_REJ.C.fasta
9979,MADD,MAP kinase activating death domain,ENSG00000110514,ENST00000342922,11,4767,3.678245151927042,True,True,MADD [ENST00000342922],Human,data/coding_sequences/ENST00000342922_CDS.fasta,data/coding_sequences/ENST00000342922_REJ.N.fasta,data/coding_sequences/ENST00000342922_REJ.C.fasta
30754,MADD,MAP kinase activating death domain,ENSG00000110514,ENST00000395336,11,4746,3.6763277338813203,True,True,MADD [ENST00000395336],Human,data/coding_sequences/ENST00000395336_CDS.fasta,data/coding_sequences/ENST00000395336_REJ.N.fasta,data/coding_sequences/ENST00000395336_REJ.C.fasta
27904,MADD,MAP kinase activating death domain,ENSG00000110514,ENST00000402192,11,4764,3.67797175281074,True,True,MADD [ENST00000402192],Human,data/coding_sequences/ENST00000402192_CDS.fasta,data/coding_sequences/ENST00000402192_REJ.N.fasta,data/coding_sequences/ENST00000402192_REJ.C.fasta
13996,MADD,MAP kinase activating death domain,ENSG00000110514,ENST00000349238,11,4827,3.683677298818692,True,True,MADD [ENST00000349238],Human,data/coding_sequences/ENST00000349238_CDS.fasta,data/coding_sequences/ENST00000349238_REJ.N.fasta,data/coding_sequences/ENST00000349238_REJ.C.fasta
121087,MADD,MAP kinase activating death domain,ENSG00000110514,ENST00000706891,11,4617,3.664359874551141,True,True,MADD [ENST00000706891],Human,data/coding_sequences/ENST00000706891_CDS.fasta,data/coding_sequences/ENST00000706891_REJ.N.fasta,data/coding_sequences/ENST00000706891_REJ.C.fasta
121236,MADD,MAP kinase activating death domain,ENSG00000110514,ENST00000706886,11,4812,3.6823256186678073,True,True,MADD [ENST00000706886],Human,data/coding_sequences/ENST00000706886_CDS.fasta,data/coding_sequences/ENST00000706886_REJ.N.fasta,data/coding_sequences/ENST00000706886_REJ.C.fasta
48851,MALRD1,MAM and LDL receptor class A domain containing 1,ENSG00000204740,ENST00000454679,10,6471,3.8109713998222077,False,True,MALRD1 [ENST00000454679],Human,data/coding_sequences/ENST00000454679_CDS.fasta,data/coding_sequences/ENST00000454679_REJ.N.fasta,data/coding_sequences/ENST00000454679_REJ.C.fasta
5378,MAP1B,microtubule associated protein 1B,ENSG00000131711,ENST00000296755,5,7407,3.8696423446515946,True,True,MAP1B [ENST00000296755],Human,data/coding_sequences/ENST00000296755_CDS.fasta,data/coding_sequences/ENST00000296755_REJ.N.fasta,data/coding_sequences/ENST00000296755_REJ.C.fasta
43362,MAP2,microtubule associated protein 2,ENSG00000078018,ENST00000447185,2,5472,3.73814608871206,False,True,MAP2 [ENST00000447185],Human,data/coding_sequences/ENST00000447185_CDS.fasta,data/coding_sequences/ENST00000447185_REJ.N.fasta,data/coding_sequences/ENST00000447185_REJ.C.fasta
112013,MAP2,microtubule associated protein 2,ENSG00000078018,ENST00000682079,2,5484,3.739097446117475,False,True,MAP2 [ENST00000682079],Human,data/coding_sequences/ENST00000682079_CDS.fasta,data/coding_sequences/ENST00000682079_REJ.N.fasta,data/coding_sequences/ENST00000682079_REJ.C.fasta
121328,MAP2,microtubule associated protein 2,ENSG00000078018,ENST00000704357,2,5577,3.746400644491561,False,True,MAP2 [ENST00000704357],Human,data/coding_sequences/ENST00000704357_CDS.fasta,data/coding_sequences/ENST00000704357_REJ.N.fasta,data/coding_sequences/ENST00000704357_REJ.C.fasta
108270,MAP2,microtubule associated protein 2,ENSG00000078018,ENST00000673860,2,5973,3.776192514747072,False,True,MAP2 [ENST00000673860],Human,data/coding_sequences/ENST00000673860_CDS.fasta,data/coding_sequences/ENST00000673860_REJ.N.fasta,data/coding_sequences/ENST00000673860_REJ.C.fasta
15851,MAP2,microtubule associated protein 2,ENSG00000078018,ENST00000360351,2,5484,3.739097446117475,False,True,MAP2 [ENST00000360351],Human,data/coding_sequences/ENST00000360351_CDS.fasta,data/coding_sequences/ENST00000360351_REJ.N.fasta,data/coding_sequences/ENST00000360351_REJ.C.fasta
27183,MAP3K1,mitogen-activated protein kinase kinase kinase 1,ENSG00000095015,ENST00000399503,5,4539,3.656960182742849,True,True,MAP3K1 [ENST00000399503],Human,data/coding_sequences/ENST00000399503_CDS.fasta,data/coding_sequences/ENST00000399503_REJ.N.fasta,data/coding_sequences/ENST00000399503_REJ.C.fasta
14997,MAP3K4,mitogen-activated protein kinase kinase kinase 4,ENSG00000085511,ENST00000366920,6,4815,3.6825962914605532,False,True,MAP3K4 [ENST00000366920],Human,data/coding_sequences/ENST00000366920_CDS.fasta,data/coding_sequences/ENST00000366920_REJ.N.fasta,data/coding_sequences/ENST00000366920_REJ.C.fasta
14838,MAP3K4,mitogen-activated protein kinase kinase kinase 4,ENSG00000085511,ENST00000348824,6,4665,3.668851648082519,False,True,MAP3K4 [ENST00000348824],Human,data/coding_sequences/ENST00000348824_CDS.fasta,data/coding_sequences/ENST00000348824_REJ.N.fasta,data/coding_sequences/ENST00000348824_REJ.C.fasta
23969,MAP3K4,mitogen-activated protein kinase kinase kinase 4,ENSG00000085511,ENST00000392142,6,4827,3.683677298818692,False,True,MAP3K4 [ENST00000392142],Human,data/coding_sequences/ENST00000392142_CDS.fasta,data/coding_sequences/ENST00000392142_REJ.N.fasta,data/coding_sequences/ENST00000392142_REJ.C.fasta
14759,MAP3K4,mitogen-activated protein kinase kinase kinase 4,ENSG00000085511,ENST00000366919,6,4677,3.669967369908504,False,True,MAP3K4 [ENST00000366919],Human,data/coding_sequences/ENST00000366919_CDS.fasta,data/coding_sequences/ENST00000366919_REJ.N.fasta,data/coding_sequences/ENST00000366919_REJ.C.fasta
111866,MAP4,microtubule associated protein 4,ENSG00000047849,ENST00000683076,3,6891,3.8382822499146885,False,True,MAP4 [ENST00000683076],Human,data/coding_sequences/ENST00000683076_CDS.fasta,data/coding_sequences/ENST00000683076_REJ.N.fasta,data/coding_sequences/ENST00000683076_REJ.C.fasta
39178,MAP4,microtubule associated protein 4,ENSG00000047849,ENST00000426837,3,6894,3.838471279071929,False,True,MAP4 [ENST00000426837],Human,data/coding_sequences/ENST00000426837_CDS.fasta,data/coding_sequences/ENST00000426837_REJ.N.fasta,data/coding_sequences/ENST00000426837_REJ.C.fasta
48965,MAPKBP1,mitogen-activated protein kinase binding protein 1,ENSG00000137802,ENST00000456763,15,4545,3.657533887557986,True,True,MAPKBP1 [ENST00000456763],Human,data/coding_sequences/ENST00000456763_CDS.fasta,data/coding_sequences/ENST00000456763_REJ.N.fasta,data/coding_sequences/ENST00000456763_REJ.C.fasta
44931,MAPKBP1,mitogen-activated protein kinase binding protein 1,ENSG00000137802,ENST00000457542,15,4527,3.655810494495252,True,True,MAPKBP1 [ENST00000457542],Human,data/coding_sequences/ENST00000457542_CDS.fasta,data/coding_sequences/ENST00000457542_REJ.N.fasta,data/coding_sequences/ENST00000457542_REJ.C.fasta
97012,MARF1,meiosis regulator and mRNA stability factor 1,ENSG00000277140,ENST00000632628,CHR_HSCHR16_1_CTG1,5229,3.7184186418296554,False,True,MARF1 [ENST00000632628],Human,data/coding_sequences/ENST00000632628_CDS.fasta,data/coding_sequences/ENST00000632628_REJ.N.fasta,data/coding_sequences/ENST00000632628_REJ.C.fasta
74109,MARF1,meiosis regulator and mRNA stability factor 1,ENSG00000166783,ENST00000551742,16,5229,3.7184186418296554,False,True,MARF1 [ENST00000551742],Human,data/coding_sequences/ENST00000551742_CDS.fasta,data/coding_sequences/ENST00000551742_REJ.N.fasta,data/coding_sequences/ENST00000551742_REJ.C.fasta
67367,MARF1,meiosis regulator and mRNA stability factor 1,ENSG00000166783,ENST00000540441,16,4734,3.675228253593064,False,True,MARF1 [ENST00000540441],Human,data/coding_sequences/ENST00000540441_CDS.fasta,data/coding_sequences/ENST00000540441_REJ.N.fasta,data/coding_sequences/ENST00000540441_REJ.C.fasta
71583,MARF1,meiosis regulator and mRNA stability factor 1,ENSG00000166783,ENST00000548025,16,5220,3.717670503002262,False,True,MARF1 [ENST00000548025],Human,data/coding_sequences/ENST00000548025_CDS.fasta,data/coding_sequences/ENST00000548025_REJ.N.fasta,data/coding_sequences/ENST00000548025_REJ.C.fasta
97222,MARF1,meiosis regulator and mRNA stability factor 1,ENSG00000277140,ENST00000632465,CHR_HSCHR16_1_CTG1,5220,3.717670503002262,False,True,MARF1 [ENST00000632465],Human,data/coding_sequences/ENST00000632465_CDS.fasta,data/coding_sequences/ENST00000632465_REJ.N.fasta,data/coding_sequences/ENST00000632465_REJ.C.fasta
95723,MARF1,meiosis regulator and mRNA stability factor 1,ENSG00000277140,ENST00000631398,CHR_HSCHR16_1_CTG1,4734,3.675228253593064,False,True,MARF1 [ENST00000631398],Human,data/coding_sequences/ENST00000631398_CDS.fasta,data/coding_sequences/ENST00000631398_REJ.N.fasta,data/coding_sequences/ENST00000631398_REJ.C.fasta
29240,MARF1,meiosis regulator and mRNA stability factor 1,ENSG00000166783,ENST00000396368,16,5229,3.7184186418296554,False,True,MARF1 [ENST00000396368],Human,data/coding_sequences/ENST00000396368_CDS.fasta,data/coding_sequences/ENST00000396368_REJ.N.fasta,data/coding_sequences/ENST00000396368_REJ.C.fasta
94216,MARF1,meiosis regulator and mRNA stability factor 1,ENSG00000277140,ENST00000621511,CHR_HSCHR16_1_CTG1,5229,3.7184186418296554,False,True,MARF1 [ENST00000621511],Human,data/coding_sequences/ENST00000621511_CDS.fasta,data/coding_sequences/ENST00000621511_REJ.N.fasta,data/coding_sequences/ENST00000621511_REJ.C.fasta
2254,MAST1,microtubule associated serine/threonine kinase 1,ENSG00000105613,ENST00000251472,19,4713,3.6732974397596356,True,True,MAST1 [ENST00000251472],Human,data/coding_sequences/ENST00000251472_CDS.fasta,data/coding_sequences/ENST00000251472_REJ.N.fasta,data/coding_sequences/ENST00000251472_REJ.C.fasta
14259,MAST2,microtubule associated serine/threonine kinase 2,ENSG00000086015,ENST00000361297,1,5397,3.7321524180652137,False,True,MAST2 [ENST00000361297],Human,data/coding_sequences/ENST00000361297_CDS.fasta,data/coding_sequences/ENST00000361297_REJ.N.fasta,data/coding_sequences/ENST00000361297_REJ.C.fasta
108347,MAST2,microtubule associated serine/threonine kinase 2,ENSG00000086015,ENST00000674079,1,4968,3.6961815871685237,False,True,MAST2 [ENST00000674079],Human,data/coding_sequences/ENST00000674079_CDS.fasta,data/coding_sequences/ENST00000674079_REJ.N.fasta,data/coding_sequences/ENST00000674079_REJ.C.fasta
42560,MAST4,microtubule associated serine/threonine kinase family member 4,ENSG00000069020,ENST00000443808,5,5043,3.7026889681591335,False,True,MAST4 [ENST00000443808],Human,data/coding_sequences/ENST00000443808_CDS.fasta,data/coding_sequences/ENST00000443808_REJ.N.fasta,data/coding_sequences/ENST00000443808_REJ.C.fasta
28595,MAST4,microtubule associated serine/threonine kinase family member 4,ENSG00000069020,ENST00000405643,5,7335,3.8654001181793016,False,True,MAST4 [ENST00000405643],Human,data/coding_sequences/ENST00000405643_CDS.fasta,data/coding_sequences/ENST00000405643_REJ.N.fasta,data/coding_sequences/ENST00000405643_REJ.C.fasta
26892,MAST4,microtubule associated serine/threonine kinase family member 4,ENSG00000069020,ENST00000403625,5,7872,3.896085085423285,False,True,MAST4 [ENST00000403625],Human,data/coding_sequences/ENST00000403625_CDS.fasta,data/coding_sequences/ENST00000403625_REJ.N.fasta,data/coding_sequences/ENST00000403625_REJ.C.fasta
28181,MAST4,microtubule associated serine/threonine kinase family member 4,ENSG00000069020,ENST00000403666,5,7305,3.8636202202703154,False,True,MAST4 [ENST00000403666],Human,data/coding_sequences/ENST00000403666_CDS.fasta,data/coding_sequences/ENST00000403666_REJ.N.fasta,data/coding_sequences/ENST00000403666_REJ.C.fasta
4468,MAST4,microtubule associated serine/threonine kinase family member 4,ENSG00000069020,ENST00000261569,5,7290,3.8627275283179747,False,True,MAST4 [ENST00000261569],Human,data/coding_sequences/ENST00000261569_CDS.fasta,data/coding_sequences/ENST00000261569_REJ.N.fasta,data/coding_sequences/ENST00000261569_REJ.C.fasta
99961,MBD5,methyl-CpG binding domain protein 5,ENSG00000204406,ENST00000638043,2,4524,3.6555225962534177,True,True,MBD5 [ENST00000638043],Human,data/coding_sequences/ENST00000638043_CDS.fasta,data/coding_sequences/ENST00000638043_REJ.N.fasta,data/coding_sequences/ENST00000638043_REJ.C.fasta
101317,MBD5,methyl-CpG binding domain protein 5,ENSG00000204406,ENST00000642680,2,5184,3.714664992862537,True,True,MBD5 [ENST00000642680],Human,data/coding_sequences/ENST00000642680_CDS.fasta,data/coding_sequences/ENST00000642680_REJ.N.fasta,data/coding_sequences/ENST00000642680_REJ.C.fasta
7827,MCM3AP,minichromosome maintenance complex component 3 associated protein,ENSG00000160294,ENST00000291688,21,5943,3.7740057302582093,True,True,MCM3AP [ENST00000291688],Human,data/coding_sequences/ENST00000291688_CDS.fasta,data/coding_sequences/ENST00000291688_REJ.N.fasta,data/coding_sequences/ENST00000291688_REJ.C.fasta
26869,MCM3AP,minichromosome maintenance complex component 3 associated protein,ENSG00000160294,ENST00000397708,21,5943,3.7740057302582093,True,True,MCM3AP [ENST00000397708],Human,data/coding_sequences/ENST00000397708_CDS.fasta,data/coding_sequences/ENST00000397708_REJ.N.fasta,data/coding_sequences/ENST00000397708_REJ.C.fasta
41889,MDC1,mediator of DNA damage checkpoint 1,ENSG00000231135,ENST00000435664,CHR_HSCHR6_MHC_SSTO_CTG1,6270,3.7972675408307164,False,True,MDC1 [ENST00000435664],Human,data/coding_sequences/ENST00000435664_CDS.fasta,data/coding_sequences/ENST00000435664_REJ.N.fasta,data/coding_sequences/ENST00000435664_REJ.C.fasta
47422,MDC1,mediator of DNA damage checkpoint 1,ENSG00000237095,ENST00000449153,CHR_HSCHR6_MHC_MCF_CTG1,6270,3.7972675408307164,False,True,MDC1 [ENST00000449153],Human,data/coding_sequences/ENST00000449153_CDS.fasta,data/coding_sequences/ENST00000449153_REJ.N.fasta,data/coding_sequences/ENST00000449153_REJ.C.fasta
33878,MDC1,mediator of DNA damage checkpoint 1,ENSG00000225589,ENST00000420320,CHR_HSCHR6_MHC_DBB_CTG1,6270,3.7972675408307164,False,True,MDC1 [ENST00000420320],Human,data/coding_sequences/ENST00000420320_CDS.fasta,data/coding_sequences/ENST00000420320_REJ.N.fasta,data/coding_sequences/ENST00000420320_REJ.C.fasta
31784,MDC1,mediator of DNA damage checkpoint 1,ENSG00000224587,ENST00000420019,CHR_HSCHR6_MHC_COX_CTG1,6270,3.7972675408307164,False,True,MDC1 [ENST00000420019],Human,data/coding_sequences/ENST00000420019_CDS.fasta,data/coding_sequences/ENST00000420019_REJ.N.fasta,data/coding_sequences/ENST00000420019_REJ.C.fasta
19061,MDC1,mediator of DNA damage checkpoint 1,ENSG00000137337,ENST00000376406,6,6270,3.7972675408307164,False,True,MDC1 [ENST00000376406],Human,data/coding_sequences/ENST00000376406_CDS.fasta,data/coding_sequences/ENST00000376406_REJ.N.fasta,data/coding_sequences/ENST00000376406_REJ.C.fasta
23514,MDC1,mediator of DNA damage checkpoint 1,ENSG00000206481,ENST00000383566,CHR_HSCHR6_MHC_QBL_CTG1,6270,3.7972675408307164,False,True,MDC1 [ENST00000383566],Human,data/coding_sequences/ENST00000383566_CDS.fasta,data/coding_sequences/ENST00000383566_REJ.N.fasta,data/coding_sequences/ENST00000383566_REJ.C.fasta
40916,MDC1,mediator of DNA damage checkpoint 1,ENSG00000228575,ENST00000440369,CHR_HSCHR6_MHC_MANN_CTG1,6270,3.7972675408307164,False,True,MDC1 [ENST00000440369],Human,data/coding_sequences/ENST00000440369_CDS.fasta,data/coding_sequences/ENST00000440369_REJ.N.fasta,data/coding_sequences/ENST00000440369_REJ.C.fasta
39572,MDC1,mediator of DNA damage checkpoint 1,ENSG00000234012,ENST00000427406,CHR_HSCHR6_MHC_APD_CTG1,6270,3.7972675408307164,False,True,MDC1 [ENST00000427406],Human,data/coding_sequences/ENST00000427406_CDS.fasta,data/coding_sequences/ENST00000427406_REJ.N.fasta,data/coding_sequences/ENST00000427406_REJ.C.fasta
6482,MED1,mediator complex subunit 1,ENSG00000125686,ENST00000300651,17,4746,3.6763277338813203,True,True,MED1 [ENST00000300651],Human,data/coding_sequences/ENST00000300651_CDS.fasta,data/coding_sequences/ENST00000300651_REJ.N.fasta,data/coding_sequences/ENST00000300651_REJ.C.fasta
118398,MED12,mediator complex subunit 12,ENSG00000184634,ENST00000691468,X,5697,3.75564621945668,True,True,MED12 [ENST00000691468],Human,data/coding_sequences/ENST00000691468_CDS.fasta,data/coding_sequences/ENST00000691468_REJ.N.fasta,data/coding_sequences/ENST00000691468_REJ.C.fasta
20891,MED12,mediator complex subunit 12,ENSG00000184634,ENST00000374102,X,6543,3.815776920298363,True,True,MED12 [ENST00000374102],Human,data/coding_sequences/ENST00000374102_CDS.fasta,data/coding_sequences/ENST00000374102_REJ.N.fasta,data/coding_sequences/ENST00000374102_REJ.C.fasta
117934,MED12,mediator complex subunit 12,ENSG00000184634,ENST00000690145,X,6540,3.815577748324267,True,True,MED12 [ENST00000690145],Human,data/coding_sequences/ENST00000690145_CDS.fasta,data/coding_sequences/ENST00000690145_REJ.N.fasta,data/coding_sequences/ENST00000690145_REJ.C.fasta
18993,MED12,mediator complex subunit 12,ENSG00000184634,ENST00000374080,X,6534,3.8151791301394185,True,True,MED12 [ENST00000374080],Human,data/coding_sequences/ENST00000374080_CDS.fasta,data/coding_sequences/ENST00000374080_REJ.N.fasta,data/coding_sequences/ENST00000374080_REJ.C.fasta
118546,MED12,mediator complex subunit 12,ENSG00000184634,ENST00000692304,X,6531,3.8149796837607566,True,True,MED12 [ENST00000692304],Human,data/coding_sequences/ENST00000692304_CDS.fasta,data/coding_sequences/ENST00000692304_REJ.N.fasta,data/coding_sequences/ENST00000692304_REJ.C.fasta
118145,MED12,mediator complex subunit 12,ENSG00000184634,ENST00000690242,X,6468,3.8107700112343634,True,True,MED12 [ENST00000690242],Human,data/coding_sequences/ENST00000690242_CDS.fasta,data/coding_sequences/ENST00000690242_REJ.N.fasta,data/coding_sequences/ENST00000690242_REJ.C.fasta
115343,MED12,mediator complex subunit 12,ENSG00000184634,ENST00000687382,X,6459,3.8101652845431495,True,True,MED12 [ENST00000687382],Human,data/coding_sequences/ENST00000687382_CDS.fasta,data/coding_sequences/ENST00000687382_REJ.N.fasta,data/coding_sequences/ENST00000687382_REJ.C.fasta
118036,MED12,mediator complex subunit 12,ENSG00000184634,ENST00000693324,X,5712,3.7567881987681178,True,True,MED12 [ENST00000693324],Human,data/coding_sequences/ENST00000693324_CDS.fasta,data/coding_sequences/ENST00000693324_REJ.N.fasta,data/coding_sequences/ENST00000693324_REJ.C.fasta
11304,MED12,mediator complex subunit 12,ENSG00000184634,ENST00000333646,X,6414,3.8071289555924217,True,True,MED12 [ENST00000333646],Human,data/coding_sequences/ENST00000333646_CDS.fasta,data/coding_sequences/ENST00000333646_REJ.N.fasta,data/coding_sequences/ENST00000333646_REJ.C.fasta
5567,MED12L,mediator complex subunit 12L,ENSG00000144893,ENST00000273432,3,5430,3.734799829588847,True,True,MED12L [ENST00000273432],Human,data/coding_sequences/ENST00000273432_CDS.fasta,data/coding_sequences/ENST00000273432_REJ.N.fasta,data/coding_sequences/ENST00000273432_REJ.C.fasta
114559,MED12L,mediator complex subunit 12L,ENSG00000144893,ENST00000686666,3,4673,3.6695957810243134,True,True,MED12L [ENST00000686666],Human,data/coding_sequences/ENST00000686666_CDS.fasta,data/coding_sequences/ENST00000686666_REJ.N.fasta,data/coding_sequences/ENST00000686666_REJ.C.fasta
114816,MED12L,mediator complex subunit 12L,ENSG00000144893,ENST00000687756,3,6543,3.815776920298363,True,True,MED12L [ENST00000687756],Human,data/coding_sequences/ENST00000687756_CDS.fasta,data/coding_sequences/ENST00000687756_REJ.N.fasta,data/coding_sequences/ENST00000687756_REJ.C.fasta
52776,MED12L,mediator complex subunit 12L,ENSG00000144893,ENST00000474524,3,6438,3.808750972349595,True,True,MED12L [ENST00000474524],Human,data/coding_sequences/ENST00000474524_CDS.fasta,data/coding_sequences/ENST00000474524_REJ.N.fasta,data/coding_sequences/ENST00000474524_REJ.C.fasta
27019,MED13,mediator complex subunit 13,ENSG00000108510,ENST00000397786,17,6525,3.814580516010319,True,True,MED13 [ENST00000397786],Human,data/coding_sequences/ENST00000397786_CDS.fasta,data/coding_sequences/ENST00000397786_REJ.N.fasta,data/coding_sequences/ENST00000397786_REJ.C.fasta
106169,MED13L,mediator complex subunit 13L,ENSG00000123066,ENST00000649607,12,4818,3.6828667956623247,True,True,MED13L [ENST00000649607],Human,data/coding_sequences/ENST00000649607_CDS.fasta,data/coding_sequences/ENST00000649607_REJ.N.fasta,data/coding_sequences/ENST00000649607_REJ.C.fasta
7198,MED13L,mediator complex subunit 13L,ENSG00000123066,ENST00000281928,12,6633,3.8217099972983766,True,True,MED13L [ENST00000281928],Human,data/coding_sequences/ENST00000281928_CDS.fasta,data/coding_sequences/ENST00000281928_REJ.N.fasta,data/coding_sequences/ENST00000281928_REJ.C.fasta
73618,MED13L,mediator complex subunit 13L,ENSG00000123066,ENST00000549786,12,4638,3.6663307443019684,True,True,MED13L [ENST00000549786],Human,data/coding_sequences/ENST00000549786_CDS.fasta,data/coding_sequences/ENST00000549786_REJ.N.fasta,data/coding_sequences/ENST00000549786_REJ.C.fasta
104876,MED13L,mediator complex subunit 13L,ENSG00000123066,ENST00000650226,12,6669,3.824060717418653,True,True,MED13L [ENST00000650226],Human,data/coding_sequences/ENST00000650226_CDS.fasta,data/coding_sequences/ENST00000650226_REJ.N.fasta,data/coding_sequences/ENST00000650226_REJ.C.fasta
14569,MEGF6,multiple EGF like domains 6,ENSG00000162591,ENST00000356575,1,4626,3.6652056284346006,False,True,MEGF6 [ENST00000356575],Human,data/coding_sequences/ENST00000356575_CDS.fasta,data/coding_sequences/ENST00000356575_REJ.N.fasta,data/coding_sequences/ENST00000356575_REJ.C.fasta
81873,MGA,MAX dimerization protein MGA,ENSG00000174197,ENST00000570161,15,7723,3.8877860348383715,False,True,MGA [ENST00000570161],Human,data/coding_sequences/ENST00000570161_CDS.fasta,data/coding_sequences/ENST00000570161_REJ.N.fasta,data/coding_sequences/ENST00000570161_REJ.C.fasta
72948,MGAM,maltase-glucoamylase,ENSG00000257335,ENST00000549489,7,5574,3.7461669643772852,False,True,MGAM [ENST00000549489],Human,data/coding_sequences/ENST00000549489_CDS.fasta,data/coding_sequences/ENST00000549489_REJ.N.fasta,data/coding_sequences/ENST00000549489_REJ.C.fasta
93235,MGAM,maltase-glucoamylase,ENSG00000257335,ENST00000620571,7,5574,3.7461669643772852,False,True,MGAM [ENST00000620571],Human,data/coding_sequences/ENST00000620571_CDS.fasta,data/coding_sequences/ENST00000620571_REJ.N.fasta,data/coding_sequences/ENST00000620571_REJ.C.fasta
96608,MGAM,maltase-glucoamylase,ENSG00000282607,ENST00000632195,CHR_HSCHR7_2_CTG6,6039,3.780965029608317,False,True,MGAM [ENST00000632195],Human,data/coding_sequences/ENST00000632195_CDS.fasta,data/coding_sequences/ENST00000632195_REJ.N.fasta,data/coding_sequences/ENST00000632195_REJ.C.fasta
97512,MGAM2,maltase-glucoamylase 2 (putative),ENSG00000278563,ENST00000632823,CHR_HSCHR7_2_CTG6,7548,3.8778318914928938,False,True,MGAM2 [ENST00000632823],Human,data/coding_sequences/ENST00000632823_CDS.fasta,data/coding_sequences/ENST00000632823_REJ.N.fasta,data/coding_sequences/ENST00000632823_REJ.C.fasta
51109,MGAM2,maltase-glucoamylase 2 (putative),ENSG00000257743,ENST00000477922,7,7548,3.8778318914928938,False,True,MGAM2 [ENST00000477922],Human,data/coding_sequences/ENST00000477922_CDS.fasta,data/coding_sequences/ENST00000477922_REJ.N.fasta,data/coding_sequences/ENST00000477922_REJ.C.fasta
13728,MIA3,MIA SH3 domain ER export factor 3,ENSG00000154305,ENST00000344922,1,5724,3.7576996250877386,False,True,MIA3 [ENST00000344922],Human,data/coding_sequences/ENST00000344922_CDS.fasta,data/coding_sequences/ENST00000344922_REJ.N.fasta,data/coding_sequences/ENST00000344922_REJ.C.fasta
103466,MICAL2,"microtubule associated monooxygenase, calponin and LIM domain containing 2",ENSG00000133816,ENST00000646065,11,5874,3.7689339421867816,False,True,MICAL2 [ENST00000646065],Human,data/coding_sequences/ENST00000646065_CDS.fasta,data/coding_sequences/ENST00000646065_REJ.N.fasta,data/coding_sequences/ENST00000646065_REJ.C.fasta
40811,MICAL3,"microtubule associated monooxygenase, calponin and LIM domain containing 3",ENSG00000243156,ENST00000441493,22,6009,3.7788022040132385,False,True,MICAL3 [ENST00000441493],Human,data/coding_sequences/ENST00000441493_CDS.fasta,data/coding_sequences/ENST00000441493_REJ.N.fasta,data/coding_sequences/ENST00000441493_REJ.C.fasta
98468,MON2,"MON2 homolog, regulator of endosome-to-Golgi trafficking",ENSG00000061987,ENST00000641654,12,5157,3.712397131406715,False,True,MON2 [ENST00000641654],Human,data/coding_sequences/ENST00000641654_CDS.fasta,data/coding_sequences/ENST00000641654_REJ.N.fasta,data/coding_sequences/ENST00000641654_REJ.C.fasta
24783,MON2,"MON2 homolog, regulator of endosome-to-Golgi trafficking",ENSG00000061987,ENST00000393630,12,5154,3.712144414214886,False,True,MON2 [ENST00000393630],Human,data/coding_sequences/ENST00000393630_CDS.fasta,data/coding_sequences/ENST00000393630_REJ.N.fasta,data/coding_sequences/ENST00000393630_REJ.C.fasta
24738,MON2,"MON2 homolog, regulator of endosome-to-Golgi trafficking",ENSG00000061987,ENST00000393629,12,5136,3.710625015060797,False,True,MON2 [ENST00000393629],Human,data/coding_sequences/ENST00000393629_CDS.fasta,data/coding_sequences/ENST00000393629_REJ.N.fasta,data/coding_sequences/ENST00000393629_REJ.C.fasta
71203,MON2,"MON2 homolog, regulator of endosome-to-Golgi trafficking",ENSG00000061987,ENST00000546600,12,5028,3.7013952690139202,False,True,MON2 [ENST00000546600],Human,data/coding_sequences/ENST00000546600_CDS.fasta,data/coding_sequences/ENST00000546600_REJ.N.fasta,data/coding_sequences/ENST00000546600_REJ.C.fasta
74241,MON2,"MON2 homolog, regulator of endosome-to-Golgi trafficking",ENSG00000061987,ENST00000552738,12,5067,3.704750904290671,False,True,MON2 [ENST00000552738],Human,data/coding_sequences/ENST00000552738_CDS.fasta,data/coding_sequences/ENST00000552738_REJ.N.fasta,data/coding_sequences/ENST00000552738_REJ.C.fasta
10812,MPDZ,multiple PDZ domain crumbs cell polarity complex component,ENSG00000107186,ENST00000319217,9,6213,3.793301353613115,True,True,MPDZ [ENST00000319217],Human,data/coding_sequences/ENST00000319217_CDS.fasta,data/coding_sequences/ENST00000319217_REJ.N.fasta,data/coding_sequences/ENST00000319217_REJ.C.fasta
74161,MPDZ,multiple PDZ domain crumbs cell polarity complex component,ENSG00000107186,ENST00000541718,9,6126,3.787176992470554,True,True,MPDZ [ENST00000541718],Human,data/coding_sequences/ENST00000541718_CDS.fasta,data/coding_sequences/ENST00000541718_REJ.N.fasta,data/coding_sequences/ENST00000541718_REJ.C.fasta
69977,MPDZ,multiple PDZ domain crumbs cell polarity complex component,ENSG00000107186,ENST00000536827,9,6027,3.7801011914679115,True,True,MPDZ [ENST00000536827],Human,data/coding_sequences/ENST00000536827_CDS.fasta,data/coding_sequences/ENST00000536827_REJ.N.fasta,data/coding_sequences/ENST00000536827_REJ.C.fasta
71950,MPDZ,multiple PDZ domain crumbs cell polarity complex component,ENSG00000107186,ENST00000546205,9,6255,3.796227314029439,True,True,MPDZ [ENST00000546205],Human,data/coding_sequences/ENST00000546205_CDS.fasta,data/coding_sequences/ENST00000546205_REJ.N.fasta,data/coding_sequences/ENST00000546205_REJ.C.fasta
44777,MPDZ,multiple PDZ domain crumbs cell polarity complex component,ENSG00000107186,ENST00000447879,9,6114,3.78632543439007,True,True,MPDZ [ENST00000447879],Human,data/coding_sequences/ENST00000447879_CDS.fasta,data/coding_sequences/ENST00000447879_REJ.N.fasta,data/coding_sequences/ENST00000447879_REJ.C.fasta
105780,MPRIP,myosin phosphatase Rho interacting protein,ENSG00000133030,ENST00000651222,17,7278,3.8620120512502165,False,True,MPRIP [ENST00000651222],Human,data/coding_sequences/ENST00000651222_CDS.fasta,data/coding_sequences/ENST00000651222_REJ.N.fasta,data/coding_sequences/ENST00000651222_REJ.C.fasta
4796,MPRIP,myosin phosphatase Rho interacting protein,ENSG00000133030,ENST00000313485,17,5385,3.7311857076340003,False,True,MPRIP [ENST00000313485],Human,data/coding_sequences/ENST00000313485_CDS.fasta,data/coding_sequences/ENST00000313485_REJ.N.fasta,data/coding_sequences/ENST00000313485_REJ.C.fasta
66065,MROH1,maestro heat like repeat family member 1,ENSG00000179832,ENST00000534366,8,4899,3.6901074394563307,False,True,MROH1 [ENST00000534366],Human,data/coding_sequences/ENST00000534366_CDS.fasta,data/coding_sequences/ENST00000534366_REJ.N.fasta,data/coding_sequences/ENST00000534366_REJ.C.fasta
9457,MROH1,maestro heat like repeat family member 1,ENSG00000179832,ENST00000326134,8,4926,3.6924944075030846,False,True,MROH1 [ENST00000326134],Human,data/coding_sequences/ENST00000326134_CDS.fasta,data/coding_sequences/ENST00000326134_REJ.N.fasta,data/coding_sequences/ENST00000326134_REJ.C.fasta
63928,MROH1,maestro heat like repeat family member 1,ENSG00000179832,ENST00000528919,8,4926,3.6924944075030846,False,True,MROH1 [ENST00000528919],Human,data/coding_sequences/ENST00000528919_CDS.fasta,data/coding_sequences/ENST00000528919_REJ.N.fasta,data/coding_sequences/ENST00000528919_REJ.C.fasta
87558,MROH2A,maestro heat like repeat family member 2A,ENSG00000185038,ENST00000610772,2,5067,3.704750904290671,False,True,MROH2A [ENST00000610772],Human,data/coding_sequences/ENST00000610772_CDS.fasta,data/coding_sequences/ENST00000610772_REJ.N.fasta,data/coding_sequences/ENST00000610772_REJ.C.fasta
22307,MROH2A,maestro heat like repeat family member 2A,ENSG00000185038,ENST00000389758,2,5025,3.7011360660925265,False,True,MROH2A [ENST00000389758],Human,data/coding_sequences/ENST00000389758_CDS.fasta,data/coding_sequences/ENST00000389758_REJ.N.fasta,data/coding_sequences/ENST00000389758_REJ.C.fasta
29974,MROH2B,maestro heat like repeat family member 2B,ENSG00000171495,ENST00000399564,5,4758,3.6774244377012475,False,True,MROH2B [ENST00000399564],Human,data/coding_sequences/ENST00000399564_CDS.fasta,data/coding_sequences/ENST00000399564_REJ.N.fasta,data/coding_sequences/ENST00000399564_REJ.C.fasta
15294,MTCL1,microtubule crosslinking factor 1,ENSG00000168502,ENST00000359865,18,4761,3.6776981814745104,False,True,MTCL1 [ENST00000359865],Human,data/coding_sequences/ENST00000359865_CDS.fasta,data/coding_sequences/ENST00000359865_REJ.N.fasta,data/coding_sequences/ENST00000359865_REJ.C.fasta
117204,MTCL1,microtubule crosslinking factor 1,ENSG00000168502,ENST00000695636,18,6036,3.7807492311035524,False,True,MTCL1 [ENST00000695636],Human,data/coding_sequences/ENST00000695636_CDS.fasta,data/coding_sequences/ENST00000695636_REJ.N.fasta,data/coding_sequences/ENST00000695636_REJ.C.fasta
60737,MTCL1,microtubule crosslinking factor 1,ENSG00000168502,ENST00000517570,18,4638,3.6663307443019684,False,True,MTCL1 [ENST00000517570],Human,data/coding_sequences/ENST00000517570_CDS.fasta,data/coding_sequences/ENST00000517570_REJ.N.fasta,data/coding_sequences/ENST00000517570_REJ.C.fasta
4697,MTCL1,microtubule crosslinking factor 1,ENSG00000168502,ENST00000306329,18,5718,3.75724415102197,False,True,MTCL1 [ENST00000306329],Human,data/coding_sequences/ENST00000306329_CDS.fasta,data/coding_sequences/ENST00000306329_REJ.N.fasta,data/coding_sequences/ENST00000306329_REJ.C.fasta
116484,MTCL1,microtubule crosslinking factor 1,ENSG00000168502,ENST00000695635,18,5913,3.771807878999106,False,True,MTCL1 [ENST00000695635],Human,data/coding_sequences/ENST00000695635_CDS.fasta,data/coding_sequences/ENST00000695635_REJ.N.fasta,data/coding_sequences/ENST00000695635_REJ.C.fasta
119157,MTOR,mechanistic target of rapamycin kinase,ENSG00000198793,ENST00000703140,1,7437,3.871397781487484,True,True,MTOR [ENST00000703140],Human,data/coding_sequences/ENST00000703140_CDS.fasta,data/coding_sequences/ENST00000703140_REJ.N.fasta,data/coding_sequences/ENST00000703140_REJ.C.fasta
119290,MTOR,mechanistic target of rapamycin kinase,ENSG00000198793,ENST00000703141,1,4773,3.678791434366244,True,True,MTOR [ENST00000703141],Human,data/coding_sequences/ENST00000703141_CDS.fasta,data/coding_sequences/ENST00000703141_REJ.N.fasta,data/coding_sequences/ENST00000703141_REJ.C.fasta
16406,MTOR,mechanistic target of rapamycin kinase,ENSG00000198793,ENST00000361445,1,7650,3.8836614351536176,True,True,MTOR [ENST00000361445],Human,data/coding_sequences/ENST00000361445_CDS.fasta,data/coding_sequences/ENST00000361445_REJ.N.fasta,data/coding_sequences/ENST00000361445_REJ.C.fasta
120445,MTOR,mechanistic target of rapamycin kinase,ENSG00000198793,ENST00000703118,1,4524,3.6555225962534177,True,True,MTOR [ENST00000703118],Human,data/coding_sequences/ENST00000703118_CDS.fasta,data/coding_sequences/ENST00000703118_REJ.N.fasta,data/coding_sequences/ENST00000703118_REJ.C.fasta
93473,MUC2,"mucin 2, oligomeric mucus/gel-forming",ENSG00000278466,ENST00000622511,CHR_HSCHR11_3_CTG1,5337,3.7272972028035873,False,True,MUC2 [ENST00000622511],Human,data/coding_sequences/ENST00000622511_CDS.fasta,data/coding_sequences/ENST00000622511_REJ.N.fasta,data/coding_sequences/ENST00000622511_REJ.C.fasta
74715,MUC22,mucin 22,ENSG00000261272,ENST00000561890,6,5322,3.72607487021537,False,True,MUC22 [ENST00000561890],Human,data/coding_sequences/ENST00000561890_CDS.fasta,data/coding_sequences/ENST00000561890_REJ.N.fasta,data/coding_sequences/ENST00000561890_REJ.C.fasta
90795,MUC4,"mucin 4, cell surface associated",ENSG00000273984,ENST00000612020,CHR_HSCHR3_7_CTG3,6417,3.8073320392911905,False,True,MUC4 [ENST00000612020],Human,data/coding_sequences/ENST00000612020_CDS.fasta,data/coding_sequences/ENST00000612020_REJ.N.fasta,data/coding_sequences/ENST00000612020_REJ.C.fasta
92125,MUC4,"mucin 4, cell surface associated",ENSG00000278303,ENST00000619402,CHR_HSCHR3_5_CTG3,6417,3.8073320392911905,False,True,MUC4 [ENST00000619402],Human,data/coding_sequences/ENST00000619402_CDS.fasta,data/coding_sequences/ENST00000619402_REJ.N.fasta,data/coding_sequences/ENST00000619402_REJ.C.fasta
94525,MUC4,"mucin 4, cell surface associated",ENSG00000278468,ENST00000618077,CHR_HSCHR3_4_CTG3,6417,3.8073320392911905,False,True,MUC4 [ENST00000618077],Human,data/coding_sequences/ENST00000618077_CDS.fasta,data/coding_sequences/ENST00000618077_REJ.N.fasta,data/coding_sequences/ENST00000618077_REJ.C.fasta
31647,MUC6,"mucin 6, oligomeric mucus/gel-forming",ENSG00000184956,ENST00000421673,11,7320,3.864511081058392,False,True,MUC6 [ENST00000421673],Human,data/coding_sequences/ENST00000421673_CDS.fasta,data/coding_sequences/ENST00000421673_REJ.N.fasta,data/coding_sequences/ENST00000421673_REJ.C.fasta
101023,MUC6,"mucin 6, oligomeric mucus/gel-forming",ENSG00000283350,ENST00000636545,CHR_HG107_PATCH,7320,3.864511081058392,False,True,MUC6 [ENST00000636545],Human,data/coding_sequences/ENST00000636545_CDS.fasta,data/coding_sequences/ENST00000636545_REJ.N.fasta,data/coding_sequences/ENST00000636545_REJ.C.fasta
716,MYH1,myosin heavy chain 1,ENSG00000109061,ENST00000226207,17,5820,3.7649229846498886,False,True,MYH1 [ENST00000226207],Human,data/coding_sequences/ENST00000226207_CDS.fasta,data/coding_sequences/ENST00000226207_REJ.N.fasta,data/coding_sequences/ENST00000226207_REJ.C.fasta
117462,MYH10,myosin heavy chain 10,ENSG00000133026,ENST00000693441,17,6024,3.7798849631926443,False,True,MYH10 [ENST00000693441],Human,data/coding_sequences/ENST00000693441_CDS.fasta,data/coding_sequences/ENST00000693441_REJ.N.fasta,data/coding_sequences/ENST00000693441_REJ.C.fasta
114874,MYH10,myosin heavy chain 10,ENSG00000133026,ENST00000687178,17,5958,3.775100498879025,False,True,MYH10 [ENST00000687178],Human,data/coding_sequences/ENST00000687178_CDS.fasta,data/coding_sequences/ENST00000687178_REJ.N.fasta,data/coding_sequences/ENST00000687178_REJ.C.fasta
118288,MYH10,myosin heavy chain 10,ENSG00000133026,ENST00000692526,17,5961,3.7753191218294777,False,True,MYH10 [ENST00000692526],Human,data/coding_sequences/ENST00000692526_CDS.fasta,data/coding_sequences/ENST00000692526_REJ.N.fasta,data/coding_sequences/ENST00000692526_REJ.C.fasta
8652,MYH10,myosin heavy chain 10,ENSG00000133026,ENST00000269243,17,5931,3.773127924033335,False,True,MYH10 [ENST00000269243],Human,data/coding_sequences/ENST00000269243_CDS.fasta,data/coding_sequences/ENST00000269243_REJ.N.fasta,data/coding_sequences/ENST00000269243_REJ.C.fasta
25535,MYH10,myosin heavy chain 10,ENSG00000133026,ENST00000379980,17,5958,3.775100498879025,False,True,MYH10 [ENST00000379980],Human,data/coding_sequences/ENST00000379980_CDS.fasta,data/coding_sequences/ENST00000379980_REJ.N.fasta,data/coding_sequences/ENST00000379980_REJ.C.fasta
114822,MYH10,myosin heavy chain 10,ENSG00000133026,ENST00000684843,17,5961,3.7753191218294777,False,True,MYH10 [ENST00000684843],Human,data/coding_sequences/ENST00000684843_CDS.fasta,data/coding_sequences/ENST00000684843_REJ.N.fasta,data/coding_sequences/ENST00000684843_REJ.C.fasta
114478,MYH10,myosin heavy chain 10,ENSG00000133026,ENST00000686654,17,6024,3.7798849631926443,False,True,MYH10 [ENST00000686654],Human,data/coding_sequences/ENST00000686654_CDS.fasta,data/coding_sequences/ENST00000686654_REJ.N.fasta,data/coding_sequences/ENST00000686654_REJ.C.fasta
16346,MYH10,myosin heavy chain 10,ENSG00000133026,ENST00000360416,17,6024,3.7798849631926443,False,True,MYH10 [ENST00000360416],Human,data/coding_sequences/ENST00000360416_CDS.fasta,data/coding_sequences/ENST00000360416_REJ.N.fasta,data/coding_sequences/ENST00000360416_REJ.C.fasta
116255,MYH10,myosin heavy chain 10,ENSG00000133026,ENST00000688902,17,6024,3.7798849631926443,False,True,MYH10 [ENST00000688902],Human,data/coding_sequences/ENST00000688902_CDS.fasta,data/coding_sequences/ENST00000688902_REJ.N.fasta,data/coding_sequences/ENST00000688902_REJ.C.fasta
5114,MYH11,myosin heavy chain 11,ENSG00000133392,ENST00000300036,16,5919,3.7722483399718536,True,True,MYH11 [ENST00000300036],Human,data/coding_sequences/ENST00000300036_CDS.fasta,data/coding_sequences/ENST00000300036_REJ.N.fasta,data/coding_sequences/ENST00000300036_REJ.C.fasta
88189,MYH11,myosin heavy chain 11,ENSG00000276480,ENST00000612165,CHR_HSCHR16_1_CTG1,5838,3.7662640906519957,True,True,MYH11 [ENST00000612165],Human,data/coding_sequences/ENST00000612165_CDS.fasta,data/coding_sequences/ENST00000612165_REJ.N.fasta,data/coding_sequences/ENST00000612165_REJ.C.fasta
91425,MYH11,myosin heavy chain 11,ENSG00000276480,ENST00000621545,CHR_HSCHR16_1_CTG1,5940,3.7737864449811935,True,True,MYH11 [ENST00000621545],Human,data/coding_sequences/ENST00000621545_CDS.fasta,data/coding_sequences/ENST00000621545_REJ.N.fasta,data/coding_sequences/ENST00000621545_REJ.C.fasta
92651,MYH11,myosin heavy chain 11,ENSG00000276480,ENST00000616422,CHR_HSCHR16_1_CTG1,5817,3.7646990637983677,True,True,MYH11 [ENST00000616422],Human,data/coding_sequences/ENST00000616422_CDS.fasta,data/coding_sequences/ENST00000616422_REJ.N.fasta,data/coding_sequences/ENST00000616422_REJ.C.fasta
47745,MYH11,myosin heavy chain 11,ENSG00000133392,ENST00000452625,16,5838,3.7662640906519957,True,True,MYH11 [ENST00000452625],Human,data/coding_sequences/ENST00000452625_CDS.fasta,data/coding_sequences/ENST00000452625_REJ.N.fasta,data/coding_sequences/ENST00000452625_REJ.C.fasta
27817,MYH11,myosin heavy chain 11,ENSG00000133392,ENST00000396324,16,5940,3.7737864449811935,True,True,MYH11 [ENST00000396324],Human,data/coding_sequences/ENST00000396324_CDS.fasta,data/coding_sequences/ENST00000396324_REJ.N.fasta,data/coding_sequences/ENST00000396324_REJ.C.fasta
82552,MYH11,myosin heavy chain 11,ENSG00000133392,ENST00000576790,16,5817,3.7646990637983677,True,True,MYH11 [ENST00000576790],Human,data/coding_sequences/ENST00000576790_CDS.fasta,data/coding_sequences/ENST00000576790_REJ.N.fasta,data/coding_sequences/ENST00000576790_REJ.C.fasta
95536,MYH11,myosin heavy chain 11,ENSG00000276480,ENST00000634050,CHR_HSCHR16_1_CTG1,5919,3.7722483399718536,True,True,MYH11 [ENST00000634050],Human,data/coding_sequences/ENST00000634050_CDS.fasta,data/coding_sequences/ENST00000634050_REJ.N.fasta,data/coding_sequences/ENST00000634050_REJ.C.fasta
1444,MYH13,myosin heavy chain 13,ENSG00000006788,ENST00000252172,17,5817,3.7646990637983677,False,True,MYH13 [ENST00000252172],Human,data/coding_sequences/ENST00000252172_CDS.fasta,data/coding_sequences/ENST00000252172_REJ.N.fasta,data/coding_sequences/ENST00000252172_REJ.C.fasta
35213,MYH13,myosin heavy chain 13,ENSG00000006788,ENST00000418404,17,5817,3.7646990637983677,False,True,MYH13 [ENST00000418404],Human,data/coding_sequences/ENST00000418404_CDS.fasta,data/coding_sequences/ENST00000418404_REJ.N.fasta,data/coding_sequences/ENST00000418404_REJ.C.fasta
92014,MYH13,myosin heavy chain 13,ENSG00000006788,ENST00000621918,17,5817,3.7646990637983677,False,True,MYH13 [ENST00000621918],Human,data/coding_sequences/ENST00000621918_CDS.fasta,data/coding_sequences/ENST00000621918_REJ.N.fasta,data/coding_sequences/ENST00000621918_REJ.C.fasta
90347,MYH14,myosin heavy chain 14,ENSG00000105357,ENST00000598205,19,6012,3.7790189719148706,True,True,MYH14 [ENST00000598205],Human,data/coding_sequences/ENST00000598205_CDS.fasta,data/coding_sequences/ENST00000598205_REJ.N.fasta,data/coding_sequences/ENST00000598205_REJ.C.fasta
36815,MYH14,myosin heavy chain 14,ENSG00000105357,ENST00000425460,19,6012,3.7790189719148706,True,True,MYH14 [ENST00000425460],Human,data/coding_sequences/ENST00000425460_CDS.fasta,data/coding_sequences/ENST00000425460_REJ.N.fasta,data/coding_sequences/ENST00000425460_REJ.C.fasta
89051,MYH14,myosin heavy chain 14,ENSG00000105357,ENST00000596571,19,5988,3.777281791671015,True,True,MYH14 [ENST00000596571],Human,data/coding_sequences/ENST00000596571_CDS.fasta,data/coding_sequences/ENST00000596571_REJ.N.fasta,data/coding_sequences/ENST00000596571_REJ.C.fasta
101171,MYH14,myosin heavy chain 14,ENSG00000105357,ENST00000642316,19,6111,3.7861122837198264,True,True,MYH14 [ENST00000642316],Human,data/coding_sequences/ENST00000642316_CDS.fasta,data/coding_sequences/ENST00000642316_REJ.N.fasta,data/coding_sequences/ENST00000642316_REJ.C.fasta
26675,MYH14,myosin heavy chain 14,ENSG00000105357,ENST00000376970,19,5988,3.777281791671015,True,True,MYH14 [ENST00000376970],Human,data/coding_sequences/ENST00000376970_CDS.fasta,data/coding_sequences/ENST00000376970_REJ.N.fasta,data/coding_sequences/ENST00000376970_REJ.C.fasta
5924,MYH15,myosin heavy chain 15,ENSG00000144821,ENST00000273353,3,5781,3.7620029693751156,False,True,MYH15 [ENST00000273353],Human,data/coding_sequences/ENST00000273353_CDS.fasta,data/coding_sequences/ENST00000273353_REJ.N.fasta,data/coding_sequences/ENST00000273353_REJ.C.fasta
118209,MYH15,myosin heavy chain 15,ENSG00000144821,ENST00000693548,3,5781,3.7620029693751156,False,True,MYH15 [ENST00000693548],Human,data/coding_sequences/ENST00000693548_CDS.fasta,data/coding_sequences/ENST00000693548_REJ.N.fasta,data/coding_sequences/ENST00000693548_REJ.C.fasta
117695,MYH15,myosin heavy chain 15,ENSG00000144821,ENST00000689784,3,4800,3.681241237375587,False,True,MYH15 [ENST00000689784],Human,data/coding_sequences/ENST00000689784_CDS.fasta,data/coding_sequences/ENST00000689784_REJ.N.fasta,data/coding_sequences/ENST00000689784_REJ.C.fasta
30858,MYH2,myosin heavy chain 2,ENSG00000125414,ENST00000397183,17,5826,3.7653704802916486,True,True,MYH2 [ENST00000397183],Human,data/coding_sequences/ENST00000397183_CDS.fasta,data/coding_sequences/ENST00000397183_REJ.N.fasta,data/coding_sequences/ENST00000397183_REJ.C.fasta
2112,MYH2,myosin heavy chain 2,ENSG00000125414,ENST00000245503,17,5826,3.7653704802916486,True,True,MYH2 [ENST00000245503],Human,data/coding_sequences/ENST00000245503_CDS.fasta,data/coding_sequences/ENST00000245503_REJ.N.fasta,data/coding_sequences/ENST00000245503_REJ.C.fasta
84886,MYH3,myosin heavy chain 3,ENSG00000109063,ENST00000583535,17,5823,3.7651467901080253,True,True,MYH3 [ENST00000583535],Human,data/coding_sequences/ENST00000583535_CDS.fasta,data/coding_sequences/ENST00000583535_REJ.N.fasta,data/coding_sequences/ENST00000583535_REJ.C.fasta
2507,MYH4,myosin heavy chain 4,ENSG00000264424,ENST00000255381,17,5820,3.7649229846498886,False,True,MYH4 [ENST00000255381],Human,data/coding_sequences/ENST00000255381_CDS.fasta,data/coding_sequences/ENST00000255381_REJ.N.fasta,data/coding_sequences/ENST00000255381_REJ.C.fasta
27643,MYH6,myosin heavy chain 6,ENSG00000197616,ENST00000405093,14,5820,3.7649229846498886,True,True,MYH6 [ENST00000405093],Human,data/coding_sequences/ENST00000405093_CDS.fasta,data/coding_sequences/ENST00000405093_REJ.N.fasta,data/coding_sequences/ENST00000405093_REJ.C.fasta
16625,MYH7,myosin heavy chain 7,ENSG00000092054,ENST00000355349,14,5808,3.7640266076920375,True,True,MYH7 [ENST00000355349],Human,data/coding_sequences/ENST00000355349_CDS.fasta,data/coding_sequences/ENST00000355349_REJ.N.fasta,data/coding_sequences/ENST00000355349_REJ.C.fasta
4195,MYH7B,myosin heavy chain 7B,ENSG00000078814,ENST00000262873,20,5826,3.7653704802916486,False,True,MYH7B [ENST00000262873],Human,data/coding_sequences/ENST00000262873_CDS.fasta,data/coding_sequences/ENST00000262873_REJ.N.fasta,data/coding_sequences/ENST00000262873_REJ.C.fasta
93605,MYH7B,myosin heavy chain 7B,ENSG00000078814,ENST00000618182,20,5949,3.774443968924965,False,True,MYH7B [ENST00000618182],Human,data/coding_sequences/ENST00000618182_CDS.fasta,data/coding_sequences/ENST00000618182_REJ.N.fasta,data/coding_sequences/ENST00000618182_REJ.C.fasta
29013,MYH8,myosin heavy chain 8,ENSG00000133020,ENST00000403437,17,5814,3.764475027434409,True,True,MYH8 [ENST00000403437],Human,data/coding_sequences/ENST00000403437_CDS.fasta,data/coding_sequences/ENST00000403437_REJ.N.fasta,data/coding_sequences/ENST00000403437_REJ.C.fasta
116223,MYH9,myosin heavy chain 9,ENSG00000100345,ENST00000685801,22,5946,3.774224904868919,True,True,MYH9 [ENST00000685801],Human,data/coding_sequences/ENST00000685801_CDS.fasta,data/coding_sequences/ENST00000685801_REJ.N.fasta,data/coding_sequences/ENST00000685801_REJ.C.fasta
443,MYH9,myosin heavy chain 9,ENSG00000100345,ENST00000216181,22,5883,3.7695988483874463,True,True,MYH9 [ENST00000216181],Human,data/coding_sequences/ENST00000216181_CDS.fasta,data/coding_sequences/ENST00000216181_REJ.N.fasta,data/coding_sequences/ENST00000216181_REJ.C.fasta
115882,MYLK,myosin light chain kinase,ENSG00000065534,ENST00000687848,3,5775,3.761551988564182,True,True,MYLK [ENST00000687848],Human,data/coding_sequences/ENST00000687848_CDS.fasta,data/coding_sequences/ENST00000687848_REJ.N.fasta,data/coding_sequences/ENST00000687848_REJ.C.fasta
17334,MYLK,myosin light chain kinase,ENSG00000065534,ENST00000360304,3,5745,3.759290033024304,True,True,MYLK [ENST00000360304],Human,data/coding_sequences/ENST00000360304_CDS.fasta,data/coding_sequences/ENST00000360304_REJ.N.fasta,data/coding_sequences/ENST00000360304_REJ.C.fasta
117149,MYLK,myosin light chain kinase,ENSG00000065534,ENST00000690457,3,4983,3.697490887171057,True,True,MYLK [ENST00000690457],Human,data/coding_sequences/ENST00000690457_CDS.fasta,data/coding_sequences/ENST00000690457_REJ.N.fasta,data/coding_sequences/ENST00000690457_REJ.C.fasta
12745,MYLK,myosin light chain kinase,ENSG00000065534,ENST00000346322,3,5385,3.7311857076340003,True,True,MYLK [ENST00000346322],Human,data/coding_sequences/ENST00000346322_CDS.fasta,data/coding_sequences/ENST00000346322_REJ.N.fasta,data/coding_sequences/ENST00000346322_REJ.C.fasta
115609,MYLK,myosin light chain kinase,ENSG00000065534,ENST00000686406,3,5742,3.759063188160487,True,True,MYLK [ENST00000686406],Human,data/coding_sequences/ENST00000686406_CDS.fasta,data/coding_sequences/ENST00000686406_REJ.N.fasta,data/coding_sequences/ENST00000686406_REJ.C.fasta
15417,MYLK,myosin light chain kinase,ENSG00000065534,ENST00000360772,3,5592,3.747567162737625,True,True,MYLK [ENST00000360772],Human,data/coding_sequences/ENST00000360772_CDS.fasta,data/coding_sequences/ENST00000360772_REJ.N.fasta,data/coding_sequences/ENST00000360772_REJ.C.fasta
115676,MYLK,myosin light chain kinase,ENSG00000065534,ENST00000686761,3,5745,3.759290033024304,True,True,MYLK [ENST00000686761],Human,data/coding_sequences/ENST00000686761_CDS.fasta,data/coding_sequences/ENST00000686761_REJ.N.fasta,data/coding_sequences/ENST00000686761_REJ.C.fasta
118034,MYLK,myosin light chain kinase,ENSG00000065534,ENST00000693689,3,5538,3.743352951409556,True,True,MYLK [ENST00000693689],Human,data/coding_sequences/ENST00000693689_CDS.fasta,data/coding_sequences/ENST00000693689_REJ.N.fasta,data/coding_sequences/ENST00000693689_REJ.C.fasta
58701,MYO10,myosin X,ENSG00000145555,ENST00000513610,5,6177,3.7907776013376937,False,True,MYO10 [ENST00000513610],Human,data/coding_sequences/ENST00000513610_CDS.fasta,data/coding_sequences/ENST00000513610_REJ.N.fasta,data/coding_sequences/ENST00000513610_REJ.C.fasta
4670,MYO10,myosin X,ENSG00000145555,ENST00000274203,5,6210,3.79309160017658,False,True,MYO10 [ENST00000274203],Human,data/coding_sequences/ENST00000274203_CDS.fasta,data/coding_sequences/ENST00000274203_REJ.N.fasta,data/coding_sequences/ENST00000274203_REJ.C.fasta
100893,MYO15B,myosin XVB,ENSG00000266714,ENST00000642007,17,4770,3.678518379040114,False,True,MYO15B [ENST00000642007],Human,data/coding_sequences/ENST00000642007_CDS.fasta,data/coding_sequences/ENST00000642007_REJ.N.fasta,data/coding_sequences/ENST00000642007_REJ.C.fasta
17473,MYO16,myosin XVI,ENSG00000041515,ENST00000356711,13,5577,3.746400644491561,False,True,MYO16 [ENST00000356711],Human,data/coding_sequences/ENST00000356711_CDS.fasta,data/coding_sequences/ENST00000356711_REJ.N.fasta,data/coding_sequences/ENST00000356711_REJ.C.fasta
46849,MYO16,myosin XVI,ENSG00000041515,ENST00000457511,13,5643,3.751510050270041,False,True,MYO16 [ENST00000457511],Human,data/coding_sequences/ENST00000457511_CDS.fasta,data/coding_sequences/ENST00000457511_REJ.N.fasta,data/coding_sequences/ENST00000457511_REJ.C.fasta
68415,MYO18A,myosin XVIIIA,ENSG00000196535,ENST00000531253,17,6120,3.7867514221455614,False,True,MYO18A [ENST00000531253],Human,data/coding_sequences/ENST00000531253_CDS.fasta,data/coding_sequences/ENST00000531253_REJ.N.fasta,data/coding_sequences/ENST00000531253_REJ.C.fasta
67467,MYO18A,myosin XVIIIA,ENSG00000196535,ENST00000533112,17,6009,3.7788022040132385,False,True,MYO18A [ENST00000533112],Human,data/coding_sequences/ENST00000533112_CDS.fasta,data/coding_sequences/ENST00000533112_REJ.N.fasta,data/coding_sequences/ENST00000533112_REJ.C.fasta
121278,MYO18A,myosin XVIIIA,ENSG00000196535,ENST00000704659,17,6156,3.789298611159441,False,True,MYO18A [ENST00000704659],Human,data/coding_sequences/ENST00000704659_CDS.fasta,data/coding_sequences/ENST00000704659_REJ.N.fasta,data/coding_sequences/ENST00000704659_REJ.C.fasta
65870,MYO18A,myosin XVIIIA,ENSG00000196535,ENST00000527372,17,6165,3.7899330809317506,False,True,MYO18A [ENST00000527372],Human,data/coding_sequences/ENST00000527372_CDS.fasta,data/coding_sequences/ENST00000527372_REJ.N.fasta,data/coding_sequences/ENST00000527372_REJ.C.fasta
27747,MYO18B,myosin XVIIIB,ENSG00000133454,ENST00000407587,22,7707,3.8868853589860084,True,True,MYO18B [ENST00000407587],Human,data/coding_sequences/ENST00000407587_CDS.fasta,data/coding_sequences/ENST00000407587_REJ.N.fasta,data/coding_sequences/ENST00000407587_REJ.C.fasta
12613,MYO18B,myosin XVIIIB,ENSG00000133454,ENST00000335473,22,7704,3.8867162741164782,True,True,MYO18B [ENST00000335473],Human,data/coding_sequences/ENST00000335473_CDS.fasta,data/coding_sequences/ENST00000335473_REJ.N.fasta,data/coding_sequences/ENST00000335473_REJ.C.fasta
69008,MYO18B,myosin XVIIIB,ENSG00000133454,ENST00000536101,22,7704,3.8867162741164782,True,True,MYO18B [ENST00000536101],Human,data/coding_sequences/ENST00000536101_CDS.fasta,data/coding_sequences/ENST00000536101_REJ.N.fasta,data/coding_sequences/ENST00000536101_REJ.C.fasta
103329,MYO3A,myosin IIIA,ENSG00000095777,ENST00000642920,10,4851,3.6858312746260635,True,True,MYO3A [ENST00000642920],Human,data/coding_sequences/ENST00000642920_CDS.fasta,data/coding_sequences/ENST00000642920_REJ.N.fasta,data/coding_sequences/ENST00000642920_REJ.C.fasta
75965,MYO5A,myosin VA,ENSG00000197535,ENST00000553916,15,5526,3.7424108805804925,True,True,MYO5A [ENST00000553916],Human,data/coding_sequences/ENST00000553916_CDS.fasta,data/coding_sequences/ENST00000553916_REJ.N.fasta,data/coding_sequences/ENST00000553916_REJ.C.fasta
115928,MYO5A,myosin VA,ENSG00000197535,ENST00000687574,15,5487,3.7393349601960795,True,True,MYO5A [ENST00000687574],Human,data/coding_sequences/ENST00000687574_CDS.fasta,data/coding_sequences/ENST00000687574_REJ.N.fasta,data/coding_sequences/ENST00000687574_REJ.C.fasta
117571,MYO5A,myosin VA,ENSG00000197535,ENST00000692556,15,5559,3.74499667403856,True,True,MYO5A [ENST00000692556],Human,data/coding_sequences/ENST00000692556_CDS.fasta,data/coding_sequences/ENST00000692556_REJ.N.fasta,data/coding_sequences/ENST00000692556_REJ.C.fasta
14277,MYO5A,myosin VA,ENSG00000197535,ENST00000356338,15,5562,3.7452309845281406,True,True,MYO5A [ENST00000356338],Human,data/coding_sequences/ENST00000356338_CDS.fasta,data/coding_sequences/ENST00000356338_REJ.N.fasta,data/coding_sequences/ENST00000356338_REJ.C.fasta
31105,MYO5A,myosin VA,ENSG00000197535,ENST00000399231,15,5568,3.7456992266025058,True,True,MYO5A [ENST00000399231],Human,data/coding_sequences/ENST00000399231_CDS.fasta,data/coding_sequences/ENST00000399231_REJ.N.fasta,data/coding_sequences/ENST00000399231_REJ.C.fasta
28145,MYO5A,myosin VA,ENSG00000197535,ENST00000399233,15,5643,3.751510050270041,True,True,MYO5A [ENST00000399233],Human,data/coding_sequences/ENST00000399233_CDS.fasta,data/coding_sequences/ENST00000399233_REJ.N.fasta,data/coding_sequences/ENST00000399233_REJ.C.fasta
5955,MYO5B,myosin VB,ENSG00000167306,ENST00000285039,18,5547,3.7440581658788354,True,True,MYO5B [ENST00000285039],Human,data/coding_sequences/ENST00000285039_CDS.fasta,data/coding_sequences/ENST00000285039_REJ.N.fasta,data/coding_sequences/ENST00000285039_REJ.C.fasta
120410,MYO5B,myosin VB,ENSG00000167306,ENST00000697219,18,5283,3.722880610686939,True,True,MYO5B [ENST00000697219],Human,data/coding_sequences/ENST00000697219_CDS.fasta,data/coding_sequences/ENST00000697219_REJ.N.fasta,data/coding_sequences/ENST00000697219_REJ.C.fasta
2890,MYO5C,myosin VC,ENSG00000128833,ENST00000261839,15,5229,3.7184186418296554,False,True,MYO5C [ENST00000261839],Human,data/coding_sequences/ENST00000261839_CDS.fasta,data/coding_sequences/ENST00000261839_REJ.N.fasta,data/coding_sequences/ENST00000261839_REJ.C.fasta
33524,MYO7A,myosin VIIA,ENSG00000137474,ENST00000409709,11,6648,3.8226910107760546,True,True,MYO7A [ENST00000409709],Human,data/coding_sequences/ENST00000409709_CDS.fasta,data/coding_sequences/ENST00000409709_REJ.N.fasta,data/coding_sequences/ENST00000409709_REJ.C.fasta
31476,MYO7A,myosin VIIA,ENSG00000137474,ENST00000409619,11,6501,3.8129801660394804,True,True,MYO7A [ENST00000409619],Human,data/coding_sequences/ENST00000409619_CDS.fasta,data/coding_sequences/ENST00000409619_REJ.N.fasta,data/coding_sequences/ENST00000409619_REJ.C.fasta
44789,MYO7A,myosin VIIA,ENSG00000137474,ENST00000458637,11,6528,3.8147801457458046,True,True,MYO7A [ENST00000458637],Human,data/coding_sequences/ENST00000458637_CDS.fasta,data/coding_sequences/ENST00000458637_REJ.N.fasta,data/coding_sequences/ENST00000458637_REJ.C.fasta
31951,MYO7B,myosin VIIB,ENSG00000169994,ENST00000409816,2,6429,3.8081434257614912,False,True,MYO7B [ENST00000409816],Human,data/coding_sequences/ENST00000409816_CDS.fasta,data/coding_sequences/ENST00000409816_REJ.N.fasta,data/coding_sequences/ENST00000409816_REJ.C.fasta
39173,MYO7B,myosin VIIB,ENSG00000169994,ENST00000428314,2,6351,3.8028421127390746,False,True,MYO7B [ENST00000428314],Human,data/coding_sequences/ENST00000428314_CDS.fasta,data/coding_sequences/ENST00000428314_REJ.N.fasta,data/coding_sequences/ENST00000428314_REJ.C.fasta
42264,MYO9A,myosin IXA,ENSG00000066933,ENST00000444904,15,7647,3.88349109018893,True,True,MYO9A [ENST00000444904],Human,data/coding_sequences/ENST00000444904_CDS.fasta,data/coding_sequences/ENST00000444904_REJ.N.fasta,data/coding_sequences/ENST00000444904_REJ.C.fasta
15515,MYO9A,myosin IXA,ENSG00000066933,ENST00000356056,15,7647,3.88349109018893,True,True,MYO9A [ENST00000356056],Human,data/coding_sequences/ENST00000356056_CDS.fasta,data/coding_sequences/ENST00000356056_REJ.N.fasta,data/coding_sequences/ENST00000356056_REJ.C.fasta
78661,MYO9A,myosin IXA,ENSG00000066933,ENST00000564571,15,7191,3.8567892887533164,True,True,MYO9A [ENST00000564571],Human,data/coding_sequences/ENST00000564571_CDS.fasta,data/coding_sequences/ENST00000564571_REJ.N.fasta,data/coding_sequences/ENST00000564571_REJ.C.fasta
88105,MYO9B,myosin IXB,ENSG00000099331,ENST00000595618,19,6069,3.7831171374904673,False,True,MYO9B [ENST00000595618],Human,data/coding_sequences/ENST00000595618_CDS.fasta,data/coding_sequences/ENST00000595618_REJ.N.fasta,data/coding_sequences/ENST00000595618_REJ.C.fasta
87322,MYO9B,myosin IXB,ENSG00000099331,ENST00000594824,19,6474,3.811172695066554,False,True,MYO9B [ENST00000594824],Human,data/coding_sequences/ENST00000594824_CDS.fasta,data/coding_sequences/ENST00000594824_REJ.N.fasta,data/coding_sequences/ENST00000594824_REJ.C.fasta
27078,MYO9B,myosin IXB,ENSG00000099331,ENST00000397274,19,6069,3.7831171374904673,False,True,MYO9B [ENST00000397274],Human,data/coding_sequences/ENST00000397274_CDS.fasta,data/coding_sequences/ENST00000397274_REJ.N.fasta,data/coding_sequences/ENST00000397274_REJ.C.fasta
90597,MYO9B,myosin IXB,ENSG00000099331,ENST00000595641,19,6215,3.7934411329776636,False,True,MYO9B [ENST00000595641],Human,data/coding_sequences/ENST00000595641_CDS.fasta,data/coding_sequences/ENST00000595641_REJ.N.fasta,data/coding_sequences/ENST00000595641_REJ.C.fasta
113368,MYO9B,myosin IXB,ENSG00000099331,ENST00000682292,19,6474,3.811172695066554,False,True,MYO9B [ENST00000682292],Human,data/coding_sequences/ENST00000682292_CDS.fasta,data/coding_sequences/ENST00000682292_REJ.N.fasta,data/coding_sequences/ENST00000682292_REJ.C.fasta
15602,MYOF,myoferlin,ENSG00000138119,ENST00000358334,10,6147,3.7886632131208575,False,True,MYOF [ENST00000358334],Human,data/coding_sequences/ENST00000358334_CDS.fasta,data/coding_sequences/ENST00000358334_REJ.N.fasta,data/coding_sequences/ENST00000358334_REJ.C.fasta
17067,MYOF,myoferlin,ENSG00000138119,ENST00000359263,10,6186,3.79140991566716,False,True,MYOF [ENST00000359263],Human,data/coding_sequences/ENST00000359263_CDS.fasta,data/coding_sequences/ENST00000359263_REJ.N.fasta,data/coding_sequences/ENST00000359263_REJ.C.fasta
2673,MYOM1,myomesin 1,ENSG00000101605,ENST00000261606,18,4770,3.678518379040114,False,True,MYOM1 [ENST00000261606],Human,data/coding_sequences/ENST00000261606_CDS.fasta,data/coding_sequences/ENST00000261606_REJ.N.fasta,data/coding_sequences/ENST00000261606_REJ.C.fasta
15800,MYOM1,myomesin 1,ENSG00000101605,ENST00000356443,18,5058,3.703978825008386,False,True,MYOM1 [ENST00000356443],Human,data/coding_sequences/ENST00000356443_CDS.fasta,data/coding_sequences/ENST00000356443_REJ.N.fasta,data/coding_sequences/ENST00000356443_REJ.C.fasta
2777,N4BP2,NEDD4 binding protein 2,ENSG00000078177,ENST00000261435,4,5313,3.725339815909737,False,True,N4BP2 [ENST00000261435],Human,data/coding_sequences/ENST00000261435_CDS.fasta,data/coding_sequences/ENST00000261435_REJ.N.fasta,data/coding_sequences/ENST00000261435_REJ.C.fasta
47729,NACA,nascent polypeptide associated complex subunit alpha,ENSG00000196531,ENST00000454682,12,6237,3.794975744051132,False,True,NACA [ENST00000454682],Human,data/coding_sequences/ENST00000454682_CDS.fasta,data/coding_sequences/ENST00000454682_REJ.N.fasta,data/coding_sequences/ENST00000454682_REJ.C.fasta
54899,NACAD,NAC alpha domain containing,ENSG00000136274,ENST00000490531,7,4689,3.6710802327388494,False,True,NACAD [ENST00000490531],Human,data/coding_sequences/ENST00000490531_CDS.fasta,data/coding_sequences/ENST00000490531_REJ.N.fasta,data/coding_sequences/ENST00000490531_REJ.C.fasta
2239,NALCN,"sodium leak channel, non-selective",ENSG00000102452,ENST00000251127,13,5217,3.717420836722375,True,True,NALCN [ENST00000251127],Human,data/coding_sequences/ENST00000251127_CDS.fasta,data/coding_sequences/ENST00000251127_REJ.N.fasta,data/coding_sequences/ENST00000251127_REJ.C.fasta
109824,NALCN,"sodium leak channel, non-selective",ENSG00000102452,ENST00000675150,13,4938,3.6935510855959133,True,True,NALCN [ENST00000675150],Human,data/coding_sequences/ENST00000675150_CDS.fasta,data/coding_sequences/ENST00000675150_REJ.N.fasta,data/coding_sequences/ENST00000675150_REJ.C.fasta
109668,NALCN,"sodium leak channel, non-selective",ENSG00000102452,ENST00000676315,13,5130,3.7101173651118162,True,True,NALCN [ENST00000676315],Human,data/coding_sequences/ENST00000676315_CDS.fasta,data/coding_sequences/ENST00000676315_REJ.N.fasta,data/coding_sequences/ENST00000676315_REJ.C.fasta
103696,NALCN,"sodium leak channel, non-selective",ENSG00000102452,ENST00000648359,13,4569,3.659821158055705,True,True,NALCN [ENST00000648359],Human,data/coding_sequences/ENST00000648359_CDS.fasta,data/coding_sequences/ENST00000648359_REJ.N.fasta,data/coding_sequences/ENST00000648359_REJ.C.fasta
109046,NALCN,"sodium leak channel, non-selective",ENSG00000102452,ENST00000675332,13,5304,3.7246035153967165,True,True,NALCN [ENST00000675332],Human,data/coding_sequences/ENST00000675332_CDS.fasta,data/coding_sequences/ENST00000675332_REJ.N.fasta,data/coding_sequences/ENST00000675332_REJ.C.fasta
115815,NAV1,neuron navigator 1,ENSG00000134369,ENST00000685211,1,6495,3.812579155409047,False,True,NAV1 [ENST00000685211],Human,data/coding_sequences/ENST00000685211_CDS.fasta,data/coding_sequences/ENST00000685211_REJ.N.fasta,data/coding_sequences/ENST00000685211_REJ.C.fasta
17241,NAV1,neuron navigator 1,ENSG00000134369,ENST00000367302,1,5493,3.739809599021359,False,True,NAV1 [ENST00000367302],Human,data/coding_sequences/ENST00000367302_CDS.fasta,data/coding_sequences/ENST00000367302_REJ.N.fasta,data/coding_sequences/ENST00000367302_REJ.C.fasta
16388,NAV1,neuron navigator 1,ENSG00000134369,ENST00000367296,1,5634,3.7508168426497543,False,True,NAV1 [ENST00000367296],Human,data/coding_sequences/ENST00000367296_CDS.fasta,data/coding_sequences/ENST00000367296_REJ.N.fasta,data/coding_sequences/ENST00000367296_REJ.C.fasta
14679,NAV2,neuron navigator 2,ENSG00000166833,ENST00000349880,11,7290,3.8627275283179747,False,True,NAV2 [ENST00000349880],Human,data/coding_sequences/ENST00000349880_CDS.fasta,data/coding_sequences/ENST00000349880_REJ.N.fasta,data/coding_sequences/ENST00000349880_REJ.C.fasta
29418,NAV2,neuron navigator 2,ENSG00000166833,ENST00000396085,11,7299,3.8632633636504807,False,True,NAV2 [ENST00000396085],Human,data/coding_sequences/ENST00000396085_CDS.fasta,data/coding_sequences/ENST00000396085_REJ.N.fasta,data/coding_sequences/ENST00000396085_REJ.C.fasta
17230,NAV2,neuron navigator 2,ENSG00000166833,ENST00000360655,11,7098,3.851135995011574,False,True,NAV2 [ENST00000360655],Human,data/coding_sequences/ENST00000360655_CDS.fasta,data/coding_sequences/ENST00000360655_REJ.N.fasta,data/coding_sequences/ENST00000360655_REJ.C.fasta
30841,NAV2,neuron navigator 2,ENSG00000166833,ENST00000396087,11,7467,3.8731461513282555,False,True,NAV2 [ENST00000396087],Human,data/coding_sequences/ENST00000396087_CDS.fasta,data/coding_sequences/ENST00000396087_REJ.N.fasta,data/coding_sequences/ENST00000396087_REJ.C.fasta
103829,NAV3,neuron navigator 3,ENSG00000067798,ENST00000644176,12,5529,3.7426465899387362,False,True,NAV3 [ENST00000644176],Human,data/coding_sequences/ENST00000644176_CDS.fasta,data/coding_sequences/ENST00000644176_REJ.N.fasta,data/coding_sequences/ENST00000644176_REJ.C.fasta
27876,NAV3,neuron navigator 3,ENSG00000067798,ENST00000397909,12,7158,3.8547916940539855,False,True,NAV3 [ENST00000397909],Human,data/coding_sequences/ENST00000397909_CDS.fasta,data/coding_sequences/ENST00000397909_REJ.N.fasta,data/coding_sequences/ENST00000397909_REJ.C.fasta
69088,NAV3,neuron navigator 3,ENSG00000067798,ENST00000536525,12,7092,3.85076872692888,False,True,NAV3 [ENST00000536525],Human,data/coding_sequences/ENST00000536525_CDS.fasta,data/coding_sequences/ENST00000536525_REJ.N.fasta,data/coding_sequences/ENST00000536525_REJ.C.fasta
6919,NBAS,NBAS subunit of NRZ tethering complex,ENSG00000151779,ENST00000281513,2,7116,3.8522359394118872,True,True,NBAS [ENST00000281513],Human,data/coding_sequences/ENST00000281513_CDS.fasta,data/coding_sequences/ENST00000281513_REJ.N.fasta,data/coding_sequences/ENST00000281513_REJ.C.fasta
118937,NBAS,NBAS subunit of NRZ tethering complex,ENSG00000151779,ENST00000700061,2,5103,3.7078255683322316,True,True,NBAS [ENST00000700061],Human,data/coding_sequences/ENST00000700061_CDS.fasta,data/coding_sequences/ENST00000700061_REJ.N.fasta,data/coding_sequences/ENST00000700061_REJ.C.fasta
116200,NBEA,neurobeachin,ENSG00000172915,ENST00000688626,13,6687,3.8252313231999002,True,True,NBEA [ENST00000688626],Human,data/coding_sequences/ENST00000688626_CDS.fasta,data/coding_sequences/ENST00000688626_REJ.N.fasta,data/coding_sequences/ENST00000688626_REJ.C.fasta
115783,NBEA,neurobeachin,ENSG00000172915,ENST00000688363,13,6597,3.819346484080453,True,True,NBEA [ENST00000688363],Human,data/coding_sequences/ENST00000688363_CDS.fasta,data/coding_sequences/ENST00000688363_REJ.N.fasta,data/coding_sequences/ENST00000688363_REJ.C.fasta
114003,NBEAL1,neurobeachin like 1,ENSG00000144426,ENST00000682108,2,7968,3.901349325415642,False,True,NBEAL1 [ENST00000682108],Human,data/coding_sequences/ENST00000682108_CDS.fasta,data/coding_sequences/ENST00000682108_REJ.N.fasta,data/coding_sequences/ENST00000682108_REJ.C.fasta
31677,NBEAL2,neurobeachin like 2,ENSG00000160796,ENST00000416683,3,6129,3.78738962135211,True,True,NBEAL2 [ENST00000416683],Human,data/coding_sequences/ENST00000416683_CDS.fasta,data/coding_sequences/ENST00000416683_REJ.N.fasta,data/coding_sequences/ENST00000416683_REJ.C.fasta
30977,NCKAP5,NCK associated protein 5,ENSG00000176771,ENST00000409261,2,5730,3.75815462196739,False,True,NCKAP5 [ENST00000409261],Human,data/coding_sequences/ENST00000409261_CDS.fasta,data/coding_sequences/ENST00000409261_REJ.N.fasta,data/coding_sequences/ENST00000409261_REJ.C.fasta
21166,NCOA6,nuclear receptor coactivator 6,ENSG00000198646,ENST00000374796,20,6192,3.791830947674836,False,True,NCOA6 [ENST00000374796],Human,data/coding_sequences/ENST00000374796_CDS.fasta,data/coding_sequences/ENST00000374796_REJ.N.fasta,data/coding_sequences/ENST00000374796_REJ.C.fasta
14689,NCOA6,nuclear receptor coactivator 6,ENSG00000198646,ENST00000359003,20,6192,3.791830947674836,False,True,NCOA6 [ENST00000359003],Human,data/coding_sequences/ENST00000359003_CDS.fasta,data/coding_sequences/ENST00000359003_REJ.N.fasta,data/coding_sequences/ENST00000359003_REJ.C.fasta
121544,NCOR1,nuclear receptor corepressor 1,ENSG00000141027,ENST00000704744,17,7545,3.8776592441116087,False,True,NCOR1 [ENST00000704744],Human,data/coding_sequences/ENST00000704744_CDS.fasta,data/coding_sequences/ENST00000704744_REJ.N.fasta,data/coding_sequences/ENST00000704744_REJ.C.fasta
42778,NCOR1,nuclear receptor corepressor 1,ENSG00000141027,ENST00000436068,17,7545,3.8776592441116087,False,True,NCOR1 [ENST00000436068],Human,data/coding_sequences/ENST00000436068_CDS.fasta,data/coding_sequences/ENST00000436068_REJ.N.fasta,data/coding_sequences/ENST00000436068_REJ.C.fasta
120789,NCOR1,nuclear receptor corepressor 1,ENSG00000141027,ENST00000704745,17,7401,3.8692904042093983,False,True,NCOR1 [ENST00000704745],Human,data/coding_sequences/ENST00000704745_CDS.fasta,data/coding_sequences/ENST00000704745_REJ.N.fasta,data/coding_sequences/ENST00000704745_REJ.C.fasta
4140,NCOR1,nuclear receptor corepressor 1,ENSG00000141027,ENST00000268712,17,7323,3.864689034136851,False,True,NCOR1 [ENST00000268712],Human,data/coding_sequences/ENST00000268712_CDS.fasta,data/coding_sequences/ENST00000268712_REJ.N.fasta,data/coding_sequences/ENST00000268712_REJ.C.fasta
29677,NCOR1,nuclear receptor corepressor 1,ENSG00000141027,ENST00000395851,17,7014,3.8459657615454836,False,True,NCOR1 [ENST00000395851],Human,data/coding_sequences/ENST00000395851_CDS.fasta,data/coding_sequences/ENST00000395851_REJ.N.fasta,data/coding_sequences/ENST00000395851_REJ.C.fasta
28612,NCOR2,nuclear receptor corepressor 2,ENSG00000196498,ENST00000404121,12,6189,3.791620482692814,False,True,NCOR2 [ENST00000404121],Human,data/coding_sequences/ENST00000404121_CDS.fasta,data/coding_sequences/ENST00000404121_REJ.N.fasta,data/coding_sequences/ENST00000404121_REJ.C.fasta
28665,NCOR2,nuclear receptor corepressor 2,ENSG00000196498,ENST00000404621,12,7377,3.86787978345838,False,True,NCOR2 [ENST00000404621],Human,data/coding_sequences/ENST00000404621_CDS.fasta,data/coding_sequences/ENST00000404621_REJ.N.fasta,data/coding_sequences/ENST00000404621_REJ.C.fasta
30104,NCOR2,nuclear receptor corepressor 2,ENSG00000196498,ENST00000405201,12,7545,3.8776592441116087,False,True,NCOR2 [ENST00000405201],Human,data/coding_sequences/ENST00000405201_CDS.fasta,data/coding_sequences/ENST00000405201_REJ.N.fasta,data/coding_sequences/ENST00000405201_REJ.C.fasta
36891,NCOR2,nuclear receptor corepressor 2,ENSG00000196498,ENST00000429285,12,7515,3.875928984922927,False,True,NCOR2 [ENST00000429285],Human,data/coding_sequences/ENST00000429285_CDS.fasta,data/coding_sequences/ENST00000429285_REJ.N.fasta,data/coding_sequences/ENST00000429285_REJ.C.fasta
14725,NCOR2,nuclear receptor corepressor 2,ENSG00000196498,ENST00000356219,12,6240,3.795184589682424,False,True,NCOR2 [ENST00000356219],Human,data/coding_sequences/ENST00000356219_CDS.fasta,data/coding_sequences/ENST00000356219_REJ.N.fasta,data/coding_sequences/ENST00000356219_REJ.C.fasta
116629,NEB,nebulin,ENSG00000183091,ENST00000690043,2,7284,3.8623699371228826,True,True,NEB [ENST00000690043],Human,data/coding_sequences/ENST00000690043_CDS.fasta,data/coding_sequences/ENST00000690043_REJ.N.fasta,data/coding_sequences/ENST00000690043_REJ.C.fasta
19663,NES,nestin,ENSG00000132688,ENST00000368223,1,4866,3.6871721045948,False,True,NES [ENST00000368223],Human,data/coding_sequences/ENST00000368223_CDS.fasta,data/coding_sequences/ENST00000368223_REJ.N.fasta,data/coding_sequences/ENST00000368223_REJ.C.fasta
107957,NEURL4,neuralized E3 ubiquitin protein ligase 4,ENSG00000288301,ENST00000673081,CHR_HG2087_PATCH,4683,3.6705241577820797,False,True,NEURL4 [ENST00000673081],Human,data/coding_sequences/ENST00000673081_CDS.fasta,data/coding_sequences/ENST00000673081_REJ.N.fasta,data/coding_sequences/ENST00000673081_REJ.C.fasta
30762,NEURL4,neuralized E3 ubiquitin protein ligase 4,ENSG00000215041,ENST00000399464,17,4689,3.6710802327388494,False,True,NEURL4 [ENST00000399464],Human,data/coding_sequences/ENST00000399464_CDS.fasta,data/coding_sequences/ENST00000399464_REJ.N.fasta,data/coding_sequences/ENST00000399464_REJ.C.fasta
108550,NEURL4,neuralized E3 ubiquitin protein ligase 4,ENSG00000288301,ENST00000671847,CHR_HG2087_PATCH,4689,3.6710802327388494,False,True,NEURL4 [ENST00000671847],Human,data/coding_sequences/ENST00000671847_CDS.fasta,data/coding_sequences/ENST00000671847_REJ.N.fasta,data/coding_sequences/ENST00000671847_REJ.C.fasta
81963,NEURL4,neuralized E3 ubiquitin protein ligase 4,ENSG00000215041,ENST00000570460,17,4617,3.664359874551141,False,True,NEURL4 [ENST00000570460],Human,data/coding_sequences/ENST00000570460_CDS.fasta,data/coding_sequences/ENST00000570460_REJ.N.fasta,data/coding_sequences/ENST00000570460_REJ.C.fasta
7127,NEURL4,neuralized E3 ubiquitin protein ligase 4,ENSG00000215041,ENST00000315614,17,4683,3.6705241577820797,False,True,NEURL4 [ENST00000315614],Human,data/coding_sequences/ENST00000315614_CDS.fasta,data/coding_sequences/ENST00000315614_REJ.N.fasta,data/coding_sequences/ENST00000315614_REJ.C.fasta
107486,NEURL4,neuralized E3 ubiquitin protein ligase 4,ENSG00000288301,ENST00000672757,CHR_HG2087_PATCH,4617,3.664359874551141,False,True,NEURL4 [ENST00000672757],Human,data/coding_sequences/ENST00000672757_CDS.fasta,data/coding_sequences/ENST00000672757_REJ.N.fasta,data/coding_sequences/ENST00000672757_REJ.C.fasta
90884,NEXMIF,neurite extension and migration factor,ENSG00000050030,ENST00000616200,X,4551,3.658106835506393,True,True,NEXMIF [ENST00000616200],Human,data/coding_sequences/ENST00000616200_CDS.fasta,data/coding_sequences/ENST00000616200_REJ.N.fasta,data/coding_sequences/ENST00000616200_REJ.C.fasta
78,NEXMIF,neurite extension and migration factor,ENSG00000050030,ENST00000055682,X,4551,3.658106835506393,True,True,NEXMIF [ENST00000055682],Human,data/coding_sequences/ENST00000055682_CDS.fasta,data/coding_sequences/ENST00000055682_REJ.N.fasta,data/coding_sequences/ENST00000055682_REJ.C.fasta
81236,NF1,neurofibromin 1,ENSG00000196712,ENST00000579081,17,4971,3.696443763138999,True,True,NF1 [ENST00000579081],Human,data/coding_sequences/ENST00000579081_CDS.fasta,data/coding_sequences/ENST00000579081_REJ.N.fasta,data/coding_sequences/ENST00000579081_REJ.C.fasta
45423,NF1,neurofibromin 1,ENSG00000196712,ENST00000456735,17,7509,3.8755821043278855,True,True,NF1 [ENST00000456735],Human,data/coding_sequences/ENST00000456735_CDS.fasta,data/coding_sequences/ENST00000456735_REJ.N.fasta,data/coding_sequences/ENST00000456735_REJ.C.fasta
15092,NFAT5,nuclear factor of activated T cells 5,ENSG00000102908,ENST00000349945,16,4650,3.667452952889954,False,True,NFAT5 [ENST00000349945],Human,data/coding_sequences/ENST00000349945_CDS.fasta,data/coding_sequences/ENST00000349945_REJ.N.fasta,data/coding_sequences/ENST00000349945_REJ.C.fasta
17444,NFAT5,nuclear factor of activated T cells 5,ENSG00000102908,ENST00000354436,16,4596,3.6623800200162475,False,True,NFAT5 [ENST00000354436],Human,data/coding_sequences/ENST00000354436_CDS.fasta,data/coding_sequences/ENST00000354436_REJ.N.fasta,data/coding_sequences/ENST00000354436_REJ.C.fasta
80553,NFAT5,nuclear factor of activated T cells 5,ENSG00000102908,ENST00000567239,16,4647,3.6671726724788685,False,True,NFAT5 [ENST00000567239],Human,data/coding_sequences/ENST00000567239_CDS.fasta,data/coding_sequences/ENST00000567239_REJ.N.fasta,data/coding_sequences/ENST00000567239_REJ.C.fasta
23170,NHS,NHS actin remodeling regulator,ENSG00000188158,ENST00000380060,X,4893,3.6895752157599384,True,True,NHS [ENST00000380060],Human,data/coding_sequences/ENST00000380060_CDS.fasta,data/coding_sequences/ENST00000380060_REJ.N.fasta,data/coding_sequences/ENST00000380060_REJ.C.fasta
110471,NHS,NHS actin remodeling regulator,ENSG00000188158,ENST00000676302,X,4956,3.695131297704026,True,True,NHS [ENST00000676302],Human,data/coding_sequences/ENST00000676302_CDS.fasta,data/coding_sequences/ENST00000676302_REJ.N.fasta,data/coding_sequences/ENST00000676302_REJ.C.fasta
13572,NHSL1,NHS like 1,ENSG00000135540,ENST00000343505,6,4821,3.683137131483007,False,True,NHSL1 [ENST00000343505],Human,data/coding_sequences/ENST00000343505_CDS.fasta,data/coding_sequences/ENST00000343505_REJ.N.fasta,data/coding_sequences/ENST00000343505_REJ.C.fasta
39949,NHSL1,NHS like 1,ENSG00000135540,ENST00000427025,6,4833,3.6842167951388807,False,True,NHSL1 [ENST00000427025],Human,data/coding_sequences/ENST00000427025_CDS.fasta,data/coding_sequences/ENST00000427025_REJ.N.fasta,data/coding_sequences/ENST00000427025_REJ.C.fasta
51892,NIN,ninein,ENSG00000100503,ENST00000476352,14,5970,3.775974331129369,False,True,NIN [ENST00000476352],Human,data/coding_sequences/ENST00000476352_CDS.fasta,data/coding_sequences/ENST00000476352_REJ.N.fasta,data/coding_sequences/ENST00000476352_REJ.C.fasta
66221,NIN,ninein,ENSG00000100503,ENST00000530997,14,6402,3.8063156698081135,False,True,NIN [ENST00000530997],Human,data/coding_sequences/ENST00000530997_CDS.fasta,data/coding_sequences/ENST00000530997_REJ.N.fasta,data/coding_sequences/ENST00000530997_REJ.C.fasta
23100,NIN,ninein,ENSG00000100503,ENST00000389869,14,4746,3.6763277338813203,False,True,NIN [ENST00000389869],Human,data/coding_sequences/ENST00000389869_CDS.fasta,data/coding_sequences/ENST00000389869_REJ.N.fasta,data/coding_sequences/ENST00000389869_REJ.C.fasta
46169,NIN,ninein,ENSG00000100503,ENST00000453196,14,6141,3.788239097382168,False,True,NIN [ENST00000453196],Human,data/coding_sequences/ENST00000453196_CDS.fasta,data/coding_sequences/ENST00000453196_REJ.N.fasta,data/coding_sequences/ENST00000453196_REJ.C.fasta
26116,NIN,ninein,ENSG00000100503,ENST00000382041,14,6273,3.7974752875373343,False,True,NIN [ENST00000382041],Human,data/coding_sequences/ENST00000382041_CDS.fasta,data/coding_sequences/ENST00000382041_REJ.N.fasta,data/coding_sequences/ENST00000382041_REJ.C.fasta
106057,NIPBL,NIPBL cohesin loading factor,ENSG00000164190,ENST00000652901,5,7950,3.9003671286564705,True,True,NIPBL [ENST00000652901],Human,data/coding_sequences/ENST00000652901_CDS.fasta,data/coding_sequences/ENST00000652901_REJ.N.fasta,data/coding_sequences/ENST00000652901_REJ.C.fasta
53104,NISCH,nischarin,ENSG00000010322,ENST00000479054,3,4515,3.6546577546495245,False,True,NISCH [ENST00000479054],Human,data/coding_sequences/ENST00000479054_CDS.fasta,data/coding_sequences/ENST00000479054_REJ.N.fasta,data/coding_sequences/ENST00000479054_REJ.C.fasta
12472,NISCH,nischarin,ENSG00000010322,ENST00000345716,3,4515,3.6546577546495245,False,True,NISCH [ENST00000345716],Human,data/coding_sequences/ENST00000345716_CDS.fasta,data/coding_sequences/ENST00000345716_REJ.N.fasta,data/coding_sequences/ENST00000345716_REJ.C.fasta
115689,NLRC5,NLR family CARD domain containing 5,ENSG00000140853,ENST00000688547,16,5601,3.748265572668741,False,True,NLRC5 [ENST00000688547],Human,data/coding_sequences/ENST00000688547_CDS.fasta,data/coding_sequences/ENST00000688547_REJ.N.fasta,data/coding_sequences/ENST00000688547_REJ.C.fasta
2902,NLRC5,NLR family CARD domain containing 5,ENSG00000140853,ENST00000262510,16,5601,3.748265572668741,False,True,NLRC5 [ENST00000262510],Human,data/coding_sequences/ENST00000262510_CDS.fasta,data/coding_sequences/ENST00000262510_REJ.N.fasta,data/coding_sequences/ENST00000262510_REJ.C.fasta
68855,NLRC5,NLR family CARD domain containing 5,ENSG00000140853,ENST00000539144,16,5514,3.741466761769755,False,True,NLRC5 [ENST00000539144],Human,data/coding_sequences/ENST00000539144_CDS.fasta,data/coding_sequences/ENST00000539144_REJ.N.fasta,data/coding_sequences/ENST00000539144_REJ.C.fasta
113088,NOTCH1,notch receptor 1,ENSG00000148400,ENST00000680668,9,7554,3.878176980491506,True,True,NOTCH1 [ENST00000680668],Human,data/coding_sequences/ENST00000680668_CDS.fasta,data/coding_sequences/ENST00000680668_REJ.N.fasta,data/coding_sequences/ENST00000680668_REJ.C.fasta
114239,NOTCH1,notch receptor 1,ENSG00000148400,ENST00000680218,9,7548,3.8778318914928938,True,True,NOTCH1 [ENST00000680218],Human,data/coding_sequences/ENST00000680218_CDS.fasta,data/coding_sequences/ENST00000680218_REJ.N.fasta,data/coding_sequences/ENST00000680218_REJ.C.fasta
110224,NOTCH1,notch receptor 1,ENSG00000148400,ENST00000679595,9,5247,3.719911064198339,True,True,NOTCH1 [ENST00000679595],Human,data/coding_sequences/ENST00000679595_CDS.fasta,data/coding_sequences/ENST00000679595_REJ.N.fasta,data/coding_sequences/ENST00000679595_REJ.C.fasta
105319,NOTCH1,notch receptor 1,ENSG00000148400,ENST00000651671,9,7668,3.884682104206025,True,True,NOTCH1 [ENST00000651671],Human,data/coding_sequences/ENST00000651671_CDS.fasta,data/coding_sequences/ENST00000651671_REJ.N.fasta,data/coding_sequences/ENST00000651671_REJ.C.fasta
113417,NOTCH1,notch receptor 1,ENSG00000148400,ENST00000680778,9,5265,3.721398375521505,True,True,NOTCH1 [ENST00000680778],Human,data/coding_sequences/ENST00000680778_CDS.fasta,data/coding_sequences/ENST00000680778_REJ.N.fasta,data/coding_sequences/ENST00000680778_REJ.C.fasta
112534,NOTCH1,notch receptor 1,ENSG00000148400,ENST00000680133,9,7554,3.878176980491506,True,True,NOTCH1 [ENST00000680133],Human,data/coding_sequences/ENST00000680133_CDS.fasta,data/coding_sequences/ENST00000680133_REJ.N.fasta,data/coding_sequences/ENST00000680133_REJ.C.fasta
4429,NOTCH2,notch receptor 2,ENSG00000134250,ENST00000256646,1,7416,3.8701697211364405,True,True,NOTCH2 [ENST00000256646],Human,data/coding_sequences/ENST00000256646_CDS.fasta,data/coding_sequences/ENST00000256646_REJ.N.fasta,data/coding_sequences/ENST00000256646_REJ.C.fasta
4216,NOTCH3,notch receptor 3,ENSG00000074181,ENST00000263388,19,6966,3.8429834701222174,True,True,NOTCH3 [ENST00000263388],Human,data/coding_sequences/ENST00000263388_CDS.fasta,data/coding_sequences/ENST00000263388_REJ.N.fasta,data/coding_sequences/ENST00000263388_REJ.C.fasta
21440,NOTCH4,notch receptor 4,ENSG00000204301,ENST00000375023,6,6012,3.7790189719148706,False,True,NOTCH4 [ENST00000375023],Human,data/coding_sequences/ENST00000375023_CDS.fasta,data/coding_sequences/ENST00000375023_REJ.N.fasta,data/coding_sequences/ENST00000375023_REJ.C.fasta
42357,NOTCH4,notch receptor 4,ENSG00000223355,ENST00000439349,CHR_HSCHR6_MHC_MCF_CTG1,6012,3.7790189719148706,False,True,NOTCH4 [ENST00000439349],Human,data/coding_sequences/ENST00000439349_CDS.fasta,data/coding_sequences/ENST00000439349_REJ.N.fasta,data/coding_sequences/ENST00000439349_REJ.C.fasta
43275,NOTCH4,notch receptor 4,ENSG00000235396,ENST00000437843,CHR_HSCHR6_MHC_COX_CTG1,6018,3.7794521834040617,False,True,NOTCH4 [ENST00000437843],Human,data/coding_sequences/ENST00000437843_CDS.fasta,data/coding_sequences/ENST00000437843_REJ.N.fasta,data/coding_sequences/ENST00000437843_REJ.C.fasta
46894,NOTCH4,notch receptor 4,ENSG00000232339,ENST00000454571,CHR_HSCHR6_MHC_MANN_CTG1,6009,3.7788022040132385,False,True,NOTCH4 [ENST00000454571],Human,data/coding_sequences/ENST00000454571_CDS.fasta,data/coding_sequences/ENST00000454571_REJ.N.fasta,data/coding_sequences/ENST00000454571_REJ.C.fasta
47585,NOTCH4,notch receptor 4,ENSG00000234876,ENST00000457094,CHR_HSCHR6_MHC_SSTO_CTG1,6012,3.7790189719148706,False,True,NOTCH4 [ENST00000457094],Human,data/coding_sequences/ENST00000457094_CDS.fasta,data/coding_sequences/ENST00000457094_REJ.N.fasta,data/coding_sequences/ENST00000457094_REJ.C.fasta
26683,NOTCH4,notch receptor 4,ENSG00000206312,ENST00000383264,CHR_HSCHR6_MHC_QBL_CTG1,6012,3.7790189719148706,False,True,NOTCH4 [ENST00000383264],Human,data/coding_sequences/ENST00000383264_CDS.fasta,data/coding_sequences/ENST00000383264_REJ.N.fasta,data/coding_sequences/ENST00000383264_REJ.C.fasta
17224,NRAP,nebulin related anchoring protein,ENSG00000197893,ENST00000359988,10,5193,3.715418322595056,False,True,NRAP [ENST00000359988],Human,data/coding_sequences/ENST00000359988_CDS.fasta,data/coding_sequences/ENST00000359988_REJ.N.fasta,data/coding_sequences/ENST00000359988_REJ.C.fasta
22254,NRAP,nebulin related anchoring protein,ENSG00000197893,ENST00000369358,10,5196,3.71566914240099,False,True,NRAP [ENST00000369358],Human,data/coding_sequences/ENST00000369358_CDS.fasta,data/coding_sequences/ENST00000369358_REJ.N.fasta,data/coding_sequences/ENST00000369358_REJ.C.fasta
17598,NRAP,nebulin related anchoring protein,ENSG00000197893,ENST00000360478,10,5088,3.7065471026403576,False,True,NRAP [ENST00000360478],Human,data/coding_sequences/ENST00000360478_CDS.fasta,data/coding_sequences/ENST00000360478_REJ.N.fasta,data/coding_sequences/ENST00000360478_REJ.C.fasta
20445,NRAP,nebulin related anchoring protein,ENSG00000197893,ENST00000369360,10,5112,3.7085908451503435,False,True,NRAP [ENST00000369360],Human,data/coding_sequences/ENST00000369360_CDS.fasta,data/coding_sequences/ENST00000369360_REJ.N.fasta,data/coding_sequences/ENST00000369360_REJ.C.fasta
2048,NRK,Nik related kinase,ENSG00000123572,ENST00000243300,X,4749,3.676602169582018,False,True,NRK [ENST00000243300],Human,data/coding_sequences/ENST00000243300_CDS.fasta,data/coding_sequences/ENST00000243300_REJ.N.fasta,data/coding_sequences/ENST00000243300_REJ.C.fasta
29226,NRXN1,neurexin 1,ENSG00000179915,ENST00000401669,2,4524,3.6555225962534177,True,True,NRXN1 [ENST00000401669],Human,data/coding_sequences/ENST00000401669_CDS.fasta,data/coding_sequences/ENST00000401669_REJ.N.fasta,data/coding_sequences/ENST00000401669_REJ.C.fasta
27005,NRXN1,neurexin 1,ENSG00000179915,ENST00000404971,2,4644,3.666892211066536,True,True,NRXN1 [ENST00000404971],Human,data/coding_sequences/ENST00000404971_CDS.fasta,data/coding_sequences/ENST00000404971_REJ.N.fasta,data/coding_sequences/ENST00000404971_REJ.C.fasta
22463,NRXN2,neurexin 2,ENSG00000110076,ENST00000377559,11,4929,3.692758818154724,False,True,NRXN2 [ENST00000377559],Human,data/coding_sequences/ENST00000377559_CDS.fasta,data/coding_sequences/ENST00000377559_REJ.N.fasta,data/coding_sequences/ENST00000377559_REJ.C.fasta
2762,NRXN2,neurexin 2,ENSG00000110076,ENST00000265459,11,5139,3.710878617685173,False,True,NRXN2 [ENST00000265459],Human,data/coding_sequences/ENST00000265459_CDS.fasta,data/coding_sequences/ENST00000265459_REJ.N.fasta,data/coding_sequences/ENST00000265459_REJ.C.fasta
31177,NRXN2,neurexin 2,ENSG00000110076,ENST00000409571,11,5118,3.7091002815511667,False,True,NRXN2 [ENST00000409571],Human,data/coding_sequences/ENST00000409571_CDS.fasta,data/coding_sequences/ENST00000409571_REJ.N.fasta,data/coding_sequences/ENST00000409571_REJ.C.fasta
115626,NRXN2,neurexin 2,ENSG00000110076,ENST00000688050,11,4536,3.65667304588485,False,True,NRXN2 [ENST00000688050],Human,data/coding_sequences/ENST00000688050_CDS.fasta,data/coding_sequences/ENST00000688050_REJ.N.fasta,data/coding_sequences/ENST00000688050_REJ.C.fasta
121454,NRXN2,neurexin 2,ENSG00000110076,ENST00000704781,11,4566,3.6595359071542166,False,True,NRXN2 [ENST00000704781],Human,data/coding_sequences/ENST00000704781_CDS.fasta,data/coding_sequences/ENST00000704781_REJ.N.fasta,data/coding_sequences/ENST00000704781_REJ.C.fasta
121564,NRXN2,neurexin 2,ENSG00000110076,ENST00000704782,11,5148,3.711638538232349,False,True,NRXN2 [ENST00000704782],Human,data/coding_sequences/ENST00000704782_CDS.fasta,data/coding_sequences/ENST00000704782_REJ.N.fasta,data/coding_sequences/ENST00000704782_REJ.C.fasta
10475,NRXN3,neurexin 3,ENSG00000021645,ENST00000335750,14,4716,3.6735737964230517,False,True,NRXN3 [ENST00000335750],Human,data/coding_sequences/ENST00000335750_CDS.fasta,data/coding_sequences/ENST00000335750_REJ.N.fasta,data/coding_sequences/ENST00000335750_REJ.C.fasta
116046,NSD1,nuclear receptor binding SET domain protein 1,ENSG00000165671,ENST00000687453,5,7782,3.8910912264677235,True,True,NSD1 [ENST00000687453],Human,data/coding_sequences/ENST00000687453_CDS.fasta,data/coding_sequences/ENST00000687453_REJ.N.fasta,data/coding_sequences/ENST00000687453_REJ.C.fasta
16813,NSD1,nuclear receptor binding SET domain protein 1,ENSG00000165671,ENST00000354179,5,7218,3.858416877723488,True,True,NSD1 [ENST00000354179],Human,data/coding_sequences/ENST00000354179_CDS.fasta,data/coding_sequences/ENST00000354179_REJ.N.fasta,data/coding_sequences/ENST00000354179_REJ.C.fasta
114749,NSD1,nuclear receptor binding SET domain protein 1,ENSG00000165671,ENST00000686993,5,7218,3.858416877723488,True,True,NSD1 [ENST00000686993],Human,data/coding_sequences/ENST00000686993_CDS.fasta,data/coding_sequences/ENST00000686993_REJ.N.fasta,data/coding_sequences/ENST00000686993_REJ.C.fasta
115530,NSD1,nuclear receptor binding SET domain protein 1,ENSG00000165671,ENST00000689345,5,7218,3.858416877723488,True,True,NSD1 [ENST00000689345],Human,data/coding_sequences/ENST00000689345_CDS.fasta,data/coding_sequences/ENST00000689345_REJ.N.fasta,data/coding_sequences/ENST00000689345_REJ.C.fasta
14331,NSD1,nuclear receptor binding SET domain protein 1,ENSG00000165671,ENST00000347982,5,7218,3.858416877723488,True,True,NSD1 [ENST00000347982],Human,data/coding_sequences/ENST00000347982_CDS.fasta,data/coding_sequences/ENST00000347982_REJ.N.fasta,data/coding_sequences/ENST00000347982_REJ.C.fasta
24367,NUMA1,nuclear mitotic apparatus protein 1,ENSG00000137497,ENST00000393695,11,6348,3.802636918082811,True,True,NUMA1 [ENST00000393695],Human,data/coding_sequences/ENST00000393695_CDS.fasta,data/coding_sequences/ENST00000393695_REJ.N.fasta,data/coding_sequences/ENST00000393695_REJ.C.fasta
17425,NUMA1,nuclear mitotic apparatus protein 1,ENSG00000137497,ENST00000358965,11,6306,3.799753966411886,True,True,NUMA1 [ENST00000358965],Human,data/coding_sequences/ENST00000358965_CDS.fasta,data/coding_sequences/ENST00000358965_REJ.N.fasta,data/coding_sequences/ENST00000358965_REJ.C.fasta
94573,NUMA1,nuclear mitotic apparatus protein 1,ENSG00000137497,ENST00000620566,11,6306,3.799753966411886,True,True,NUMA1 [ENST00000620566],Human,data/coding_sequences/ENST00000620566_CDS.fasta,data/coding_sequences/ENST00000620566_REJ.N.fasta,data/coding_sequences/ENST00000620566_REJ.C.fasta
69285,NUP153,nucleoporin 153,ENSG00000124789,ENST00000537253,6,4521,3.655234507034294,False,True,NUP153 [ENST00000537253],Human,data/coding_sequences/ENST00000537253_CDS.fasta,data/coding_sequences/ENST00000537253_REJ.N.fasta,data/coding_sequences/ENST00000537253_REJ.C.fasta
21076,NUP188,nucleoporin 188,ENSG00000095319,ENST00000372577,9,5250,3.720159303405957,True,True,NUP188 [ENST00000372577],Human,data/coding_sequences/ENST00000372577_CDS.fasta,data/coding_sequences/ENST00000372577_REJ.N.fasta,data/coding_sequences/ENST00000372577_REJ.C.fasta
4631,NUP205,nucleoporin 205,ENSG00000155561,ENST00000285968,7,6039,3.780965029608317,False,True,NUP205 [ENST00000285968],Human,data/coding_sequences/ENST00000285968_CDS.fasta,data/coding_sequences/ENST00000285968_REJ.N.fasta,data/coding_sequences/ENST00000285968_REJ.C.fasta
2535,NUP210,nucleoporin 210,ENSG00000132182,ENST00000254508,3,5664,3.7531232446817127,False,True,NUP210 [ENST00000254508],Human,data/coding_sequences/ENST00000254508_CDS.fasta,data/coding_sequences/ENST00000254508_REJ.N.fasta,data/coding_sequences/ENST00000254508_REJ.C.fasta
6951,NUP210L,nucleoporin 210 like,ENSG00000143552,ENST00000271854,1,5211,3.7169210731667612,False,True,NUP210L [ENST00000271854],Human,data/coding_sequences/ENST00000271854_CDS.fasta,data/coding_sequences/ENST00000271854_REJ.N.fasta,data/coding_sequences/ENST00000271854_REJ.C.fasta
20383,NUP210L,nucleoporin 210 like,ENSG00000143552,ENST00000368559,1,5667,3.753353212641496,False,True,NUP210L [ENST00000368559],Human,data/coding_sequences/ENST00000368559_CDS.fasta,data/coding_sequences/ENST00000368559_REJ.N.fasta,data/coding_sequences/ENST00000368559_REJ.C.fasta
14645,NUP214,nucleoporin 214,ENSG00000126883,ENST00000359428,9,6273,3.7974752875373343,True,True,NUP214 [ENST00000359428],Human,data/coding_sequences/ENST00000359428_CDS.fasta,data/coding_sequences/ENST00000359428_REJ.N.fasta,data/coding_sequences/ENST00000359428_REJ.C.fasta
117375,NUP214,nucleoporin 214,ENSG00000126883,ENST00000695498,9,5547,3.7440581658788354,True,True,NUP214 [ENST00000695498],Human,data/coding_sequences/ENST00000695498_CDS.fasta,data/coding_sequences/ENST00000695498_REJ.N.fasta,data/coding_sequences/ENST00000695498_REJ.C.fasta
35401,NUP214,nucleoporin 214,ENSG00000126883,ENST00000411637,9,6243,3.795393334931289,True,True,NUP214 [ENST00000411637],Human,data/coding_sequences/ENST00000411637_CDS.fasta,data/coding_sequences/ENST00000411637_REJ.N.fasta,data/coding_sequences/ENST00000411637_REJ.C.fasta
105973,NUP214,nucleoporin 214,ENSG00000126883,ENST00000652454,9,6237,3.794975744051132,True,True,NUP214 [ENST00000652454],Human,data/coding_sequences/ENST00000652454_CDS.fasta,data/coding_sequences/ENST00000652454_REJ.N.fasta,data/coding_sequences/ENST00000652454_REJ.C.fasta
62440,NUP98,nucleoporin 98 and 96 precursor,ENSG00000110713,ENST00000527104,11,5379,3.730701544281845,False,True,NUP98 [ENST00000527104],Human,data/coding_sequences/ENST00000527104_CDS.fasta,data/coding_sequences/ENST00000527104_REJ.N.fasta,data/coding_sequences/ENST00000527104_REJ.C.fasta
119554,NUP98,nucleoporin 98 and 96 precursor,ENSG00000110713,ENST00000700602,11,4986,3.6977522741677546,False,True,NUP98 [ENST00000700602],Human,data/coding_sequences/ENST00000700602_CDS.fasta,data/coding_sequences/ENST00000700602_REJ.N.fasta,data/coding_sequences/ENST00000700602_REJ.C.fasta
119170,NUP98,nucleoporin 98 and 96 precursor,ENSG00000110713,ENST00000700598,11,5352,3.7285161047597666,False,True,NUP98 [ENST00000700598],Human,data/coding_sequences/ENST00000700598_CDS.fasta,data/coding_sequences/ENST00000700598_REJ.N.fasta,data/coding_sequences/ENST00000700598_REJ.C.fasta
14660,NUP98,nucleoporin 98 and 96 precursor,ENSG00000110713,ENST00000355260,11,5181,3.714413592287121,False,True,NUP98 [ENST00000355260],Human,data/coding_sequences/ENST00000355260_CDS.fasta,data/coding_sequences/ENST00000355260_REJ.N.fasta,data/coding_sequences/ENST00000355260_REJ.C.fasta
119980,NUP98,nucleoporin 98 and 96 precursor,ENSG00000110713,ENST00000700597,11,5376,3.7304592600457687,False,True,NUP98 [ENST00000700597],Human,data/coding_sequences/ENST00000700597_CDS.fasta,data/coding_sequences/ENST00000700597_REJ.N.fasta,data/coding_sequences/ENST00000700597_REJ.C.fasta
120134,NUP98,nucleoporin 98 and 96 precursor,ENSG00000110713,ENST00000700603,11,5262,3.721150843749684,False,True,NUP98 [ENST00000700603],Human,data/coding_sequences/ENST00000700603_CDS.fasta,data/coding_sequences/ENST00000700603_REJ.N.fasta,data/coding_sequences/ENST00000700603_REJ.C.fasta
118859,NUP98,nucleoporin 98 and 96 precursor,ENSG00000110713,ENST00000700601,11,4935,3.6932871570056554,False,True,NUP98 [ENST00000700601],Human,data/coding_sequences/ENST00000700601_CDS.fasta,data/coding_sequences/ENST00000700601_REJ.N.fasta,data/coding_sequences/ENST00000700601_REJ.C.fasta
64398,NUP98,nucleoporin 98 and 96 precursor,ENSG00000110713,ENST00000529379,11,5262,3.721150843749684,False,True,NUP98 [ENST00000529379],Human,data/coding_sequences/ENST00000529379_CDS.fasta,data/coding_sequences/ENST00000529379_REJ.N.fasta,data/coding_sequences/ENST00000529379_REJ.C.fasta
12459,NUP98,nucleoporin 98 and 96 precursor,ENSG00000110713,ENST00000324932,11,5403,3.732634967539196,False,True,NUP98 [ENST00000324932],Human,data/coding_sequences/ENST00000324932_CDS.fasta,data/coding_sequences/ENST00000324932_REJ.N.fasta,data/coding_sequences/ENST00000324932_REJ.C.fasta
14219,NUP98,nucleoporin 98 and 96 precursor,ENSG00000110713,ENST00000359171,11,5454,3.7367151336056112,False,True,NUP98 [ENST00000359171],Human,data/coding_sequences/ENST00000359171_CDS.fasta,data/coding_sequences/ENST00000359171_REJ.N.fasta,data/coding_sequences/ENST00000359171_REJ.C.fasta
70482,NWD1,NACHT and WD repeat domain containing 1,ENSG00000188039,ENST00000549814,19,4569,3.659821158055705,False,True,NWD1 [ENST00000549814],Human,data/coding_sequences/ENST00000549814_CDS.fasta,data/coding_sequences/ENST00000549814_REJ.N.fasta,data/coding_sequences/ENST00000549814_REJ.C.fasta
71987,NWD1,NACHT and WD repeat domain containing 1,ENSG00000188039,ENST00000552788,19,4695,3.6716355966021297,False,True,NWD1 [ENST00000552788],Human,data/coding_sequences/ENST00000552788_CDS.fasta,data/coding_sequences/ENST00000552788_REJ.N.fasta,data/coding_sequences/ENST00000552788_REJ.C.fasta
8763,NWD2,NACHT and WD repeat domain containing 2,ENSG00000174145,ENST00000309447,4,5229,3.7184186418296554,False,True,NWD2 [ENST00000309447],Human,data/coding_sequences/ENST00000309447_CDS.fasta,data/coding_sequences/ENST00000309447_REJ.N.fasta,data/coding_sequences/ENST00000309447_REJ.C.fasta
24465,NYNRIN,NYN domain and retroviral integrase containing,ENSG00000205978,ENST00000382554,14,5697,3.75564621945668,False,True,NYNRIN [ENST00000382554],Human,data/coding_sequences/ENST00000382554_CDS.fasta,data/coding_sequences/ENST00000382554_REJ.N.fasta,data/coding_sequences/ENST00000382554_REJ.C.fasta
89212,OBSL1,obscurin like cytoskeletal adaptor 1,ENSG00000124006,ENST00000603926,2,4632,3.66576855071938,True,True,OBSL1 [ENST00000603926],Human,data/coding_sequences/ENST00000603926_CDS.fasta,data/coding_sequences/ENST00000603926_REJ.N.fasta,data/coding_sequences/ENST00000603926_REJ.C.fasta
17869,OBSL1,obscurin like cytoskeletal adaptor 1,ENSG00000124006,ENST00000373876,2,5415,3.733598460961339,True,True,OBSL1 [ENST00000373876],Human,data/coding_sequences/ENST00000373876_CDS.fasta,data/coding_sequences/ENST00000373876_REJ.N.fasta,data/coding_sequences/ENST00000373876_REJ.C.fasta
30440,OBSL1,obscurin like cytoskeletal adaptor 1,ENSG00000124006,ENST00000404537,2,5691,3.755188585608325,True,True,OBSL1 [ENST00000404537],Human,data/coding_sequences/ENST00000404537_CDS.fasta,data/coding_sequences/ENST00000404537_REJ.N.fasta,data/coding_sequences/ENST00000404537_REJ.C.fasta
30485,OTOF,otoferlin,ENSG00000115155,ENST00000403946,2,5994,3.7777167386096258,True,True,OTOF [ENST00000403946],Human,data/coding_sequences/ENST00000403946_CDS.fasta,data/coding_sequences/ENST00000403946_REJ.N.fasta,data/coding_sequences/ENST00000403946_REJ.C.fasta
5429,OTOF,otoferlin,ENSG00000115155,ENST00000272371,2,5994,3.7777167386096258,True,True,OTOF [ENST00000272371],Human,data/coding_sequences/ENST00000272371_CDS.fasta,data/coding_sequences/ENST00000272371_REJ.N.fasta,data/coding_sequences/ENST00000272371_REJ.C.fasta
73197,OTOGL,otogelin like,ENSG00000165899,ENST00000547103,12,7062,3.8489277132270785,True,True,OTOGL [ENST00000547103],Human,data/coding_sequences/ENST00000547103_CDS.fasta,data/coding_sequences/ENST00000547103_REJ.N.fasta,data/coding_sequences/ENST00000547103_REJ.C.fasta
103287,OTOGL,otogelin like,ENSG00000165899,ENST00000646859,12,6927,3.8405451876368386,True,True,OTOGL [ENST00000646859],Human,data/coding_sequences/ENST00000646859_CDS.fasta,data/coding_sequences/ENST00000646859_REJ.N.fasta,data/coding_sequences/ENST00000646859_REJ.C.fasta
10052,PAPPA,pappalysin 1,ENSG00000182752,ENST00000328252,9,4884,3.688775655272845,False,True,PAPPA [ENST00000328252],Human,data/coding_sequences/ENST00000328252_CDS.fasta,data/coding_sequences/ENST00000328252_REJ.N.fasta,data/coding_sequences/ENST00000328252_REJ.C.fasta
18365,PAPPA2,pappalysin 2,ENSG00000116183,ENST00000367662,1,5376,3.7304592600457687,True,True,PAPPA2 [ENST00000367662],Human,data/coding_sequences/ENST00000367662_CDS.fasta,data/coding_sequences/ENST00000367662_REJ.N.fasta,data/coding_sequences/ENST00000367662_REJ.C.fasta
50083,PARP14,poly(ADP-ribose) polymerase family member 14,ENSG00000173193,ENST00000460683,3,4566,3.6595359071542166,False,True,PARP14 [ENST00000460683],Human,data/coding_sequences/ENST00000460683_CDS.fasta,data/coding_sequences/ENST00000460683_REJ.N.fasta,data/coding_sequences/ENST00000460683_REJ.C.fasta
53063,PARP14,poly(ADP-ribose) polymerase family member 14,ENSG00000173193,ENST00000474629,3,5406,3.7328760413627067,False,True,PARP14 [ENST00000474629],Human,data/coding_sequences/ENST00000474629_CDS.fasta,data/coding_sequences/ENST00000474629_REJ.N.fasta,data/coding_sequences/ENST00000474629_REJ.C.fasta
26204,PARP4,poly(ADP-ribose) polymerase family member 4,ENSG00000102699,ENST00000381989,13,5175,3.7139103541289553,False,True,PARP4 [ENST00000381989],Human,data/coding_sequences/ENST00000381989_CDS.fasta,data/coding_sequences/ENST00000381989_REJ.N.fasta,data/coding_sequences/ENST00000381989_REJ.C.fasta
19414,PATJ,PATJ crumbs cell polarity complex component,ENSG00000132849,ENST00000371158,1,5406,3.7328760413627067,False,True,PATJ [ENST00000371158],Human,data/coding_sequences/ENST00000371158_CDS.fasta,data/coding_sequences/ENST00000371158_REJ.N.fasta,data/coding_sequences/ENST00000371158_REJ.C.fasta
101341,PATJ,PATJ crumbs cell polarity complex component,ENSG00000132849,ENST00000642238,1,5649,3.751971574736327,False,True,PATJ [ENST00000642238],Human,data/coding_sequences/ENST00000642238_CDS.fasta,data/coding_sequences/ENST00000642238_REJ.N.fasta,data/coding_sequences/ENST00000642238_REJ.C.fasta
30196,PBRM1,polybromo 1,ENSG00000163939,ENST00000409057,3,4905,3.6906390117159673,False,True,PBRM1 [ENST00000409057],Human,data/coding_sequences/ENST00000409057_CDS.fasta,data/coding_sequences/ENST00000409057_REJ.N.fasta,data/coding_sequences/ENST00000409057_REJ.C.fasta
34252,PBRM1,polybromo 1,ENSG00000163939,ENST00000410007,3,4830,3.683947130751512,False,True,PBRM1 [ENST00000410007],Human,data/coding_sequences/ENST00000410007_CDS.fasta,data/coding_sequences/ENST00000410007_REJ.N.fasta,data/coding_sequences/ENST00000410007_REJ.C.fasta
29801,PBRM1,polybromo 1,ENSG00000163939,ENST00000394830,3,4749,3.676602169582018,False,True,PBRM1 [ENST00000394830],Human,data/coding_sequences/ENST00000394830_CDS.fasta,data/coding_sequences/ENST00000394830_REJ.N.fasta,data/coding_sequences/ENST00000394830_REJ.C.fasta
31928,PBRM1,polybromo 1,ENSG00000163939,ENST00000409767,3,4794,3.680698029697635,False,True,PBRM1 [ENST00000409767],Human,data/coding_sequences/ENST00000409767_CDS.fasta,data/coding_sequences/ENST00000409767_REJ.N.fasta,data/coding_sequences/ENST00000409767_REJ.C.fasta
16726,PBRM1,polybromo 1,ENSG00000163939,ENST00000356770,3,4809,3.6820547770738075,False,True,PBRM1 [ENST00000356770],Human,data/coding_sequences/ENST00000356770_CDS.fasta,data/coding_sequences/ENST00000356770_REJ.N.fasta,data/coding_sequences/ENST00000356770_REJ.C.fasta
13087,PBRM1,polybromo 1,ENSG00000163939,ENST00000337303,3,4749,3.676602169582018,False,True,PBRM1 [ENST00000337303],Human,data/coding_sequences/ENST00000337303_CDS.fasta,data/coding_sequences/ENST00000337303_REJ.N.fasta,data/coding_sequences/ENST00000337303_REJ.C.fasta
121697,PBRM1,polybromo 1,ENSG00000163939,ENST00000707071,3,5115,3.708845638048179,False,True,PBRM1 [ENST00000707071],Human,data/coding_sequences/ENST00000707071_CDS.fasta,data/coding_sequences/ENST00000707071_REJ.N.fasta,data/coding_sequences/ENST00000707071_REJ.C.fasta
7221,PBRM1,polybromo 1,ENSG00000163939,ENST00000296302,3,5070,3.705007959333336,False,True,PBRM1 [ENST00000296302],Human,data/coding_sequences/ENST00000296302_CDS.fasta,data/coding_sequences/ENST00000296302_REJ.N.fasta,data/coding_sequences/ENST00000296302_REJ.C.fasta
29862,PBRM1,polybromo 1,ENSG00000163939,ENST00000409114,3,4959,3.6953941082911097,False,True,PBRM1 [ENST00000409114],Human,data/coding_sequences/ENST00000409114_CDS.fasta,data/coding_sequences/ENST00000409114_REJ.N.fasta,data/coding_sequences/ENST00000409114_REJ.C.fasta
14504,PCDH15,protocadherin related 15,ENSG00000150275,ENST00000361849,10,5874,3.7689339421867816,True,True,PCDH15 [ENST00000361849],Human,data/coding_sequences/ENST00000361849_CDS.fasta,data/coding_sequences/ENST00000361849_REJ.N.fasta,data/coding_sequences/ENST00000361849_REJ.C.fasta
29426,PCDH15,protocadherin related 15,ENSG00000150275,ENST00000395445,10,5352,3.7285161047597666,True,True,PCDH15 [ENST00000395445],Human,data/coding_sequences/ENST00000395445_CDS.fasta,data/coding_sequences/ENST00000395445_REJ.N.fasta,data/coding_sequences/ENST00000395445_REJ.C.fasta
18038,PCDH15,protocadherin related 15,ENSG00000150275,ENST00000373957,10,5889,3.770041554319669,True,True,PCDH15 [ENST00000373957],Human,data/coding_sequences/ENST00000373957_CDS.fasta,data/coding_sequences/ENST00000373957_REJ.N.fasta,data/coding_sequences/ENST00000373957_REJ.C.fasta
42576,PCDH15,protocadherin related 15,ENSG00000150275,ENST00000437009,10,5661,3.752893154884594,True,True,PCDH15 [ENST00000437009],Human,data/coding_sequences/ENST00000437009_CDS.fasta,data/coding_sequences/ENST00000437009_REJ.N.fasta,data/coding_sequences/ENST00000437009_REJ.C.fasta
93562,PCDH15,protocadherin related 15,ENSG00000150275,ENST00000621708,10,5049,3.7032053706954864,True,True,PCDH15 [ENST00000621708],Human,data/coding_sequences/ENST00000621708_CDS.fasta,data/coding_sequences/ENST00000621708_REJ.N.fasta,data/coding_sequences/ENST00000621708_REJ.C.fasta
91126,PCDH15,protocadherin related 15,ENSG00000150275,ENST00000616114,10,5028,3.7013952690139202,True,True,PCDH15 [ENST00000616114],Human,data/coding_sequences/ENST00000616114_CDS.fasta,data/coding_sequences/ENST00000616114_REJ.N.fasta,data/coding_sequences/ENST00000616114_REJ.C.fasta
18002,PCDH15,protocadherin related 15,ENSG00000150275,ENST00000373965,10,5034,3.701913211212344,True,True,PCDH15 [ENST00000373965],Human,data/coding_sequences/ENST00000373965_CDS.fasta,data/coding_sequences/ENST00000373965_REJ.N.fasta,data/coding_sequences/ENST00000373965_REJ.C.fasta
29085,PCDH15,protocadherin related 15,ENSG00000150275,ENST00000395433,10,5799,3.7633531087482153,True,True,PCDH15 [ENST00000395433],Human,data/coding_sequences/ENST00000395433_CDS.fasta,data/coding_sequences/ENST00000395433_REJ.N.fasta,data/coding_sequences/ENST00000395433_REJ.C.fasta
92026,PCDH15,protocadherin related 15,ENSG00000150275,ENST00000613657,10,5373,3.730216840568694,True,True,PCDH15 [ENST00000613657],Human,data/coding_sequences/ENST00000613657_CDS.fasta,data/coding_sequences/ENST00000613657_REJ.N.fasta,data/coding_sequences/ENST00000613657_REJ.C.fasta
101988,PCDH15,protocadherin related 15,ENSG00000150275,ENST00000644397,10,5223,3.7179200258369938,True,True,PCDH15 [ENST00000644397],Human,data/coding_sequences/ENST00000644397_CDS.fasta,data/coding_sequences/ENST00000644397_REJ.N.fasta,data/coding_sequences/ENST00000644397_REJ.C.fasta
27191,PCDH15,protocadherin related 15,ENSG00000150275,ENST00000395430,10,5859,3.767823498007517,True,True,PCDH15 [ENST00000395430],Human,data/coding_sequences/ENST00000395430_CDS.fasta,data/coding_sequences/ENST00000395430_REJ.N.fasta,data/coding_sequences/ENST00000395430_REJ.C.fasta
92722,PCDH15,protocadherin related 15,ENSG00000150275,ENST00000617271,10,4620,3.6646419755561257,True,True,PCDH15 [ENST00000617271],Human,data/coding_sequences/ENST00000617271_CDS.fasta,data/coding_sequences/ENST00000617271_REJ.N.fasta,data/coding_sequences/ENST00000617271_REJ.C.fasta
13895,PCDH15,protocadherin related 15,ENSG00000150275,ENST00000320301,10,5868,3.768490105171245,True,True,PCDH15 [ENST00000320301],Human,data/coding_sequences/ENST00000320301_CDS.fasta,data/coding_sequences/ENST00000320301_REJ.N.fasta,data/coding_sequences/ENST00000320301_REJ.C.fasta
118180,PCF11,PCF11 cleavage and polyadenylation factor subunit,ENSG00000165494,ENST00000690938,11,5061,3.7042363373087874,False,True,PCF11 [ENST00000690938],Human,data/coding_sequences/ENST00000690938_CDS.fasta,data/coding_sequences/ENST00000690938_REJ.N.fasta,data/coding_sequences/ENST00000690938_REJ.C.fasta
7346,PCF11,PCF11 cleavage and polyadenylation factor subunit,ENSG00000165494,ENST00000298281,11,4668,3.6691308473733324,False,True,PCF11 [ENST00000298281],Human,data/coding_sequences/ENST00000298281_CDS.fasta,data/coding_sequences/ENST00000298281_REJ.N.fasta,data/coding_sequences/ENST00000298281_REJ.C.fasta
63291,PCM1,pericentriolar material 1,ENSG00000078674,ENST00000522275,8,6132,3.7876021461823375,False,True,PCM1 [ENST00000522275],Human,data/coding_sequences/ENST00000522275_CDS.fasta,data/coding_sequences/ENST00000522275_REJ.N.fasta,data/coding_sequences/ENST00000522275_REJ.C.fasta
13564,PCM1,pericentriolar material 1,ENSG00000078674,ENST00000325083,8,6075,3.7835462822703496,False,True,PCM1 [ENST00000325083],Human,data/coding_sequences/ENST00000325083_CDS.fasta,data/coding_sequences/ENST00000325083_REJ.N.fasta,data/coding_sequences/ENST00000325083_REJ.C.fasta
62144,PCM1,pericentriolar material 1,ENSG00000078674,ENST00000524226,8,5583,3.7468676278504294,False,True,PCM1 [ENST00000524226],Human,data/coding_sequences/ENST00000524226_CDS.fasta,data/coding_sequences/ENST00000524226_REJ.N.fasta,data/coding_sequences/ENST00000524226_REJ.C.fasta
61828,PCM1,pericentriolar material 1,ENSG00000078674,ENST00000519253,8,6051,3.781827152932428,False,True,PCM1 [ENST00000519253],Human,data/coding_sequences/ENST00000519253_CDS.fasta,data/coding_sequences/ENST00000519253_REJ.N.fasta,data/coding_sequences/ENST00000519253_REJ.C.fasta
41161,PCNX1,pecanex 1,ENSG00000100731,ENST00000439984,14,6693,3.8256208250035,False,True,PCNX1 [ENST00000439984],Human,data/coding_sequences/ENST00000439984_CDS.fasta,data/coding_sequences/ENST00000439984_REJ.N.fasta,data/coding_sequences/ENST00000439984_REJ.C.fasta
5065,PCNX1,pecanex 1,ENSG00000100731,ENST00000304743,14,7026,3.846708145456007,False,True,PCNX1 [ENST00000304743],Human,data/coding_sequences/ENST00000304743_CDS.fasta,data/coding_sequences/ENST00000304743_REJ.N.fasta,data/coding_sequences/ENST00000304743_REJ.C.fasta
4123,PCNX2,pecanex 2,ENSG00000135749,ENST00000258229,1,6414,3.8071289555924217,False,True,PCNX2 [ENST00000258229],Human,data/coding_sequences/ENST00000258229_CDS.fasta,data/coding_sequences/ENST00000258229_REJ.N.fasta,data/coding_sequences/ENST00000258229_REJ.C.fasta
14595,PCNX3,pecanex 3,ENSG00000197136,ENST00000355703,11,6105,3.7856856682809013,False,True,PCNX3 [ENST00000355703],Human,data/coding_sequences/ENST00000355703_CDS.fasta,data/coding_sequences/ENST00000355703_REJ.N.fasta,data/coding_sequences/ENST00000355703_REJ.C.fasta
71775,PCSK5,proprotein convertase subtilisin/kexin type 5,ENSG00000099139,ENST00000545128,9,5583,3.7468676278504294,False,True,PCSK5 [ENST00000545128],Human,data/coding_sequences/ENST00000545128_CDS.fasta,data/coding_sequences/ENST00000545128_REJ.N.fasta,data/coding_sequences/ENST00000545128_REJ.C.fasta
107725,PCSK5,proprotein convertase subtilisin/kexin type 5,ENSG00000099139,ENST00000674117,9,5664,3.7531232446817127,False,True,PCSK5 [ENST00000674117],Human,data/coding_sequences/ENST00000674117_CDS.fasta,data/coding_sequences/ENST00000674117_REJ.N.fasta,data/coding_sequences/ENST00000674117_REJ.C.fasta
39872,PCSK5,proprotein convertase subtilisin/kexin type 5,ENSG00000099139,ENST00000424854,9,4683,3.6705241577820797,False,True,PCSK5 [ENST00000424854],Human,data/coding_sequences/ENST00000424854_CDS.fasta,data/coding_sequences/ENST00000424854_REJ.N.fasta,data/coding_sequences/ENST00000424854_REJ.C.fasta
18887,PDCD11,programmed cell death 11,ENSG00000148843,ENST00000369797,10,5616,3.749427099121749,False,True,PDCD11 [ENST00000369797],Human,data/coding_sequences/ENST00000369797_CDS.fasta,data/coding_sequences/ENST00000369797_REJ.N.fasta,data/coding_sequences/ENST00000369797_REJ.C.fasta
105035,PDCD11,programmed cell death 11,ENSG00000148843,ENST00000649849,10,5619,3.7496590320949,False,True,PDCD11 [ENST00000649849],Human,data/coding_sequences/ENST00000649849_CDS.fasta,data/coding_sequences/ENST00000649849_REJ.N.fasta,data/coding_sequences/ENST00000649849_REJ.C.fasta
116509,PDE4DIP,phosphodiesterase 4D interacting protein,ENSG00000178104,ENST00000695768,1,7149,3.8542452970661185,False,True,PDE4DIP [ENST00000695768],Human,data/coding_sequences/ENST00000695768_CDS.fasta,data/coding_sequences/ENST00000695768_REJ.N.fasta,data/coding_sequences/ENST00000695768_REJ.C.fasta
64757,PDE4DIP,phosphodiesterase 4D interacting protein,ENSG00000178104,ENST00000524974,1,7296,3.86308482532036,False,True,PDE4DIP [ENST00000524974],Human,data/coding_sequences/ENST00000524974_CDS.fasta,data/coding_sequences/ENST00000524974_REJ.N.fasta,data/coding_sequences/ENST00000524974_REJ.C.fasta
116544,PDE4DIP,phosphodiesterase 4D interacting protein,ENSG00000178104,ENST00000695795,1,7239,3.8596785766284483,False,True,PDE4DIP [ENST00000695795],Human,data/coding_sequences/ENST00000695795_CDS.fasta,data/coding_sequences/ENST00000695795_REJ.N.fasta,data/coding_sequences/ENST00000695795_REJ.C.fasta
93057,PDE4DIP,phosphodiesterase 4D interacting protein,ENSG00000178104,ENST00000618462,1,6723,3.8275631112547237,False,True,PDE4DIP [ENST00000618462],Human,data/coding_sequences/ENST00000618462_CDS.fasta,data/coding_sequences/ENST00000618462_REJ.N.fasta,data/coding_sequences/ENST00000618462_REJ.C.fasta
120897,PDE4DIP,phosphodiesterase 4D interacting protein,ENSG00000178104,ENST00000704840,1,7527,3.876621916034273,False,True,PDE4DIP [ENST00000704840],Human,data/coding_sequences/ENST00000704840_CDS.fasta,data/coding_sequences/ENST00000704840_REJ.N.fasta,data/coding_sequences/ENST00000704840_REJ.C.fasta
118647,PDE4DIP,phosphodiesterase 4D interacting protein,ENSG00000178104,ENST00000695794,1,7452,3.872272846224205,False,True,PDE4DIP [ENST00000695794],Human,data/coding_sequences/ENST00000695794_CDS.fasta,data/coding_sequences/ENST00000695794_REJ.N.fasta,data/coding_sequences/ENST00000695794_REJ.C.fasta
21401,PDE4DIP,phosphodiesterase 4D interacting protein,ENSG00000178104,ENST00000369356,1,7089,3.8505849763520312,False,True,PDE4DIP [ENST00000369356],Human,data/coding_sequences/ENST00000369356_CDS.fasta,data/coding_sequences/ENST00000369356_REJ.N.fasta,data/coding_sequences/ENST00000369356_REJ.C.fasta
20274,PDE4DIP,phosphodiesterase 4D interacting protein,ENSG00000178104,ENST00000369354,1,7041,3.847634344318255,False,True,PDE4DIP [ENST00000369354],Human,data/coding_sequences/ENST00000369354_CDS.fasta,data/coding_sequences/ENST00000369354_REJ.N.fasta,data/coding_sequences/ENST00000369354_REJ.C.fasta
120857,PDE4DIP,phosphodiesterase 4D interacting protein,ENSG00000178104,ENST00000706647,1,6756,3.829689640898971,False,True,PDE4DIP [ENST00000706647],Human,data/coding_sequences/ENST00000706647_CDS.fasta,data/coding_sequences/ENST00000706647_REJ.N.fasta,data/coding_sequences/ENST00000706647_REJ.C.fasta
85658,PDE4DIP,phosphodiesterase 4D interacting protein,ENSG00000178104,ENST00000585156,1,7449,3.8720979742742268,False,True,PDE4DIP [ENST00000585156],Human,data/coding_sequences/ENST00000585156_CDS.fasta,data/coding_sequences/ENST00000585156_REJ.N.fasta,data/coding_sequences/ENST00000585156_REJ.C.fasta
8879,PEAK1,pseudopodium enriched atypical kinase 1,ENSG00000173517,ENST00000312493,15,5241,3.7194141597025934,False,True,PEAK1 [ENST00000312493],Human,data/coding_sequences/ENST00000312493_CDS.fasta,data/coding_sequences/ENST00000312493_REJ.N.fasta,data/coding_sequences/ENST00000312493_REJ.C.fasta
113274,PEAK1,pseudopodium enriched atypical kinase 1,ENSG00000173517,ENST00000682557,15,5241,3.7194141597025934,False,True,PEAK1 [ENST00000682557],Human,data/coding_sequences/ENST00000682557_CDS.fasta,data/coding_sequences/ENST00000682557_REJ.N.fasta,data/coding_sequences/ENST00000682557_REJ.C.fasta
77211,PEAK1,pseudopodium enriched atypical kinase 1,ENSG00000173517,ENST00000560626,15,5241,3.7194141597025934,False,True,PEAK1 [ENST00000560626],Human,data/coding_sequences/ENST00000560626_CDS.fasta,data/coding_sequences/ENST00000560626_REJ.N.fasta,data/coding_sequences/ENST00000560626_REJ.C.fasta
87917,PEG3,paternally expressed 3,ENSG00000198300,ENST00000599534,19,4764,3.67797175281074,False,True,PEG3 [ENST00000599534],Human,data/coding_sequences/ENST00000599534_CDS.fasta,data/coding_sequences/ENST00000599534_REJ.N.fasta,data/coding_sequences/ENST00000599534_REJ.C.fasta
11740,PEG3,paternally expressed 3,ENSG00000198300,ENST00000326441,19,4767,3.678245151927042,False,True,PEG3 [ENST00000326441],Human,data/coding_sequences/ENST00000326441_CDS.fasta,data/coding_sequences/ENST00000326441_REJ.N.fasta,data/coding_sequences/ENST00000326441_REJ.C.fasta
89084,PEG3,paternally expressed 3,ENSG00000198300,ENST00000599577,19,4764,3.67797175281074,False,True,PEG3 [ENST00000599577],Human,data/coding_sequences/ENST00000599577_CDS.fasta,data/coding_sequences/ENST00000599577_REJ.N.fasta,data/coding_sequences/ENST00000599577_REJ.C.fasta
3563,PHF3,PHD finger protein 3,ENSG00000118482,ENST00000262043,6,6120,3.7867514221455614,False,True,PHF3 [ENST00000262043],Human,data/coding_sequences/ENST00000262043_CDS.fasta,data/coding_sequences/ENST00000262043_REJ.N.fasta,data/coding_sequences/ENST00000262043_REJ.C.fasta
23276,PHF3,PHD finger protein 3,ENSG00000118482,ENST00000393387,6,6120,3.7867514221455614,False,True,PHF3 [ENST00000393387],Human,data/coding_sequences/ENST00000393387_CDS.fasta,data/coding_sequences/ENST00000393387_REJ.N.fasta,data/coding_sequences/ENST00000393387_REJ.C.fasta
119297,PHIP,pleckstrin homology domain interacting protein,ENSG00000146247,ENST00000700114,6,5406,3.7328760413627067,True,True,PHIP [ENST00000700114],Human,data/coding_sequences/ENST00000700114_CDS.fasta,data/coding_sequences/ENST00000700114_REJ.N.fasta,data/coding_sequences/ENST00000700114_REJ.C.fasta
7800,PHIP,pleckstrin homology domain interacting protein,ENSG00000146247,ENST00000275034,6,5466,3.737669627356642,True,True,PHIP [ENST00000275034],Human,data/coding_sequences/ENST00000275034_CDS.fasta,data/coding_sequences/ENST00000275034_REJ.N.fasta,data/coding_sequences/ENST00000275034_REJ.C.fasta
120001,PHIP,pleckstrin homology domain interacting protein,ENSG00000146247,ENST00000700115,6,5463,3.7374312005145827,True,True,PHIP [ENST00000700115],Human,data/coding_sequences/ENST00000700115_CDS.fasta,data/coding_sequences/ENST00000700115_REJ.N.fasta,data/coding_sequences/ENST00000700115_REJ.C.fasta
120368,PHIP,pleckstrin homology domain interacting protein,ENSG00000146247,ENST00000700118,6,5505,3.7407573233077707,True,True,PHIP [ENST00000700118],Human,data/coding_sequences/ENST00000700118_CDS.fasta,data/coding_sequences/ENST00000700118_REJ.N.fasta,data/coding_sequences/ENST00000700118_REJ.C.fasta
119110,PHIP,pleckstrin homology domain interacting protein,ENSG00000146247,ENST00000700013,6,5484,3.739097446117475,True,True,PHIP [ENST00000700013],Human,data/coding_sequences/ENST00000700013_CDS.fasta,data/coding_sequences/ENST00000700013_REJ.N.fasta,data/coding_sequences/ENST00000700013_REJ.C.fasta
2690,PHLPP1,PH domain and leucine rich repeat protein phosphatase 1,ENSG00000081913,ENST00000262719,18,5154,3.712144414214886,False,True,PHLPP1 [ENST00000262719],Human,data/coding_sequences/ENST00000262719_CDS.fasta,data/coding_sequences/ENST00000262719_REJ.N.fasta,data/coding_sequences/ENST00000262719_REJ.C.fasta
33964,PHRF1,PHD and ring finger domains 1,ENSG00000070047,ENST00000416188,11,4947,3.694341910364181,False,True,PHRF1 [ENST00000416188],Human,data/coding_sequences/ENST00000416188_CDS.fasta,data/coding_sequences/ENST00000416188_REJ.N.fasta,data/coding_sequences/ENST00000416188_REJ.C.fasta
96735,PHRF1,PHD and ring finger domains 1,ENSG00000274780,ENST00000632297,CHR_HSCHR11_1_CTG8,4938,3.6935510855959133,False,True,PHRF1 [ENST00000632297],Human,data/coding_sequences/ENST00000632297_CDS.fasta,data/coding_sequences/ENST00000632297_REJ.N.fasta,data/coding_sequences/ENST00000632297_REJ.C.fasta
3609,PHRF1,PHD and ring finger domains 1,ENSG00000070047,ENST00000264555,11,4950,3.694605198933569,False,True,PHRF1 [ENST00000264555],Human,data/coding_sequences/ENST00000264555_CDS.fasta,data/coding_sequences/ENST00000264555_REJ.N.fasta,data/coding_sequences/ENST00000264555_REJ.C.fasta
97813,PHRF1,PHD and ring finger domains 1,ENSG00000274780,ENST00000634091,CHR_HSCHR11_1_CTG8,4944,3.6940784620807596,False,True,PHRF1 [ENST00000634091],Human,data/coding_sequences/ENST00000634091_CDS.fasta,data/coding_sequences/ENST00000634091_REJ.N.fasta,data/coding_sequences/ENST00000634091_REJ.C.fasta
31925,PHRF1,PHD and ring finger domains 1,ENSG00000070047,ENST00000413872,11,4944,3.6940784620807596,False,True,PHRF1 [ENST00000413872],Human,data/coding_sequences/ENST00000413872_CDS.fasta,data/coding_sequences/ENST00000413872_REJ.N.fasta,data/coding_sequences/ENST00000413872_REJ.C.fasta
67985,PHRF1,PHD and ring finger domains 1,ENSG00000070047,ENST00000533464,11,4938,3.6935510855959133,False,True,PHRF1 [ENST00000533464],Human,data/coding_sequences/ENST00000533464_CDS.fasta,data/coding_sequences/ENST00000533464_REJ.N.fasta,data/coding_sequences/ENST00000533464_REJ.C.fasta
95338,PHRF1,PHD and ring finger domains 1,ENSG00000274780,ENST00000633631,CHR_HSCHR11_1_CTG8,4947,3.694341910364181,False,True,PHRF1 [ENST00000633631],Human,data/coding_sequences/ENST00000633631_CDS.fasta,data/coding_sequences/ENST00000633631_REJ.N.fasta,data/coding_sequences/ENST00000633631_REJ.C.fasta
92463,PHRF1,PHD and ring finger domains 1,ENSG00000274780,ENST00000616346,CHR_HSCHR11_1_CTG8,4950,3.694605198933569,False,True,PHRF1 [ENST00000616346],Human,data/coding_sequences/ENST00000616346_CDS.fasta,data/coding_sequences/ENST00000616346_REJ.N.fasta,data/coding_sequences/ENST00000616346_REJ.C.fasta
3054,PI4KA,phosphatidylinositol 4-kinase alpha,ENSG00000241973,ENST00000255882,22,6309,3.7999605274059833,True,True,PI4KA [ENST00000255882],Human,data/coding_sequences/ENST00000255882_CDS.fasta,data/coding_sequences/ENST00000255882_REJ.N.fasta,data/coding_sequences/ENST00000255882_REJ.C.fasta
6703,PIEZO1,piezo type mechanosensitive ion channel component 1,ENSG00000103335,ENST00000301015,16,7566,3.878866336956725,True,True,PIEZO1 [ENST00000301015],Human,data/coding_sequences/ENST00000301015_CDS.fasta,data/coding_sequences/ENST00000301015_REJ.N.fasta,data/coding_sequences/ENST00000301015_REJ.C.fasta
24076,PIEZO2,piezo type mechanosensitive ion channel component 2,ENSG00000154864,ENST00000383408,18,6501,3.8129801660394804,True,True,PIEZO2 [ENST00000383408],Human,data/coding_sequences/ENST00000383408_CDS.fasta,data/coding_sequences/ENST00000383408_REJ.N.fasta,data/coding_sequences/ENST00000383408_REJ.C.fasta
117740,PIK3C2A,phosphatidylinositol-4-phosphate 3-kinase catalytic subunit type 2 alpha,ENSG00000011405,ENST00000691414,11,5061,3.7042363373087874,True,True,PIK3C2A [ENST00000691414],Human,data/coding_sequences/ENST00000691414_CDS.fasta,data/coding_sequences/ENST00000691414_REJ.N.fasta,data/coding_sequences/ENST00000691414_REJ.C.fasta
2790,PIK3C2A,phosphatidylinositol-4-phosphate 3-kinase catalytic subunit type 2 alpha,ENSG00000011405,ENST00000265970,11,5061,3.7042363373087874,True,True,PIK3C2A [ENST00000265970],Human,data/coding_sequences/ENST00000265970_CDS.fasta,data/coding_sequences/ENST00000265970_REJ.N.fasta,data/coding_sequences/ENST00000265970_REJ.C.fasta
115914,PIK3C2B,phosphatidylinositol-4-phosphate 3-kinase catalytic subunit type 2 beta,ENSG00000133056,ENST00000684373,1,4905,3.6906390117159673,False,True,PIK3C2B [ENST00000684373],Human,data/coding_sequences/ENST00000684373_CDS.fasta,data/coding_sequences/ENST00000684373_REJ.N.fasta,data/coding_sequences/ENST00000684373_REJ.C.fasta
39679,PIK3C2B,phosphatidylinositol-4-phosphate 3-kinase catalytic subunit type 2 beta,ENSG00000133056,ENST00000424712,1,4821,3.683137131483007,False,True,PIK3C2B [ENST00000424712],Human,data/coding_sequences/ENST00000424712_CDS.fasta,data/coding_sequences/ENST00000424712_REJ.N.fasta,data/coding_sequences/ENST00000424712_REJ.C.fasta
14240,PIK3C2B,phosphatidylinositol-4-phosphate 3-kinase catalytic subunit type 2 beta,ENSG00000133056,ENST00000367187,1,4905,3.6906390117159673,False,True,PIK3C2B [ENST00000367187],Human,data/coding_sequences/ENST00000367187_CDS.fasta,data/coding_sequences/ENST00000367187_REJ.N.fasta,data/coding_sequences/ENST00000367187_REJ.C.fasta
3418,PIKFYVE,"phosphoinositide kinase, FYVE-type zinc finger containing",ENSG00000115020,ENST00000264380,2,6297,3.7991336933020627,True,True,PIKFYVE [ENST00000264380],Human,data/coding_sequences/ENST00000264380_CDS.fasta,data/coding_sequences/ENST00000264380_REJ.N.fasta,data/coding_sequences/ENST00000264380_REJ.C.fasta
70051,PKD1L2,polycystin 1 like 2 (gene/pseudogene),ENSG00000166473,ENST00000533478,16,5324,3.7262380468026377,False,True,PKD1L2 [ENST00000533478],Human,data/coding_sequences/ENST00000533478_CDS.fasta,data/coding_sequences/ENST00000533478_REJ.N.fasta,data/coding_sequences/ENST00000533478_REJ.C.fasta
63664,PKD1L2,polycystin 1 like 2 (gene/pseudogene),ENSG00000166473,ENST00000525539,16,7379,3.867997510344951,False,True,PKD1L2 [ENST00000525539],Human,data/coding_sequences/ENST00000525539_CDS.fasta,data/coding_sequences/ENST00000525539_REJ.N.fasta,data/coding_sequences/ENST00000525539_REJ.C.fasta
92441,PKD1L3,"polycystin 1 like 3, transient receptor potential channel interacting",ENSG00000277481,ENST00000620267,16,5199,3.7159198174335795,False,True,PKD1L3 [ENST00000620267],Human,data/coding_sequences/ENST00000620267_CDS.fasta,data/coding_sequences/ENST00000620267_REJ.N.fasta,data/coding_sequences/ENST00000620267_REJ.C.fasta
2502,PKDREJ,polycystin family receptor for egg jelly,ENSG00000130943,ENST00000253255,22,6762,3.8300751664297503,False,True,PKDREJ [ENST00000253255],Human,data/coding_sequences/ENST00000253255_CDS.fasta,data/coding_sequences/ENST00000253255_REJ.N.fasta,data/coding_sequences/ENST00000253255_REJ.C.fasta
118579,PLCE1,phospholipase C epsilon 1,ENSG00000138193,ENST00000692286,10,6694,3.825685708021758,True,True,PLCE1 [ENST00000692286],Human,data/coding_sequences/ENST00000692286_CDS.fasta,data/coding_sequences/ENST00000692286_REJ.N.fasta,data/coding_sequences/ENST00000692286_REJ.C.fasta
110252,PLCE1,phospholipase C epsilon 1,ENSG00000138193,ENST00000675218,10,5985,3.7770641547424293,True,True,PLCE1 [ENST00000675218],Human,data/coding_sequences/ENST00000675218_CDS.fasta,data/coding_sequences/ENST00000675218_REJ.N.fasta,data/coding_sequences/ENST00000675218_REJ.C.fasta
115004,PLCE1,phospholipase C epsilon 1,ENSG00000138193,ENST00000688810,10,5937,3.7735670489260587,True,True,PLCE1 [ENST00000688810],Human,data/coding_sequences/ENST00000688810_CDS.fasta,data/coding_sequences/ENST00000688810_REJ.N.fasta,data/coding_sequences/ENST00000688810_REJ.C.fasta
20405,PLCE1,phospholipase C epsilon 1,ENSG00000138193,ENST00000371375,10,5985,3.7770641547424293,True,True,PLCE1 [ENST00000371375],Human,data/coding_sequences/ENST00000371375_CDS.fasta,data/coding_sequences/ENST00000371375_REJ.N.fasta,data/coding_sequences/ENST00000371375_REJ.C.fasta
115582,PLCE1,phospholipase C epsilon 1,ENSG00000138193,ENST00000686954,10,4863,3.6869042695681773,True,True,PLCE1 [ENST00000686954],Human,data/coding_sequences/ENST00000686954_CDS.fasta,data/coding_sequences/ENST00000686954_REJ.N.fasta,data/coding_sequences/ENST00000686954_REJ.C.fasta
21009,PLCE1,phospholipase C epsilon 1,ENSG00000138193,ENST00000371380,10,6909,3.8394151926838935,True,True,PLCE1 [ENST00000371380],Human,data/coding_sequences/ENST00000371380_CDS.fasta,data/coding_sequences/ENST00000371380_REJ.N.fasta,data/coding_sequences/ENST00000371380_REJ.C.fasta
108694,PLCE1,phospholipase C epsilon 1,ENSG00000138193,ENST00000674827,10,4584,3.6612446089593336,True,True,PLCE1 [ENST00000674827],Human,data/coding_sequences/ENST00000674827_CDS.fasta,data/coding_sequences/ENST00000674827_REJ.N.fasta,data/coding_sequences/ENST00000674827_REJ.C.fasta
17744,PLCE1,phospholipase C epsilon 1,ENSG00000138193,ENST00000371385,10,5883,3.7695988483874463,True,True,PLCE1 [ENST00000371385],Human,data/coding_sequences/ENST00000371385_CDS.fasta,data/coding_sequences/ENST00000371385_REJ.N.fasta,data/coding_sequences/ENST00000371385_REJ.C.fasta
116641,PLCE1,phospholipase C epsilon 1,ENSG00000138193,ENST00000692396,10,6861,3.836387419326411,True,True,PLCE1 [ENST00000692396],Human,data/coding_sequences/ENST00000692396_CDS.fasta,data/coding_sequences/ENST00000692396_REJ.N.fasta,data/coding_sequences/ENST00000692396_REJ.C.fasta
9602,PLCH1,phospholipase C eta 1,ENSG00000114805,ENST00000340059,3,5082,3.7060346607143506,True,True,PLCH1 [ENST00000340059],Human,data/coding_sequences/ENST00000340059_CDS.fasta,data/coding_sequences/ENST00000340059_REJ.N.fasta,data/coding_sequences/ENST00000340059_REJ.C.fasta
13426,PLCH1,phospholipase C eta 1,ENSG00000114805,ENST00000334686,3,4968,3.6961815871685237,True,True,PLCH1 [ENST00000334686],Human,data/coding_sequences/ENST00000334686_CDS.fasta,data/coding_sequences/ENST00000334686_REJ.N.fasta,data/coding_sequences/ENST00000334686_REJ.C.fasta
46213,PLCH1,phospholipase C eta 1,ENSG00000114805,ENST00000460012,3,5058,3.703978825008386,True,True,PLCH1 [ENST00000460012],Human,data/coding_sequences/ENST00000460012_CDS.fasta,data/coding_sequences/ENST00000460012_REJ.N.fasta,data/coding_sequences/ENST00000460012_REJ.C.fasta
100700,PLEKHG4B,pleckstrin homology and RhoGEF domain containing G4B,ENSG00000153404,ENST00000637938,5,4884,3.688775655272845,False,True,PLEKHG4B [ENST00000637938],Human,data/coding_sequences/ENST00000637938_CDS.fasta,data/coding_sequences/ENST00000637938_REJ.N.fasta,data/coding_sequences/ENST00000637938_REJ.C.fasta
23257,PLXNA1,plexin A1,ENSG00000114554,ENST00000393409,3,5691,3.755188585608325,True,True,PLXNA1 [ENST00000393409],Human,data/coding_sequences/ENST00000393409_CDS.fasta,data/coding_sequences/ENST00000393409_REJ.N.fasta,data/coding_sequences/ENST00000393409_REJ.C.fasta
17461,PLXNA2,plexin A2,ENSG00000076356,ENST00000367033,1,5685,3.7547304690237535,False,True,PLXNA2 [ENST00000367033],Human,data/coding_sequences/ENST00000367033_CDS.fasta,data/coding_sequences/ENST00000367033_REJ.N.fasta,data/coding_sequences/ENST00000367033_REJ.C.fasta
21867,PLXNA3,plexin A3,ENSG00000130827,ENST00000369682,X,5616,3.749427099121749,False,True,PLXNA3 [ENST00000369682],Human,data/coding_sequences/ENST00000369682_CDS.fasta,data/coding_sequences/ENST00000369682_REJ.N.fasta,data/coding_sequences/ENST00000369682_REJ.C.fasta
17478,PLXNA4,plexin A4,ENSG00000221866,ENST00000359827,7,5685,3.7547304690237535,False,True,PLXNA4 [ENST00000359827],Human,data/coding_sequences/ENST00000359827_CDS.fasta,data/coding_sequences/ENST00000359827_REJ.N.fasta,data/coding_sequences/ENST00000359827_REJ.C.fasta
9995,PLXNA4,plexin A4,ENSG00000221866,ENST00000321063,7,5685,3.7547304690237535,False,True,PLXNA4 [ENST00000321063],Human,data/coding_sequences/ENST00000321063_CDS.fasta,data/coding_sequences/ENST00000321063_REJ.N.fasta,data/coding_sequences/ENST00000321063_REJ.C.fasta
16483,PLXNB1,plexin B1,ENSG00000164050,ENST00000358536,3,6408,3.8067225030761813,False,True,PLXNB1 [ENST00000358536],Human,data/coding_sequences/ENST00000358536_CDS.fasta,data/coding_sequences/ENST00000358536_REJ.N.fasta,data/coding_sequences/ENST00000358536_REJ.C.fasta
48938,PLXNB1,plexin B1,ENSG00000164050,ENST00000456774,3,5859,3.767823498007517,False,True,PLXNB1 [ENST00000456774],Human,data/coding_sequences/ENST00000456774_CDS.fasta,data/coding_sequences/ENST00000456774_REJ.N.fasta,data/coding_sequences/ENST00000456774_REJ.C.fasta
8481,PLXNB1,plexin B1,ENSG00000164050,ENST00000296440,3,6408,3.8067225030761813,False,True,PLXNB1 [ENST00000296440],Human,data/coding_sequences/ENST00000296440_CDS.fasta,data/coding_sequences/ENST00000296440_REJ.N.fasta,data/coding_sequences/ENST00000296440_REJ.C.fasta
47090,PLXNB2,plexin B2,ENSG00000196576,ENST00000449103,22,5517,3.74170298395774,False,True,PLXNB2 [ENST00000449103],Human,data/coding_sequences/ENST00000449103_CDS.fasta,data/coding_sequences/ENST00000449103_REJ.N.fasta,data/coding_sequences/ENST00000449103_REJ.C.fasta
14375,PLXNB2,plexin B2,ENSG00000196576,ENST00000359337,22,5517,3.74170298395774,False,True,PLXNB2 [ENST00000359337],Human,data/coding_sequences/ENST00000359337_CDS.fasta,data/coding_sequences/ENST00000359337_REJ.N.fasta,data/coding_sequences/ENST00000359337_REJ.C.fasta
15557,PLXNB3,plexin B3,ENSG00000198753,ENST00000361971,X,5730,3.75815462196739,False,True,PLXNB3 [ENST00000361971],Human,data/coding_sequences/ENST00000361971_CDS.fasta,data/coding_sequences/ENST00000361971_REJ.N.fasta,data/coding_sequences/ENST00000361971_REJ.C.fasta
68674,PLXNB3,plexin B3,ENSG00000198753,ENST00000538966,X,5799,3.7633531087482153,False,True,PLXNB3 [ENST00000538966],Human,data/coding_sequences/ENST00000538966_CDS.fasta,data/coding_sequences/ENST00000538966_REJ.N.fasta,data/coding_sequences/ENST00000538966_REJ.C.fasta
3283,PLXNC1,plexin C1,ENSG00000136040,ENST00000258526,12,4707,3.672744198306599,False,True,PLXNC1 [ENST00000258526],Human,data/coding_sequences/ENST00000258526_CDS.fasta,data/coding_sequences/ENST00000258526_REJ.N.fasta,data/coding_sequences/ENST00000258526_REJ.C.fasta
10381,PLXND1,plexin D1,ENSG00000004399,ENST00000324093,3,5778,3.7617775375081783,True,True,PLXND1 [ENST00000324093],Human,data/coding_sequences/ENST00000324093_CDS.fasta,data/coding_sequences/ENST00000324093_REJ.N.fasta,data/coding_sequences/ENST00000324093_REJ.C.fasta
9729,POLE,"DNA polymerase epsilon, catalytic subunit",ENSG00000177084,ENST00000320574,12,6861,3.836387419326411,True,True,POLE [ENST00000320574],Human,data/coding_sequences/ENST00000320574_CDS.fasta,data/coding_sequences/ENST00000320574_REJ.N.fasta,data/coding_sequences/ENST00000320574_REJ.C.fasta
65934,POLE,"DNA polymerase epsilon, catalytic subunit",ENSG00000177084,ENST00000535270,12,6780,3.8312296938670634,True,True,POLE [ENST00000535270],Human,data/coding_sequences/ENST00000535270_CDS.fasta,data/coding_sequences/ENST00000535270_REJ.N.fasta,data/coding_sequences/ENST00000535270_REJ.C.fasta
3922,POLQ,DNA polymerase theta,ENSG00000051341,ENST00000264233,3,7773,3.890588667705487,False,True,POLQ [ENST00000264233],Human,data/coding_sequences/ENST00000264233_CDS.fasta,data/coding_sequences/ENST00000264233_REJ.N.fasta,data/coding_sequences/ENST00000264233_REJ.C.fasta
35174,POLR1A,RNA polymerase I subunit A,ENSG00000068654,ENST00000409681,2,4980,3.6972293427597176,True,True,POLR1A [ENST00000409681],Human,data/coding_sequences/ENST00000409681_CDS.fasta,data/coding_sequences/ENST00000409681_REJ.N.fasta,data/coding_sequences/ENST00000409681_REJ.C.fasta
3820,POLR1A,RNA polymerase I subunit A,ENSG00000068654,ENST00000263857,2,5163,3.7129021250472225,True,True,POLR1A [ENST00000263857],Human,data/coding_sequences/ENST00000263857_CDS.fasta,data/coding_sequences/ENST00000263857_REJ.N.fasta,data/coding_sequences/ENST00000263857_REJ.C.fasta
103365,POLR2A,RNA polymerase II subunit A,ENSG00000284832,ENST00000643490,CHR_HG2046_PATCH,5913,3.771807878999106,True,True,POLR2A [ENST00000643490],Human,data/coding_sequences/ENST00000643490_CDS.fasta,data/coding_sequences/ENST00000643490_REJ.N.fasta,data/coding_sequences/ENST00000643490_REJ.C.fasta
102984,POLR2A,RNA polymerase II subunit A,ENSG00000284832,ENST00000645939,CHR_HG2046_PATCH,5913,3.771807878999106,True,True,POLR2A [ENST00000645939],Human,data/coding_sequences/ENST00000645939_CDS.fasta,data/coding_sequences/ENST00000645939_REJ.N.fasta,data/coding_sequences/ENST00000645939_REJ.C.fasta
107820,POLR2A,RNA polymerase II subunit A,ENSG00000181222,ENST00000674977,17,5913,3.771807878999106,True,True,POLR2A [ENST00000674977],Human,data/coding_sequences/ENST00000674977_CDS.fasta,data/coding_sequences/ENST00000674977_REJ.N.fasta,data/coding_sequences/ENST00000674977_REJ.C.fasta
82972,PPL,periplakin,ENSG00000118898,ENST00000590782,16,5265,3.721398375521505,False,True,PPL [ENST00000590782],Human,data/coding_sequences/ENST00000590782_CDS.fasta,data/coding_sequences/ENST00000590782_REJ.N.fasta,data/coding_sequences/ENST00000590782_REJ.C.fasta
10394,PPL,periplakin,ENSG00000118898,ENST00000345988,16,5271,3.7218930162149575,False,True,PPL [ENST00000345988],Human,data/coding_sequences/ENST00000345988_CDS.fasta,data/coding_sequences/ENST00000345988_REJ.N.fasta,data/coding_sequences/ENST00000345988_REJ.C.fasta
5355,PPRC1,PPARG related coactivator 1,ENSG00000148840,ENST00000278070,10,4995,3.698535492562001,False,True,PPRC1 [ENST00000278070],Human,data/coding_sequences/ENST00000278070_CDS.fasta,data/coding_sequences/ENST00000278070_REJ.N.fasta,data/coding_sequences/ENST00000278070_REJ.C.fasta
2088,PRDM2,PR/SET domain 2,ENSG00000116731,ENST00000235372,1,5157,3.712397131406715,False,True,PRDM2 [ENST00000235372],Human,data/coding_sequences/ENST00000235372_CDS.fasta,data/coding_sequences/ENST00000235372_REJ.N.fasta,data/coding_sequences/ENST00000235372_REJ.C.fasta
6718,PRDM2,PR/SET domain 2,ENSG00000116731,ENST00000311066,1,5157,3.712397131406715,False,True,PRDM2 [ENST00000311066],Human,data/coding_sequences/ENST00000311066_CDS.fasta,data/coding_sequences/ENST00000311066_REJ.N.fasta,data/coding_sequences/ENST00000311066_REJ.C.fasta
19983,PREX1,"phosphatidylinositol-3,4,5-trisphosphate dependent Rac exchange factor 1",ENSG00000124126,ENST00000371941,20,4980,3.6972293427597176,False,True,PREX1 [ENST00000371941],Human,data/coding_sequences/ENST00000371941_CDS.fasta,data/coding_sequences/ENST00000371941_REJ.N.fasta,data/coding_sequences/ENST00000371941_REJ.C.fasta
4732,PREX2,"phosphatidylinositol-3,4,5-trisphosphate dependent Rac exchange factor 2",ENSG00000046889,ENST00000288368,8,4821,3.683137131483007,False,True,PREX2 [ENST00000288368],Human,data/coding_sequences/ENST00000288368_CDS.fasta,data/coding_sequences/ENST00000288368_REJ.N.fasta,data/coding_sequences/ENST00000288368_REJ.C.fasta
118852,PRKDC,"protein kinase, DNA-activated, catalytic subunit",ENSG00000253729,ENST00000697603,8,5064,3.7044936970092985,True,True,PRKDC [ENST00000697603],Human,data/coding_sequences/ENST00000697603_CDS.fasta,data/coding_sequences/ENST00000697603_REJ.N.fasta,data/coding_sequences/ENST00000697603_REJ.C.fasta
81921,PRPF8,pre-mRNA processing factor 8,ENSG00000174231,ENST00000573725,17,6828,3.834293512442696,True,True,PRPF8 [ENST00000573725],Human,data/coding_sequences/ENST00000573725_CDS.fasta,data/coding_sequences/ENST00000573725_REJ.N.fasta,data/coding_sequences/ENST00000573725_REJ.C.fasta
92489,PRPF8,pre-mRNA processing factor 8,ENSG00000274442,ENST00000614672,CHR_HSCHR17_1_CTG2,7008,3.8455940931600243,True,True,PRPF8 [ENST00000614672],Human,data/coding_sequences/ENST00000614672_CDS.fasta,data/coding_sequences/ENST00000614672_REJ.N.fasta,data/coding_sequences/ENST00000614672_REJ.C.fasta
98199,PRPF8,pre-mRNA processing factor 8,ENSG00000274442,ENST00000634039,CHR_HSCHR17_1_CTG2,7008,3.8455940931600243,True,True,PRPF8 [ENST00000634039],Human,data/coding_sequences/ENST00000634039_CDS.fasta,data/coding_sequences/ENST00000634039_REJ.N.fasta,data/coding_sequences/ENST00000634039_REJ.C.fasta
121332,PRPF8,pre-mRNA processing factor 8,ENSG00000174231,ENST00000703540,17,6861,3.836387419326411,True,True,PRPF8 [ENST00000703540],Human,data/coding_sequences/ENST00000703540_CDS.fasta,data/coding_sequences/ENST00000703540_REJ.N.fasta,data/coding_sequences/ENST00000703540_REJ.C.fasta
5302,PRPF8,pre-mRNA processing factor 8,ENSG00000174231,ENST00000304992,17,7008,3.8455940931600243,True,True,PRPF8 [ENST00000304992],Human,data/coding_sequences/ENST00000304992_CDS.fasta,data/coding_sequences/ENST00000304992_REJ.N.fasta,data/coding_sequences/ENST00000304992_REJ.C.fasta
121257,PRPF8,pre-mRNA processing factor 8,ENSG00000174231,ENST00000703541,17,6873,3.83714634390906,True,True,PRPF8 [ENST00000703541],Human,data/coding_sequences/ENST00000703541_CDS.fasta,data/coding_sequences/ENST00000703541_REJ.N.fasta,data/coding_sequences/ENST00000703541_REJ.C.fasta
78341,PRPF8,pre-mRNA processing factor 8,ENSG00000174231,ENST00000572621,17,7008,3.8455940931600243,True,True,PRPF8 [ENST00000572621],Human,data/coding_sequences/ENST00000572621_CDS.fasta,data/coding_sequences/ENST00000572621_REJ.N.fasta,data/coding_sequences/ENST00000572621_REJ.C.fasta
32728,PRR12,proline rich 12,ENSG00000126464,ENST00000418929,19,6111,3.7861122837198264,True,True,PRR12 [ENST00000418929],Human,data/coding_sequences/ENST00000418929_CDS.fasta,data/coding_sequences/ENST00000418929_REJ.N.fasta,data/coding_sequences/ENST00000418929_REJ.C.fasta
9764,PRR14L,proline rich 14 like,ENSG00000183530,ENST00000327423,22,6456,3.809963521714014,False,True,PRR14L [ENST00000327423],Human,data/coding_sequences/ENST00000327423_CDS.fasta,data/coding_sequences/ENST00000327423_REJ.N.fasta,data/coding_sequences/ENST00000327423_REJ.C.fasta
42370,PRRC2A,proline rich coiled-coil 2A,ENSG00000225164,ENST00000435971,CHR_HSCHR6_MHC_COX_CTG1,6474,3.811172695066554,False,True,PRRC2A [ENST00000435971],Human,data/coding_sequences/ENST00000435971_CDS.fasta,data/coding_sequences/ENST00000435971_REJ.N.fasta,data/coding_sequences/ENST00000435971_REJ.C.fasta
35408,PRRC2A,proline rich coiled-coil 2A,ENSG00000226618,ENST00000414956,CHR_HSCHR6_MHC_MANN_CTG1,6474,3.811172695066554,False,True,PRRC2A [ENST00000414956],Human,data/coding_sequences/ENST00000414956_CDS.fasta,data/coding_sequences/ENST00000414956_REJ.N.fasta,data/coding_sequences/ENST00000414956_REJ.C.fasta
26633,PRRC2A,proline rich coiled-coil 2A,ENSG00000206427,ENST00000383455,CHR_HSCHR6_MHC_QBL_CTG1,6474,3.811172695066554,False,True,PRRC2A [ENST00000383455],Human,data/coding_sequences/ENST00000383455_CDS.fasta,data/coding_sequences/ENST00000383455_REJ.N.fasta,data/coding_sequences/ENST00000383455_REJ.C.fasta
39276,PRRC2A,proline rich coiled-coil 2A,ENSG00000225164,ENST00000428775,CHR_HSCHR6_MHC_COX_CTG1,6474,3.811172695066554,False,True,PRRC2A [ENST00000428775],Human,data/coding_sequences/ENST00000428775_CDS.fasta,data/coding_sequences/ENST00000428775_REJ.N.fasta,data/coding_sequences/ENST00000428775_REJ.C.fasta
20945,PRRC2A,proline rich coiled-coil 2A,ENSG00000204469,ENST00000376007,6,6474,3.811172695066554,False,True,PRRC2A [ENST00000376007],Human,data/coding_sequences/ENST00000376007_CDS.fasta,data/coding_sequences/ENST00000376007_REJ.N.fasta,data/coding_sequences/ENST00000376007_REJ.C.fasta
38242,PRRC2A,proline rich coiled-coil 2A,ENSG00000225748,ENST00000432252,CHR_HSCHR6_MHC_MCF_CTG1,6474,3.811172695066554,False,True,PRRC2A [ENST00000432252],Human,data/coding_sequences/ENST00000432252_CDS.fasta,data/coding_sequences/ENST00000432252_REJ.N.fasta,data/coding_sequences/ENST00000432252_REJ.C.fasta
23617,PRRC2A,proline rich coiled-coil 2A,ENSG00000206427,ENST00000383464,CHR_HSCHR6_MHC_QBL_CTG1,6474,3.811172695066554,False,True,PRRC2A [ENST00000383464],Human,data/coding_sequences/ENST00000383464_CDS.fasta,data/coding_sequences/ENST00000383464_REJ.N.fasta,data/coding_sequences/ENST00000383464_REJ.C.fasta
43633,PRRC2A,proline rich coiled-coil 2A,ENSG00000231370,ENST00000439762,CHR_HSCHR6_MHC_DBB_CTG1,6474,3.811172695066554,False,True,PRRC2A [ENST00000439762],Human,data/coding_sequences/ENST00000439762_CDS.fasta,data/coding_sequences/ENST00000439762_REJ.N.fasta,data/coding_sequences/ENST00000439762_REJ.C.fasta
39789,PRRC2A,proline rich coiled-coil 2A,ENSG00000231825,ENST00000430737,CHR_HSCHR6_MHC_SSTO_CTG1,6474,3.811172695066554,False,True,PRRC2A [ENST00000430737],Human,data/coding_sequences/ENST00000430737_CDS.fasta,data/coding_sequences/ENST00000430737_REJ.N.fasta,data/coding_sequences/ENST00000430737_REJ.C.fasta
47489,PRRC2A,proline rich coiled-coil 2A,ENSG00000225748,ENST00000454306,CHR_HSCHR6_MHC_MCF_CTG1,6474,3.811172695066554,False,True,PRRC2A [ENST00000454306],Human,data/coding_sequences/ENST00000454306_CDS.fasta,data/coding_sequences/ENST00000454306_REJ.N.fasta,data/coding_sequences/ENST00000454306_REJ.C.fasta
19135,PRRC2A,proline rich coiled-coil 2A,ENSG00000204469,ENST00000376033,6,6474,3.811172695066554,False,True,PRRC2A [ENST00000376033],Human,data/coding_sequences/ENST00000376033_CDS.fasta,data/coding_sequences/ENST00000376033_REJ.N.fasta,data/coding_sequences/ENST00000376033_REJ.C.fasta
32319,PRRC2A,proline rich coiled-coil 2A,ENSG00000231370,ENST00000416335,CHR_HSCHR6_MHC_DBB_CTG1,6474,3.811172695066554,False,True,PRRC2A [ENST00000416335],Human,data/coding_sequences/ENST00000416335_CDS.fasta,data/coding_sequences/ENST00000416335_REJ.N.fasta,data/coding_sequences/ENST00000416335_REJ.C.fasta
46356,PRRC2A,proline rich coiled-coil 2A,ENSG00000226618,ENST00000458561,CHR_HSCHR6_MHC_MANN_CTG1,6474,3.811172695066554,False,True,PRRC2A [ENST00000458561],Human,data/coding_sequences/ENST00000458561_CDS.fasta,data/coding_sequences/ENST00000458561_REJ.N.fasta,data/coding_sequences/ENST00000458561_REJ.C.fasta
38092,PRRC2A,proline rich coiled-coil 2A,ENSG00000231825,ENST00000422962,CHR_HSCHR6_MHC_SSTO_CTG1,6474,3.811172695066554,False,True,PRRC2A [ENST00000422962],Human,data/coding_sequences/ENST00000422962_CDS.fasta,data/coding_sequences/ENST00000422962_REJ.N.fasta,data/coding_sequences/ENST00000422962_REJ.C.fasta
112078,PRRC2B,proline rich coiled-coil 2B,ENSG00000288701,ENST00000683519,9,6690,3.8254261177678233,False,True,PRRC2B [ENST00000683519],Human,data/coding_sequences/ENST00000683519_CDS.fasta,data/coding_sequences/ENST00000683519_REJ.N.fasta,data/coding_sequences/ENST00000683519_REJ.C.fasta
114293,PRRC2B,proline rich coiled-coil 2B,ENSG00000288701,ENST00000682501,9,4608,3.6635124704151556,False,True,PRRC2B [ENST00000682501],Human,data/coding_sequences/ENST00000682501_CDS.fasta,data/coding_sequences/ENST00000682501_REJ.N.fasta,data/coding_sequences/ENST00000682501_REJ.C.fasta
115298,PRRC2B,proline rich coiled-coil 2B,ENSG00000288701,ENST00000684596,9,6690,3.8254261177678233,False,True,PRRC2B [ENST00000684596],Human,data/coding_sequences/ENST00000684596_CDS.fasta,data/coding_sequences/ENST00000684596_REJ.N.fasta,data/coding_sequences/ENST00000684596_REJ.C.fasta
38377,PRUNE2,prune homolog 2 with BCH domain,ENSG00000106772,ENST00000426088,9,7155,3.8546096380957953,False,True,PRUNE2 [ENST00000426088],Human,data/coding_sequences/ENST00000426088_CDS.fasta,data/coding_sequences/ENST00000426088_REJ.N.fasta,data/coding_sequences/ENST00000426088_REJ.C.fasta
107240,PRX,periaxin,ENSG00000105227,ENST00000674005,19,4671,3.669409867287783,True,True,PRX [ENST00000674005],Human,data/coding_sequences/ENST00000674005_CDS.fasta,data/coding_sequences/ENST00000674005_REJ.N.fasta,data/coding_sequences/ENST00000674005_REJ.C.fasta
31118,PSME4,proteasome activator subunit 4,ENSG00000068878,ENST00000404125,2,5532,3.742882171437273,False,True,PSME4 [ENST00000404125],Human,data/coding_sequences/ENST00000404125_CDS.fasta,data/coding_sequences/ENST00000404125_REJ.N.fasta,data/coding_sequences/ENST00000404125_REJ.C.fasta
36749,PTPN13,protein tyrosine phosphatase non-receptor type 13,ENSG00000163629,ENST00000427191,4,7401,3.8692904042093983,False,True,PTPN13 [ENST00000427191],Human,data/coding_sequences/ENST00000427191_CDS.fasta,data/coding_sequences/ENST00000427191_REJ.N.fasta,data/coding_sequences/ENST00000427191_REJ.C.fasta
32604,PTPN13,protein tyrosine phosphatase non-receptor type 13,ENSG00000163629,ENST00000411767,4,7458,3.8726223790252883,False,True,PTPN13 [ENST00000411767],Human,data/coding_sequences/ENST00000411767_CDS.fasta,data/coding_sequences/ENST00000411767_REJ.N.fasta,data/coding_sequences/ENST00000411767_REJ.C.fasta
60240,PTPN13,protein tyrosine phosphatase non-receptor type 13,ENSG00000163629,ENST00000511467,4,7473,3.873494982256169,False,True,PTPN13 [ENST00000511467],Human,data/coding_sequences/ENST00000511467_CDS.fasta,data/coding_sequences/ENST00000511467_REJ.N.fasta,data/coding_sequences/ENST00000511467_REJ.C.fasta
40618,PTPN13,protein tyrosine phosphatase non-receptor type 13,ENSG00000163629,ENST00000436978,4,7473,3.873494982256169,False,True,PTPN13 [ENST00000436978],Human,data/coding_sequences/ENST00000436978_CDS.fasta,data/coding_sequences/ENST00000436978_REJ.N.fasta,data/coding_sequences/ENST00000436978_REJ.C.fasta
13858,PTPN13,protein tyrosine phosphatase non-receptor type 13,ENSG00000163629,ENST00000316707,4,6885,3.8379039445929424,False,True,PTPN13 [ENST00000316707],Human,data/coding_sequences/ENST00000316707_CDS.fasta,data/coding_sequences/ENST00000316707_REJ.N.fasta,data/coding_sequences/ENST00000316707_REJ.C.fasta
4224,PTPN23,protein tyrosine phosphatase non-receptor type 23,ENSG00000076201,ENST00000265562,3,4911,3.691169934131604,True,True,PTPN23 [ENST00000265562],Human,data/coding_sequences/ENST00000265562_CDS.fasta,data/coding_sequences/ENST00000265562_REJ.N.fasta,data/coding_sequences/ENST00000265562_REJ.C.fasta
3374,PTPRB,protein tyrosine phosphatase receptor type B,ENSG00000127329,ENST00000261266,12,5994,3.7777167386096258,False,True,PTPRB [ENST00000261266],Human,data/coding_sequences/ENST00000261266_CDS.fasta,data/coding_sequences/ENST00000261266_REJ.N.fasta,data/coding_sequences/ENST00000261266_REJ.C.fasta
69461,PTPRB,protein tyrosine phosphatase receptor type B,ENSG00000127329,ENST00000538708,12,5724,3.7576996250877386,False,True,PTPRB [ENST00000538708],Human,data/coding_sequences/ENST00000538708_CDS.fasta,data/coding_sequences/ENST00000538708_REJ.N.fasta,data/coding_sequences/ENST00000538708_REJ.C.fasta
13520,PTPRB,protein tyrosine phosphatase receptor type B,ENSG00000127329,ENST00000334414,12,6648,3.8226910107760546,False,True,PTPRB [ENST00000334414],Human,data/coding_sequences/ENST00000334414_CDS.fasta,data/coding_sequences/ENST00000334414_REJ.N.fasta,data/coding_sequences/ENST00000334414_REJ.C.fasta
72415,PTPRB,protein tyrosine phosphatase receptor type B,ENSG00000127329,ENST00000551525,12,4752,3.6768764319731373,False,True,PTPRB [ENST00000551525],Human,data/coding_sequences/ENST00000551525_CDS.fasta,data/coding_sequences/ENST00000551525_REJ.N.fasta,data/coding_sequences/ENST00000551525_REJ.C.fasta
73615,PTPRB,protein tyrosine phosphatase receptor type B,ENSG00000127329,ENST00000550358,12,6384,3.805092878342673,False,True,PTPRB [ENST00000550358],Human,data/coding_sequences/ENST00000550358_CDS.fasta,data/coding_sequences/ENST00000550358_REJ.N.fasta,data/coding_sequences/ENST00000550358_REJ.C.fasta
73372,PTPRB,protein tyrosine phosphatase receptor type B,ENSG00000127329,ENST00000550857,12,5724,3.7576996250877386,False,True,PTPRB [ENST00000550857],Human,data/coding_sequences/ENST00000550857_CDS.fasta,data/coding_sequences/ENST00000550857_REJ.N.fasta,data/coding_sequences/ENST00000550857_REJ.C.fasta
29626,PTPRD,protein tyrosine phosphatase receptor type D,ENSG00000153707,ENST00000397611,9,4509,3.6540802353065707,False,True,PTPRD [ENST00000397611],Human,data/coding_sequences/ENST00000397611_CDS.fasta,data/coding_sequences/ENST00000397611_REJ.N.fasta,data/coding_sequences/ENST00000397611_REJ.C.fasta
96529,PTPRD,protein tyrosine phosphatase receptor type D,ENSG00000282932,ENST00000635012,CHR_HSCHR9_1_CTG6,5739,3.7588362247469584,False,True,PTPRD [ENST00000635012],Human,data/coding_sequences/ENST00000635012_CDS.fasta,data/coding_sequences/ENST00000635012_REJ.N.fasta,data/coding_sequences/ENST00000635012_REJ.C.fasta
70018,PTPRD,protein tyrosine phosphatase receptor type D,ENSG00000153707,ENST00000540109,9,5739,3.7588362247469584,False,True,PTPRD [ENST00000540109],Human,data/coding_sequences/ENST00000540109_CDS.fasta,data/coding_sequences/ENST00000540109_REJ.N.fasta,data/coding_sequences/ENST00000540109_REJ.C.fasta
99231,PTPRD,protein tyrosine phosphatase receptor type D,ENSG00000282932,ENST00000635611,CHR_HSCHR9_1_CTG6,4509,3.6540802353065707,False,True,PTPRD [ENST00000635611],Human,data/coding_sequences/ENST00000635611_CDS.fasta,data/coding_sequences/ENST00000635611_REJ.N.fasta,data/coding_sequences/ENST00000635611_REJ.C.fasta
15169,PTPRD,protein tyrosine phosphatase receptor type D,ENSG00000153707,ENST00000355233,9,4521,3.655234507034294,False,True,PTPRD [ENST00000355233],Human,data/coding_sequences/ENST00000355233_CDS.fasta,data/coding_sequences/ENST00000355233_REJ.N.fasta,data/coding_sequences/ENST00000355233_REJ.C.fasta
54992,PTPRD,protein tyrosine phosphatase receptor type D,ENSG00000153707,ENST00000486161,9,4518,3.6549462265843444,False,True,PTPRD [ENST00000486161],Human,data/coding_sequences/ENST00000486161_CDS.fasta,data/coding_sequences/ENST00000486161_REJ.N.fasta,data/coding_sequences/ENST00000486161_REJ.C.fasta
98131,PTPRD,protein tyrosine phosphatase receptor type D,ENSG00000282932,ENST00000634360,CHR_HSCHR9_1_CTG6,4518,3.6549462265843444,False,True,PTPRD [ENST00000634360],Human,data/coding_sequences/ENST00000634360_CDS.fasta,data/coding_sequences/ENST00000634360_REJ.N.fasta,data/coding_sequences/ENST00000634360_REJ.C.fasta
28558,PTPRD,protein tyrosine phosphatase receptor type D,ENSG00000153707,ENST00000397606,9,4518,3.6549462265843444,False,True,PTPRD [ENST00000397606],Human,data/coding_sequences/ENST00000397606_CDS.fasta,data/coding_sequences/ENST00000397606_REJ.N.fasta,data/coding_sequences/ENST00000397606_REJ.C.fasta
99094,PTPRD,protein tyrosine phosphatase receptor type D,ENSG00000282932,ENST00000635279,CHR_HSCHR9_1_CTG6,4518,3.6549462265843444,False,True,PTPRD [ENST00000635279],Human,data/coding_sequences/ENST00000635279_CDS.fasta,data/coding_sequences/ENST00000635279_REJ.N.fasta,data/coding_sequences/ENST00000635279_REJ.C.fasta
97455,PTPRD,protein tyrosine phosphatase receptor type D,ENSG00000282932,ENST00000634583,CHR_HSCHR9_1_CTG6,4518,3.6549462265843444,False,True,PTPRD [ENST00000634583],Human,data/coding_sequences/ENST00000634583_CDS.fasta,data/coding_sequences/ENST00000634583_REJ.N.fasta,data/coding_sequences/ENST00000634583_REJ.C.fasta
100479,PTPRD,protein tyrosine phosphatase receptor type D,ENSG00000282932,ENST00000635613,CHR_HSCHR9_1_CTG6,4521,3.655234507034294,False,True,PTPRD [ENST00000635613],Human,data/coding_sequences/ENST00000635613_CDS.fasta,data/coding_sequences/ENST00000635613_REJ.N.fasta,data/coding_sequences/ENST00000635613_REJ.C.fasta
97112,PTPRD,protein tyrosine phosphatase receptor type D,ENSG00000282932,ENST00000634608,CHR_HSCHR9_1_CTG6,5739,3.7588362247469584,False,True,PTPRD [ENST00000634608],Human,data/coding_sequences/ENST00000634608_CDS.fasta,data/coding_sequences/ENST00000634608_REJ.N.fasta,data/coding_sequences/ENST00000634608_REJ.C.fasta
95384,PTPRD,protein tyrosine phosphatase receptor type D,ENSG00000282932,ENST00000634556,CHR_HSCHR9_1_CTG6,5739,3.7588362247469584,False,True,PTPRD [ENST00000634556],Human,data/coding_sequences/ENST00000634556_CDS.fasta,data/coding_sequences/ENST00000634556_REJ.N.fasta,data/coding_sequences/ENST00000634556_REJ.C.fasta
15393,PTPRD,protein tyrosine phosphatase receptor type D,ENSG00000153707,ENST00000356435,9,5739,3.7588362247469584,False,True,PTPRD [ENST00000356435],Human,data/coding_sequences/ENST00000356435_CDS.fasta,data/coding_sequences/ENST00000356435_REJ.N.fasta,data/coding_sequences/ENST00000356435_REJ.C.fasta
28008,PTPRD,protein tyrosine phosphatase receptor type D,ENSG00000153707,ENST00000397617,9,4527,3.655810494495252,False,True,PTPRD [ENST00000397617],Human,data/coding_sequences/ENST00000397617_CDS.fasta,data/coding_sequences/ENST00000397617_REJ.N.fasta,data/coding_sequences/ENST00000397617_REJ.C.fasta
23431,PTPRD,protein tyrosine phosphatase receptor type D,ENSG00000153707,ENST00000381196,9,5739,3.7588362247469584,False,True,PTPRD [ENST00000381196],Human,data/coding_sequences/ENST00000381196_CDS.fasta,data/coding_sequences/ENST00000381196_REJ.N.fasta,data/coding_sequences/ENST00000381196_REJ.C.fasta
36413,PTPRF,protein tyrosine phosphatase receptor type F,ENSG00000142949,ENST00000429895,1,4662,3.668572269184558,False,True,PTPRF [ENST00000429895],Human,data/coding_sequences/ENST00000429895_CDS.fasta,data/coding_sequences/ENST00000429895_REJ.N.fasta,data/coding_sequences/ENST00000429895_REJ.C.fasta
15913,PTPRF,protein tyrosine phosphatase receptor type F,ENSG00000142949,ENST00000359947,1,5724,3.7576996250877386,False,True,PTPRF [ENST00000359947],Human,data/coding_sequences/ENST00000359947_CDS.fasta,data/coding_sequences/ENST00000359947_REJ.N.fasta,data/coding_sequences/ENST00000359947_REJ.C.fasta
41886,PTPRF,protein tyrosine phosphatase receptor type F,ENSG00000142949,ENST00000438120,1,5697,3.75564621945668,False,True,PTPRF [ENST00000438120],Human,data/coding_sequences/ENST00000438120_CDS.fasta,data/coding_sequences/ENST00000438120_REJ.N.fasta,data/coding_sequences/ENST00000438120_REJ.C.fasta
102364,PTPRQ,protein tyrosine phosphatase receptor type Q,ENSG00000139304,ENST00000644991,12,6900,3.838849090737255,True,True,PTPRQ [ENST00000644991],Human,data/coding_sequences/ENST00000644991_CDS.fasta,data/coding_sequences/ENST00000644991_REJ.N.fasta,data/coding_sequences/ENST00000644991_REJ.C.fasta
92839,PTPRQ,protein tyrosine phosphatase receptor type Q,ENSG00000139304,ENST00000616559,12,6999,3.845035993513415,True,True,PTPRQ [ENST00000616559],Human,data/coding_sequences/ENST00000616559_CDS.fasta,data/coding_sequences/ENST00000616559_REJ.N.fasta,data/coding_sequences/ENST00000616559_REJ.C.fasta
4345,PTPRS,protein tyrosine phosphatase receptor type S,ENSG00000105426,ENST00000262963,19,5847,3.766933093837284,False,True,PTPRS [ENST00000262963],Human,data/coding_sequences/ENST00000262963_CDS.fasta,data/coding_sequences/ENST00000262963_REJ.N.fasta,data/coding_sequences/ENST00000262963_REJ.C.fasta
82684,PTPRS,protein tyrosine phosphatase receptor type S,ENSG00000105426,ENST00000588012,19,5733,3.758381941774675,False,True,PTPRS [ENST00000588012],Human,data/coding_sequences/ENST00000588012_CDS.fasta,data/coding_sequences/ENST00000588012_REJ.N.fasta,data/coding_sequences/ENST00000588012_REJ.C.fasta
84284,PTPRS,protein tyrosine phosphatase receptor type S,ENSG00000105426,ENST00000592099,19,4506,3.653791187387812,False,True,PTPRS [ENST00000592099],Human,data/coding_sequences/ENST00000592099_CDS.fasta,data/coding_sequences/ENST00000592099_REJ.N.fasta,data/coding_sequences/ENST00000592099_REJ.C.fasta
82685,PTPRS,protein tyrosine phosphatase receptor type S,ENSG00000105426,ENST00000587303,19,5847,3.766933093837284,False,True,PTPRS [ENST00000587303],Human,data/coding_sequences/ENST00000587303_CDS.fasta,data/coding_sequences/ENST00000587303_REJ.N.fasta,data/coding_sequences/ENST00000587303_REJ.C.fasta
105087,PTPRZ1,protein tyrosine phosphatase receptor type Z1,ENSG00000106278,ENST00000650681,7,6180,3.790988475088816,False,True,PTPRZ1 [ENST00000650681],Human,data/coding_sequences/ENST00000650681_CDS.fasta,data/coding_sequences/ENST00000650681_REJ.N.fasta,data/coding_sequences/ENST00000650681_REJ.C.fasta
105203,PTPRZ1,protein tyrosine phosphatase receptor type Z1,ENSG00000106278,ENST00000652298,7,6927,3.8405451876368386,False,True,PTPRZ1 [ENST00000652298],Human,data/coding_sequences/ENST00000652298_CDS.fasta,data/coding_sequences/ENST00000652298_REJ.N.fasta,data/coding_sequences/ENST00000652298_REJ.C.fasta
106346,PTPRZ1,protein tyrosine phosphatase receptor type Z1,ENSG00000106278,ENST00000651842,7,5727,3.7579271831133294,False,True,PTPRZ1 [ENST00000651842],Human,data/coding_sequences/ENST00000651842_CDS.fasta,data/coding_sequences/ENST00000651842_REJ.N.fasta,data/coding_sequences/ENST00000651842_REJ.C.fasta
104937,PTPRZ1,protein tyrosine phosphatase receptor type Z1,ENSG00000106278,ENST00000651863,7,7065,3.8491121661845775,False,True,PTPRZ1 [ENST00000651863],Human,data/coding_sequences/ENST00000651863_CDS.fasta,data/coding_sequences/ENST00000651863_REJ.N.fasta,data/coding_sequences/ENST00000651863_REJ.C.fasta
105720,PTPRZ1,protein tyrosine phosphatase receptor type Z1,ENSG00000106278,ENST00000651390,7,5727,3.7579271831133294,False,True,PTPRZ1 [ENST00000651390],Human,data/coding_sequences/ENST00000651390_CDS.fasta,data/coding_sequences/ENST00000651390_REJ.N.fasta,data/coding_sequences/ENST00000651390_REJ.C.fasta
106330,PTPRZ1,protein tyrosine phosphatase receptor type Z1,ENSG00000106278,ENST00000650826,7,4542,3.6572471298837166,False,True,PTPRZ1 [ENST00000650826],Human,data/coding_sequences/ENST00000650826_CDS.fasta,data/coding_sequences/ENST00000650826_REJ.N.fasta,data/coding_sequences/ENST00000650826_REJ.C.fasta
26064,PTPRZ1,protein tyrosine phosphatase receptor type Z1,ENSG00000106278,ENST00000393386,7,6948,3.841859809775061,False,True,PTPRZ1 [ENST00000393386],Human,data/coding_sequences/ENST00000393386_CDS.fasta,data/coding_sequences/ENST00000393386_REJ.N.fasta,data/coding_sequences/ENST00000393386_REJ.C.fasta
106262,PTPRZ1,protein tyrosine phosphatase receptor type Z1,ENSG00000106278,ENST00000651320,7,7044,3.847819347295239,False,True,PTPRZ1 [ENST00000651320],Human,data/coding_sequences/ENST00000651320_CDS.fasta,data/coding_sequences/ENST00000651320_REJ.N.fasta,data/coding_sequences/ENST00000651320_REJ.C.fasta
47156,PWWP4,PWWP domain containing 4,ENSG00000278803,ENST00000458091,X,6186,3.79140991566716,False,True,PWWP4 [ENST00000458091],Human,data/coding_sequences/ENST00000458091_CDS.fasta,data/coding_sequences/ENST00000458091_REJ.N.fasta,data/coding_sequences/ENST00000458091_REJ.C.fasta
112023,QRICH2,glutamine rich 2,ENSG00000129646,ENST00000680821,17,5664,3.7531232446817127,True,True,QRICH2 [ENST00000680821],Human,data/coding_sequences/ENST00000680821_CDS.fasta,data/coding_sequences/ENST00000680821_REJ.N.fasta,data/coding_sequences/ENST00000680821_REJ.C.fasta
3468,QRICH2,glutamine rich 2,ENSG00000129646,ENST00000262765,17,4992,3.6982745766743674,True,True,QRICH2 [ENST00000262765],Human,data/coding_sequences/ENST00000262765_CDS.fasta,data/coding_sequences/ENST00000262765_REJ.N.fasta,data/coding_sequences/ENST00000262765_REJ.C.fasta
100940,QRICH2,glutamine rich 2,ENSG00000129646,ENST00000636395,17,5490,3.739572344450092,True,True,QRICH2 [ENST00000636395],Human,data/coding_sequences/ENST00000636395_CDS.fasta,data/coding_sequences/ENST00000636395_REJ.N.fasta,data/coding_sequences/ENST00000636395_REJ.C.fasta
105441,QSER1,glutamine and serine rich 1,ENSG00000060749,ENST00000650167,11,5595,3.7478000908643687,False,True,QSER1 [ENST00000650167],Human,data/coding_sequences/ENST00000650167_CDS.fasta,data/coding_sequences/ENST00000650167_REJ.N.fasta,data/coding_sequences/ENST00000650167_REJ.C.fasta
17259,RAI1,retinoic acid induced 1,ENSG00000108557,ENST00000353383,17,5721,3.757471947765668,True,True,RAI1 [ENST00000353383],Human,data/coding_sequences/ENST00000353383_CDS.fasta,data/coding_sequences/ENST00000353383_REJ.N.fasta,data/coding_sequences/ENST00000353383_REJ.C.fasta
77985,RALGAPA1,Ral GTPase activating protein catalytic subunit alpha 1,ENSG00000174373,ENST00000553892,14,6252,3.7960189693471493,True,True,RALGAPA1 [ENST00000553892],Human,data/coding_sequences/ENST00000553892_CDS.fasta,data/coding_sequences/ENST00000553892_REJ.N.fasta,data/coding_sequences/ENST00000553892_REJ.C.fasta
113949,RALGAPA1,Ral GTPase activating protein catalytic subunit alpha 1,ENSG00000174373,ENST00000680220,14,7629,3.882467614895371,True,True,RALGAPA1 [ENST00000680220],Human,data/coding_sequences/ENST00000680220_CDS.fasta,data/coding_sequences/ENST00000680220_REJ.N.fasta,data/coding_sequences/ENST00000680220_REJ.C.fasta
100048,RALGAPA1,Ral GTPase activating protein catalytic subunit alpha 1,ENSG00000174373,ENST00000637992,14,7488,3.874365835730049,True,True,RALGAPA1 [ENST00000637992],Human,data/coding_sequences/ENST00000637992_CDS.fasta,data/coding_sequences/ENST00000637992_REJ.N.fasta,data/coding_sequences/ENST00000637992_REJ.C.fasta
25991,RALGAPA1,Ral GTPase activating protein catalytic subunit alpha 1,ENSG00000174373,ENST00000382366,14,6150,3.788875115775417,True,True,RALGAPA1 [ENST00000382366],Human,data/coding_sequences/ENST00000382366_CDS.fasta,data/coding_sequences/ENST00000382366_REJ.N.fasta,data/coding_sequences/ENST00000382366_REJ.C.fasta
4912,RALGAPA1,Ral GTPase activating protein catalytic subunit alpha 1,ENSG00000174373,ENST00000307138,14,6252,3.7960189693471493,True,True,RALGAPA1 [ENST00000307138],Human,data/coding_sequences/ENST00000307138_CDS.fasta,data/coding_sequences/ENST00000307138_REJ.N.fasta,data/coding_sequences/ENST00000307138_REJ.C.fasta
76916,RALGAPA1,Ral GTPase activating protein catalytic subunit alpha 1,ENSG00000174373,ENST00000554259,14,6396,3.805908455074197,True,True,RALGAPA1 [ENST00000554259],Human,data/coding_sequences/ENST00000554259_CDS.fasta,data/coding_sequences/ENST00000554259_REJ.N.fasta,data/coding_sequences/ENST00000554259_REJ.C.fasta
24998,RALGAPA1,Ral GTPase activating protein catalytic subunit alpha 1,ENSG00000174373,ENST00000389698,14,6111,3.7861122837198264,True,True,RALGAPA1 [ENST00000389698],Human,data/coding_sequences/ENST00000389698_CDS.fasta,data/coding_sequences/ENST00000389698_REJ.N.fasta,data/coding_sequences/ENST00000389698_REJ.C.fasta
37844,RALGAPA2,Ral GTPase activating protein catalytic subunit alpha 2,ENSG00000188559,ENST00000430436,20,5223,3.7179200258369938,False,True,RALGAPA2 [ENST00000430436],Human,data/coding_sequences/ENST00000430436_CDS.fasta,data/coding_sequences/ENST00000430436_REJ.N.fasta,data/coding_sequences/ENST00000430436_REJ.C.fasta
337,RALGAPA2,Ral GTPase activating protein catalytic subunit alpha 2,ENSG00000188559,ENST00000202677,20,5622,3.749890841271422,False,True,RALGAPA2 [ENST00000202677],Human,data/coding_sequences/ENST00000202677_CDS.fasta,data/coding_sequences/ENST00000202677_REJ.N.fasta,data/coding_sequences/ENST00000202677_REJ.C.fasta
119439,RANBP2,RAN binding protein 2,ENSG00000153201,ENST00000697745,2,4566,3.6595359071542166,False,True,RANBP2 [ENST00000697745],Human,data/coding_sequences/ENST00000697745_CDS.fasta,data/coding_sequences/ENST00000697745_REJ.N.fasta,data/coding_sequences/ENST00000697745_REJ.C.fasta
55894,RAPGEF2,Rap guanine nucleotide exchange factor 2,ENSG00000109756,ENST00000505026,4,4623,3.6649238934380817,False,True,RAPGEF2 [ENST00000505026],Human,data/coding_sequences/ENST00000505026_CDS.fasta,data/coding_sequences/ENST00000505026_REJ.N.fasta,data/coding_sequences/ENST00000505026_REJ.C.fasta
116388,RAPGEF2,Rap guanine nucleotide exchange factor 2,ENSG00000109756,ENST00000691494,4,4983,3.697490887171057,False,True,RAPGEF2 [ENST00000691494],Human,data/coding_sequences/ENST00000691494_CDS.fasta,data/coding_sequences/ENST00000691494_REJ.N.fasta,data/coding_sequences/ENST00000691494_REJ.C.fasta
103600,RAPGEF2,Rap guanine nucleotide exchange factor 2,ENSG00000109756,ENST00000644474,4,5040,3.7024305364455254,False,True,RAPGEF2 [ENST00000644474],Human,data/coding_sequences/ENST00000644474_CDS.fasta,data/coding_sequences/ENST00000644474_REJ.N.fasta,data/coding_sequences/ENST00000644474_REJ.C.fasta
102568,RAPGEF2,Rap guanine nucleotide exchange factor 2,ENSG00000109756,ENST00000644902,4,4680,3.670245853074124,False,True,RAPGEF2 [ENST00000644902],Human,data/coding_sequences/ENST00000644902_CDS.fasta,data/coding_sequences/ENST00000644902_REJ.N.fasta,data/coding_sequences/ENST00000644902_REJ.C.fasta
8538,RAPGEF6,Rap guanine nucleotide exchange factor 6,ENSG00000158987,ENST00000296859,5,4830,3.683947130751512,False,True,RAPGEF6 [ENST00000296859],Human,data/coding_sequences/ENST00000296859_CDS.fasta,data/coding_sequences/ENST00000296859_REJ.N.fasta,data/coding_sequences/ENST00000296859_REJ.C.fasta
55710,RAPGEF6,Rap guanine nucleotide exchange factor 6,ENSG00000158987,ENST00000507093,5,4530,3.656098202012832,False,True,RAPGEF6 [ENST00000507093],Human,data/coding_sequences/ENST00000507093_CDS.fasta,data/coding_sequences/ENST00000507093_REJ.N.fasta,data/coding_sequences/ENST00000507093_REJ.C.fasta
60886,RAPGEF6,Rap guanine nucleotide exchange factor 6,ENSG00000158987,ENST00000509018,5,4806,3.6817837664678814,False,True,RAPGEF6 [ENST00000509018],Human,data/coding_sequences/ENST00000509018_CDS.fasta,data/coding_sequences/ENST00000509018_REJ.N.fasta,data/coding_sequences/ENST00000509018_REJ.C.fasta
96979,RAPGEF6,Rap guanine nucleotide exchange factor 6,ENSG00000158987,ENST00000627212,5,4515,3.6546577546495245,False,True,RAPGEF6 [ENST00000627212],Human,data/coding_sequences/ENST00000627212_CDS.fasta,data/coding_sequences/ENST00000627212_REJ.N.fasta,data/coding_sequences/ENST00000627212_REJ.C.fasta
126,RB1CC1,RB1 inducible coiled-coil 1,ENSG00000023287,ENST00000025008,8,4785,3.6798819421128623,True,True,RB1CC1 [ENST00000025008],Human,data/coding_sequences/ENST00000025008_CDS.fasta,data/coding_sequences/ENST00000025008_REJ.N.fasta,data/coding_sequences/ENST00000025008_REJ.C.fasta
43091,RB1CC1,RB1 inducible coiled-coil 1,ENSG00000023287,ENST00000435644,8,4776,3.6790643181213127,True,True,RB1CC1 [ENST00000435644],Human,data/coding_sequences/ENST00000435644_CDS.fasta,data/coding_sequences/ENST00000435644_REJ.N.fasta,data/coding_sequences/ENST00000435644_REJ.C.fasta
9909,RBBP6,"RB binding protein 6, ubiquitin ligase",ENSG00000122257,ENST00000319715,16,5379,3.730701544281845,False,True,RBBP6 [ENST00000319715],Human,data/coding_sequences/ENST00000319715_CDS.fasta,data/coding_sequences/ENST00000319715_REJ.N.fasta,data/coding_sequences/ENST00000319715_REJ.C.fasta
16583,RBBP6,"RB binding protein 6, ubiquitin ligase",ENSG00000122257,ENST00000348022,16,5277,3.7223870941771238,False,True,RBBP6 [ENST00000348022],Human,data/coding_sequences/ENST00000348022_CDS.fasta,data/coding_sequences/ENST00000348022_REJ.N.fasta,data/coding_sequences/ENST00000348022_REJ.C.fasta
102674,RBBP6,"RB binding protein 6, ubiquitin ligase",ENSG00000122257,ENST00000646282,16,5279,3.7225516620009587,False,True,RBBP6 [ENST00000646282],Human,data/coding_sequences/ENST00000646282_CDS.fasta,data/coding_sequences/ENST00000646282_REJ.N.fasta,data/coding_sequences/ENST00000646282_REJ.C.fasta
10051,RERE,arginine-glutamic acid dipeptide repeats,ENSG00000142599,ENST00000337907,1,4701,3.6721902511882525,True,True,RERE [ENST00000337907],Human,data/coding_sequences/ENST00000337907_CDS.fasta,data/coding_sequences/ENST00000337907_REJ.N.fasta,data/coding_sequences/ENST00000337907_REJ.C.fasta
28872,RERE,arginine-glutamic acid dipeptide repeats,ENSG00000142599,ENST00000400908,1,4701,3.6721902511882525,True,True,RERE [ENST00000400908],Human,data/coding_sequences/ENST00000400908_CDS.fasta,data/coding_sequences/ENST00000400908_REJ.N.fasta,data/coding_sequences/ENST00000400908_REJ.C.fasta
6250,RESF1,retroelement silencing factor 1,ENSG00000174718,ENST00000312561,12,5244,3.7196626830180466,False,True,RESF1 [ENST00000312561],Human,data/coding_sequences/ENST00000312561_CDS.fasta,data/coding_sequences/ENST00000312561_REJ.N.fasta,data/coding_sequences/ENST00000312561_REJ.C.fasta
28079,RGPD1,RANBP2 like and GRIP domain containing 1,ENSG00000187627,ENST00000398193,2,5271,3.7218930162149575,False,True,RGPD1 [ENST00000398193],Human,data/coding_sequences/ENST00000398193_CDS.fasta,data/coding_sequences/ENST00000398193_REJ.N.fasta,data/coding_sequences/ENST00000398193_REJ.C.fasta
98875,RGPD1,RANBP2 like and GRIP domain containing 1,ENSG00000187627,ENST00000641458,2,5271,3.7218930162149575,False,True,RGPD1 [ENST00000641458],Human,data/coding_sequences/ENST00000641458_CDS.fasta,data/coding_sequences/ENST00000641458_REJ.N.fasta,data/coding_sequences/ENST00000641458_REJ.C.fasta
29273,RGPD2,RANBP2 like and GRIP domain containing 2,ENSG00000185304,ENST00000398146,2,5271,3.7218930162149575,False,True,RGPD2 [ENST00000398146],Human,data/coding_sequences/ENST00000398146_CDS.fasta,data/coding_sequences/ENST00000398146_REJ.N.fasta,data/coding_sequences/ENST00000398146_REJ.C.fasta
4995,RGPD3,RANBP2 like and GRIP domain containing 3,ENSG00000153165,ENST00000304514,2,5283,3.722880610686939,False,True,RGPD3 [ENST00000304514],Human,data/coding_sequences/ENST00000304514_CDS.fasta,data/coding_sequences/ENST00000304514_REJ.N.fasta,data/coding_sequences/ENST00000304514_REJ.C.fasta
34961,RGPD3,RANBP2 like and GRIP domain containing 3,ENSG00000153165,ENST00000409886,2,5277,3.7223870941771238,False,True,RGPD3 [ENST00000409886],Human,data/coding_sequences/ENST00000409886_CDS.fasta,data/coding_sequences/ENST00000409886_REJ.N.fasta,data/coding_sequences/ENST00000409886_REJ.C.fasta
28351,RGPD4,RANBP2 like and GRIP domain containing 4,ENSG00000196862,ENST00000408999,2,5277,3.7223870941771238,False,True,RGPD4 [ENST00000408999],Human,data/coding_sequences/ENST00000408999_CDS.fasta,data/coding_sequences/ENST00000408999_REJ.N.fasta,data/coding_sequences/ENST00000408999_REJ.C.fasta
145,RGPD5,RANBP2 like and GRIP domain containing 5,ENSG00000015568,ENST00000016946,2,5298,3.7241119539612124,False,True,RGPD5 [ENST00000016946],Human,data/coding_sequences/ENST00000016946_CDS.fasta,data/coding_sequences/ENST00000016946_REJ.N.fasta,data/coding_sequences/ENST00000016946_REJ.C.fasta
116609,RGPD6,RANBP2 like and GRIP domain containing 6,ENSG00000183054,ENST00000696448,2,5247,3.719911064198339,False,True,RGPD6 [ENST00000696448],Human,data/coding_sequences/ENST00000696448_CDS.fasta,data/coding_sequences/ENST00000696448_REJ.N.fasta,data/coding_sequences/ENST00000696448_REJ.C.fasta
9388,RGPD6,RANBP2 like and GRIP domain containing 6,ENSG00000183054,ENST00000329516,2,5298,3.7241119539612124,False,True,RGPD6 [ENST00000329516],Human,data/coding_sequences/ENST00000329516_CDS.fasta,data/coding_sequences/ENST00000329516_REJ.N.fasta,data/coding_sequences/ENST00000329516_REJ.C.fasta
117545,RGPD6,RANBP2 like and GRIP domain containing 6,ENSG00000183054,ENST00000696449,2,4932,3.693023067923694,False,True,RGPD6 [ENST00000696449],Human,data/coding_sequences/ENST00000696449_CDS.fasta,data/coding_sequences/ENST00000696449_REJ.N.fasta,data/coding_sequences/ENST00000696449_REJ.C.fasta
116359,RGPD6,RANBP2 like and GRIP domain containing 6,ENSG00000183054,ENST00000696446,2,5493,3.739809599021359,False,True,RGPD6 [ENST00000696446],Human,data/coding_sequences/ENST00000696446_CDS.fasta,data/coding_sequences/ENST00000696446_REJ.N.fasta,data/coding_sequences/ENST00000696446_REJ.C.fasta
33921,RGPD8,RANBP2 like and GRIP domain containing 8,ENSG00000169629,ENST00000409750,2,4878,3.688241795977712,False,True,RGPD8 [ENST00000409750],Human,data/coding_sequences/ENST00000409750_CDS.fasta,data/coding_sequences/ENST00000409750_REJ.N.fasta,data/coding_sequences/ENST00000409750_REJ.C.fasta
9157,RGPD8,RANBP2 like and GRIP domain containing 8,ENSG00000169629,ENST00000302558,2,5298,3.7241119539612124,False,True,RGPD8 [ENST00000302558],Human,data/coding_sequences/ENST00000302558_CDS.fasta,data/coding_sequences/ENST00000302558_REJ.N.fasta,data/coding_sequences/ENST00000302558_REJ.C.fasta
14503,RICTOR,RPTOR independent companion of MTOR complex 2,ENSG00000164327,ENST00000357387,5,5127,3.709863317440399,False,True,RICTOR [ENST00000357387],Human,data/coding_sequences/ENST00000357387_CDS.fasta,data/coding_sequences/ENST00000357387_REJ.N.fasta,data/coding_sequences/ENST00000357387_REJ.C.fasta
7556,RICTOR,RPTOR independent companion of MTOR complex 2,ENSG00000164327,ENST00000296782,5,5199,3.7159198174335795,False,True,RICTOR [ENST00000296782],Human,data/coding_sequences/ENST00000296782_CDS.fasta,data/coding_sequences/ENST00000296782_REJ.N.fasta,data/coding_sequences/ENST00000296782_REJ.C.fasta
1713,RIF1,replication timing regulatory factor 1,ENSG00000080345,ENST00000243326,2,7419,3.8703453710809597,False,True,RIF1 [ENST00000243326],Human,data/coding_sequences/ENST00000243326_CDS.fasta,data/coding_sequences/ENST00000243326_REJ.N.fasta,data/coding_sequences/ENST00000243326_REJ.C.fasta
43111,RIF1,replication timing regulatory factor 1,ENSG00000080345,ENST00000444746,2,7419,3.8703453710809597,False,True,RIF1 [ENST00000444746],Human,data/coding_sequences/ENST00000444746_CDS.fasta,data/coding_sequences/ENST00000444746_REJ.N.fasta,data/coding_sequences/ENST00000444746_REJ.C.fasta
39618,RIF1,replication timing regulatory factor 1,ENSG00000080345,ENST00000428287,2,7341,3.8657552240714517,False,True,RIF1 [ENST00000428287],Human,data/coding_sequences/ENST00000428287_CDS.fasta,data/coding_sequences/ENST00000428287_REJ.N.fasta,data/coding_sequences/ENST00000428287_REJ.C.fasta
46348,RIF1,replication timing regulatory factor 1,ENSG00000080345,ENST00000453091,2,7341,3.8657552240714517,False,True,RIF1 [ENST00000453091],Human,data/coding_sequences/ENST00000453091_CDS.fasta,data/coding_sequences/ENST00000453091_REJ.N.fasta,data/coding_sequences/ENST00000453091_REJ.C.fasta
38741,RIF1,replication timing regulatory factor 1,ENSG00000080345,ENST00000430328,2,7341,3.8657552240714517,False,True,RIF1 [ENST00000430328],Human,data/coding_sequences/ENST00000430328_CDS.fasta,data/coding_sequences/ENST00000430328_REJ.N.fasta,data/coding_sequences/ENST00000430328_REJ.C.fasta
94504,RIMBP3,RIMS binding protein 3,ENSG00000275793,ENST00000619918,22,4920,3.69196510276736,False,True,RIMBP3 [ENST00000619918],Human,data/coding_sequences/ENST00000619918_CDS.fasta,data/coding_sequences/ENST00000619918_REJ.N.fasta,data/coding_sequences/ENST00000619918_REJ.C.fasta
94145,RIMBP3B,RIMS binding protein 3B,ENSG00000274600,ENST00000620804,22,4920,3.69196510276736,False,True,RIMBP3B [ENST00000620804],Human,data/coding_sequences/ENST00000620804_CDS.fasta,data/coding_sequences/ENST00000620804_REJ.N.fasta,data/coding_sequences/ENST00000620804_REJ.C.fasta
37613,RIMBP3C,RIMS binding protein 3C,ENSG00000183246,ENST00000433039,22,4920,3.69196510276736,False,True,RIMBP3C [ENST00000433039],Human,data/coding_sequences/ENST00000433039_CDS.fasta,data/coding_sequences/ENST00000433039_REJ.N.fasta,data/coding_sequences/ENST00000433039_REJ.C.fasta
119433,RIMS1,regulating synaptic membrane exocytosis 1,ENSG00000079841,ENST00000697193,6,4548,3.6578204560156973,True,True,RIMS1 [ENST00000697193],Human,data/coding_sequences/ENST00000697193_CDS.fasta,data/coding_sequences/ENST00000697193_REJ.N.fasta,data/coding_sequences/ENST00000697193_REJ.C.fasta
4463,RIMS1,regulating synaptic membrane exocytosis 1,ENSG00000079841,ENST00000264839,6,4626,3.6652056284346006,True,True,RIMS1 [ENST00000264839],Human,data/coding_sequences/ENST00000264839_CDS.fasta,data/coding_sequences/ENST00000264839_REJ.N.fasta,data/coding_sequences/ENST00000264839_REJ.C.fasta
65682,RIMS1,regulating synaptic membrane exocytosis 1,ENSG00000079841,ENST00000521978,6,5079,3.705778212828598,True,True,RIMS1 [ENST00000521978],Human,data/coding_sequences/ENST00000521978_CDS.fasta,data/coding_sequences/ENST00000521978_REJ.N.fasta,data/coding_sequences/ENST00000521978_REJ.C.fasta
117525,RIMS2,regulating synaptic membrane exocytosis 2,ENSG00000176406,ENST00000696799,8,4824,3.683407299132095,True,True,RIMS2 [ENST00000696799],Human,data/coding_sequences/ENST00000696799_CDS.fasta,data/coding_sequences/ENST00000696799_REJ.N.fasta,data/coding_sequences/ENST00000696799_REJ.C.fasta
106631,RIMS2,regulating synaptic membrane exocytosis 2,ENSG00000176406,ENST00000666250,8,4779,3.6793370305207937,True,True,RIMS2 [ENST00000666250],Human,data/coding_sequences/ENST00000666250_CDS.fasta,data/coding_sequences/ENST00000666250_REJ.N.fasta,data/coding_sequences/ENST00000666250_REJ.C.fasta
121188,RIMS2,regulating synaptic membrane exocytosis 2,ENSG00000176406,ENST00000705945,8,4566,3.6595359071542166,True,True,RIMS2 [ENST00000705945],Human,data/coding_sequences/ENST00000705945_CDS.fasta,data/coding_sequences/ENST00000705945_REJ.N.fasta,data/coding_sequences/ENST00000705945_REJ.C.fasta
19937,RLF,RLF zinc finger,ENSG00000117000,ENST00000372771,1,5745,3.759290033024304,False,True,RLF [ENST00000372771],Human,data/coding_sequences/ENST00000372771_CDS.fasta,data/coding_sequences/ENST00000372771_REJ.N.fasta,data/coding_sequences/ENST00000372771_REJ.C.fasta
1337,RNF17,ring finger protein 17,ENSG00000132972,ENST00000255324,13,4872,3.687707279624819,False,True,RNF17 [ENST00000255324],Human,data/coding_sequences/ENST00000255324_CDS.fasta,data/coding_sequences/ENST00000255324_REJ.N.fasta,data/coding_sequences/ENST00000255324_REJ.C.fasta
49929,ROBO1,roundabout guidance receptor 1,ENSG00000169855,ENST00000467549,3,4656,3.668012971641832,True,True,ROBO1 [ENST00000467549],Human,data/coding_sequences/ENST00000467549_CDS.fasta,data/coding_sequences/ENST00000467549_REJ.N.fasta,data/coding_sequences/ENST00000467549_REJ.C.fasta
49873,ROBO1,roundabout guidance receptor 1,ENSG00000169855,ENST00000464233,3,4956,3.695131297704026,True,True,ROBO1 [ENST00000464233],Human,data/coding_sequences/ENST00000464233_CDS.fasta,data/coding_sequences/ENST00000464233_REJ.N.fasta,data/coding_sequences/ENST00000464233_REJ.C.fasta
57282,ROBO1,roundabout guidance receptor 1,ENSG00000169855,ENST00000495273,3,4821,3.683137131483007,True,True,ROBO1 [ENST00000495273],Human,data/coding_sequences/ENST00000495273_CDS.fasta,data/coding_sequences/ENST00000495273_REJ.N.fasta,data/coding_sequences/ENST00000495273_REJ.C.fasta
40236,ROBO1,roundabout guidance receptor 1,ENSG00000169855,ENST00000436010,3,4596,3.6623800200162475,True,True,ROBO1 [ENST00000436010],Human,data/coding_sequences/ENST00000436010_CDS.fasta,data/coding_sequences/ENST00000436010_REJ.N.fasta,data/coding_sequences/ENST00000436010_REJ.C.fasta
93027,ROBO1,roundabout guidance receptor 1,ENSG00000169855,ENST00000618846,3,4578,3.660675788338524,True,True,ROBO1 [ENST00000618846],Human,data/coding_sequences/ENST00000618846_CDS.fasta,data/coding_sequences/ENST00000618846_REJ.N.fasta,data/coding_sequences/ENST00000618846_REJ.C.fasta
116542,ROBO2,roundabout guidance receptor 2,ENSG00000185008,ENST00000696630,3,4596,3.6623800200162475,True,True,ROBO2 [ENST00000696630],Human,data/coding_sequences/ENST00000696630_CDS.fasta,data/coding_sequences/ENST00000696630_REJ.N.fasta,data/coding_sequences/ENST00000696630_REJ.C.fasta
19034,ROS1,"ROS proto-oncogene 1, receptor tyrosine kinase",ENSG00000047936,ENST00000368507,6,7026,3.846708145456007,False,True,ROS1 [ENST00000368507],Human,data/coding_sequences/ENST00000368507_CDS.fasta,data/coding_sequences/ENST00000368507_REJ.N.fasta,data/coding_sequences/ENST00000368507_REJ.C.fasta
20440,ROS1,"ROS proto-oncogene 1, receptor tyrosine kinase",ENSG00000047936,ENST00000368508,6,7044,3.847819347295239,False,True,ROS1 [ENST00000368508],Human,data/coding_sequences/ENST00000368508_CDS.fasta,data/coding_sequences/ENST00000368508_REJ.N.fasta,data/coding_sequences/ENST00000368508_REJ.C.fasta
1020,RP1,RP1 axonemal microtubule associated,ENSG00000104237,ENST00000220676,8,6471,3.8109713998222077,True,True,RP1 [ENST00000220676],Human,data/coding_sequences/ENST00000220676_CDS.fasta,data/coding_sequences/ENST00000220676_REJ.N.fasta,data/coding_sequences/ENST00000220676_REJ.C.fasta
25819,RP1L1,RP1 like 1,ENSG00000183638,ENST00000382483,8,7203,3.85751341477669,True,True,RP1L1 [ENST00000382483],Human,data/coding_sequences/ENST00000382483_CDS.fasta,data/coding_sequences/ENST00000382483_REJ.N.fasta,data/coding_sequences/ENST00000382483_REJ.C.fasta
16030,RREB1,ras responsive element binding protein 1,ENSG00000124782,ENST00000349384,6,5064,3.7044936970092985,False,True,RREB1 [ENST00000349384],Human,data/coding_sequences/ENST00000349384_CDS.fasta,data/coding_sequences/ENST00000349384_REJ.N.fasta,data/coding_sequences/ENST00000349384_REJ.C.fasta
23015,RREB1,ras responsive element binding protein 1,ENSG00000124782,ENST00000379938,6,5229,3.7184186418296554,False,True,RREB1 [ENST00000379938],Human,data/coding_sequences/ENST00000379938_CDS.fasta,data/coding_sequences/ENST00000379938_REJ.N.fasta,data/coding_sequences/ENST00000379938_REJ.C.fasta
25210,RREB1,ras responsive element binding protein 1,ENSG00000124782,ENST00000379933,6,5064,3.7044936970092985,False,True,RREB1 [ENST00000379933],Human,data/coding_sequences/ENST00000379933_CDS.fasta,data/coding_sequences/ENST00000379933_REJ.N.fasta,data/coding_sequences/ENST00000379933_REJ.C.fasta
3938,RTTN,rotatin,ENSG00000176225,ENST00000255674,18,6603,3.8197412972730103,True,True,RTTN [ENST00000255674],Human,data/coding_sequences/ENST00000255674_CDS.fasta,data/coding_sequences/ENST00000255674_REJ.N.fasta,data/coding_sequences/ENST00000255674_REJ.C.fasta
101396,RTTN,rotatin,ENSG00000176225,ENST00000640769,18,6681,3.8248414717537007,True,True,RTTN [ENST00000640769],Human,data/coding_sequences/ENST00000640769_CDS.fasta,data/coding_sequences/ENST00000640769_REJ.N.fasta,data/coding_sequences/ENST00000640769_REJ.C.fasta
16096,RUSC2,RUN and SH3 domain containing 2,ENSG00000198853,ENST00000361226,9,4551,3.658106835506393,True,True,RUSC2 [ENST00000361226],Human,data/coding_sequences/ENST00000361226_CDS.fasta,data/coding_sequences/ENST00000361226_REJ.N.fasta,data/coding_sequences/ENST00000361226_REJ.C.fasta
48284,RUSC2,RUN and SH3 domain containing 2,ENSG00000198853,ENST00000455600,9,4551,3.658106835506393,True,True,RUSC2 [ENST00000455600],Human,data/coding_sequences/ENST00000455600_CDS.fasta,data/coding_sequences/ENST00000455600_REJ.N.fasta,data/coding_sequences/ENST00000455600_REJ.C.fasta
106641,RYR2,ryanodine receptor 2,ENSG00000198626,ENST00000659194,1,7077,3.849849195605258,True,True,RYR2 [ENST00000659194],Human,data/coding_sequences/ENST00000659194_CDS.fasta,data/coding_sequences/ENST00000659194_REJ.N.fasta,data/coding_sequences/ENST00000659194_REJ.C.fasta
112520,SACS,sacsin molecular chaperone,ENSG00000151835,ENST00000683270,13,6513,3.8137810781740824,True,True,SACS [ENST00000683270],Human,data/coding_sequences/ENST00000683270_CDS.fasta,data/coding_sequences/ENST00000683270_REJ.N.fasta,data/coding_sequences/ENST00000683270_REJ.C.fasta
92967,SAMD9,sterile alpha motif domain containing 9,ENSG00000205413,ENST00000620985,7,4770,3.678518379040114,True,True,SAMD9 [ENST00000620985],Human,data/coding_sequences/ENST00000620985_CDS.fasta,data/coding_sequences/ENST00000620985_REJ.N.fasta,data/coding_sequences/ENST00000620985_REJ.C.fasta
25222,SAMD9,sterile alpha motif domain containing 9,ENSG00000205413,ENST00000379958,7,4770,3.678518379040114,True,True,SAMD9 [ENST00000379958],Human,data/coding_sequences/ENST00000379958_CDS.fasta,data/coding_sequences/ENST00000379958_REJ.N.fasta,data/coding_sequences/ENST00000379958_REJ.C.fasta
41491,SAMD9L,sterile alpha motif domain containing 9 like,ENSG00000177409,ENST00000446033,7,4755,3.6771505212734326,True,True,SAMD9L [ENST00000446033],Human,data/coding_sequences/ENST00000446033_CDS.fasta,data/coding_sequences/ENST00000446033_REJ.N.fasta,data/coding_sequences/ENST00000446033_REJ.C.fasta
12658,SAMD9L,sterile alpha motif domain containing 9 like,ENSG00000177409,ENST00000318238,7,4755,3.6771505212734326,True,True,SAMD9L [ENST00000318238],Human,data/coding_sequences/ENST00000318238_CDS.fasta,data/coding_sequences/ENST00000318238_REJ.N.fasta,data/coding_sequences/ENST00000318238_REJ.C.fasta
43274,SAMD9L,sterile alpha motif domain containing 9 like,ENSG00000177409,ENST00000439952,7,4755,3.6771505212734326,True,True,SAMD9L [ENST00000439952],Human,data/coding_sequences/ENST00000439952_CDS.fasta,data/coding_sequences/ENST00000439952_REJ.N.fasta,data/coding_sequences/ENST00000439952_REJ.C.fasta
40625,SAMD9L,sterile alpha motif domain containing 9 like,ENSG00000177409,ENST00000446959,7,4755,3.6771505212734326,True,True,SAMD9L [ENST00000446959],Human,data/coding_sequences/ENST00000446959_CDS.fasta,data/coding_sequences/ENST00000446959_REJ.N.fasta,data/coding_sequences/ENST00000446959_REJ.C.fasta
119372,SAMD9L,sterile alpha motif domain containing 9 like,ENSG00000177409,ENST00000699641,7,4755,3.6771505212734326,True,True,SAMD9L [ENST00000699641],Human,data/coding_sequences/ENST00000699641_CDS.fasta,data/coding_sequences/ENST00000699641_REJ.N.fasta,data/coding_sequences/ENST00000699641_REJ.C.fasta
32599,SAMD9L,sterile alpha motif domain containing 9 like,ENSG00000177409,ENST00000411955,7,4755,3.6771505212734326,True,True,SAMD9L [ENST00000411955],Human,data/coding_sequences/ENST00000411955_CDS.fasta,data/coding_sequences/ENST00000411955_REJ.N.fasta,data/coding_sequences/ENST00000411955_REJ.C.fasta
32255,SAMD9L,sterile alpha motif domain containing 9 like,ENSG00000177409,ENST00000414791,7,4755,3.6771505212734326,True,True,SAMD9L [ENST00000414791],Human,data/coding_sequences/ENST00000414791_CDS.fasta,data/coding_sequences/ENST00000414791_REJ.N.fasta,data/coding_sequences/ENST00000414791_REJ.C.fasta
40586,SAMD9L,sterile alpha motif domain containing 9 like,ENSG00000177409,ENST00000437805,7,4755,3.6771505212734326,True,True,SAMD9L [ENST00000437805],Human,data/coding_sequences/ENST00000437805_CDS.fasta,data/coding_sequences/ENST00000437805_REJ.N.fasta,data/coding_sequences/ENST00000437805_REJ.C.fasta
116331,SBF1,SET binding factor 1,ENSG00000100241,ENST00000691233,22,5601,3.748265572668741,True,True,SBF1 [ENST00000691233],Human,data/coding_sequences/ENST00000691233_CDS.fasta,data/coding_sequences/ENST00000691233_REJ.N.fasta,data/coding_sequences/ENST00000691233_REJ.C.fasta
114487,SBF1,SET binding factor 1,ENSG00000100241,ENST00000684986,22,5685,3.7547304690237535,True,True,SBF1 [ENST00000684986],Human,data/coding_sequences/ENST00000684986_CDS.fasta,data/coding_sequences/ENST00000684986_REJ.N.fasta,data/coding_sequences/ENST00000684986_REJ.C.fasta
15279,SBF1,SET binding factor 1,ENSG00000100241,ENST00000348911,22,5604,3.748498126613737,True,True,SBF1 [ENST00000348911],Human,data/coding_sequences/ENST00000348911_CDS.fasta,data/coding_sequences/ENST00000348911_REJ.N.fasta,data/coding_sequences/ENST00000348911_REJ.C.fasta
115535,SBF1,SET binding factor 1,ENSG00000100241,ENST00000686801,22,5148,3.711638538232349,True,True,SBF1 [ENST00000686801],Human,data/coding_sequences/ENST00000686801_CDS.fasta,data/coding_sequences/ENST00000686801_REJ.N.fasta,data/coding_sequences/ENST00000686801_REJ.C.fasta
114370,SBF1,SET binding factor 1,ENSG00000100241,ENST00000688066,22,5682,3.754501229386917,True,True,SBF1 [ENST00000688066],Human,data/coding_sequences/ENST00000688066_CDS.fasta,data/coding_sequences/ENST00000688066_REJ.N.fasta,data/coding_sequences/ENST00000688066_REJ.C.fasta
116881,SBF1,SET binding factor 1,ENSG00000100241,ENST00000689981,22,5643,3.751510050270041,True,True,SBF1 [ENST00000689981],Human,data/coding_sequences/ENST00000689981_CDS.fasta,data/coding_sequences/ENST00000689981_REJ.N.fasta,data/coding_sequences/ENST00000689981_REJ.C.fasta
117309,SBF1,SET binding factor 1,ENSG00000100241,ENST00000693440,22,5679,3.754271868683459,True,True,SBF1 [ENST00000693440],Human,data/coding_sequences/ENST00000693440_CDS.fasta,data/coding_sequences/ENST00000693440_REJ.N.fasta,data/coding_sequences/ENST00000693440_REJ.C.fasta
117291,SBF1,SET binding factor 1,ENSG00000100241,ENST00000690990,22,5676,3.7540423867854362,True,True,SBF1 [ENST00000690990],Human,data/coding_sequences/ENST00000690990_CDS.fasta,data/coding_sequences/ENST00000690990_REJ.N.fasta,data/coding_sequences/ENST00000690990_REJ.C.fasta
115524,SBF1,SET binding factor 1,ENSG00000100241,ENST00000689129,22,5607,3.7487305560984945,True,True,SBF1 [ENST00000689129],Human,data/coding_sequences/ENST00000689129_CDS.fasta,data/coding_sequences/ENST00000689129_REJ.N.fasta,data/coding_sequences/ENST00000689129_REJ.C.fasta
118551,SBF1,SET binding factor 1,ENSG00000100241,ENST00000691792,22,5667,3.753353212641496,True,True,SBF1 [ENST00000691792],Human,data/coding_sequences/ENST00000691792_CDS.fasta,data/coding_sequences/ENST00000691792_REJ.N.fasta,data/coding_sequences/ENST00000691792_REJ.C.fasta
116203,SBF1,SET binding factor 1,ENSG00000100241,ENST00000687016,22,5580,3.7466341989375787,True,True,SBF1 [ENST00000687016],Human,data/coding_sequences/ENST00000687016_CDS.fasta,data/coding_sequences/ENST00000687016_REJ.N.fasta,data/coding_sequences/ENST00000687016_REJ.C.fasta
116948,SBF1,SET binding factor 1,ENSG00000100241,ENST00000693052,22,5700,3.7558748556724915,True,True,SBF1 [ENST00000693052],Human,data/coding_sequences/ENST00000693052_CDS.fasta,data/coding_sequences/ENST00000693052_REJ.N.fasta,data/coding_sequences/ENST00000693052_REJ.C.fasta
24442,SBF1,SET binding factor 1,ENSG00000100241,ENST00000380817,22,5682,3.754501229386917,True,True,SBF1 [ENST00000380817],Human,data/coding_sequences/ENST00000380817_CDS.fasta,data/coding_sequences/ENST00000380817_REJ.N.fasta,data/coding_sequences/ENST00000380817_REJ.C.fasta
115217,SBF1,SET binding factor 1,ENSG00000100241,ENST00000685809,22,5595,3.7478000908643687,True,True,SBF1 [ENST00000685809],Human,data/coding_sequences/ENST00000685809_CDS.fasta,data/coding_sequences/ENST00000685809_REJ.N.fasta,data/coding_sequences/ENST00000685809_REJ.C.fasta
118595,SBF2,SET binding factor 2,ENSG00000133812,ENST00000689940,11,5544,3.7438232216037504,True,True,SBF2 [ENST00000689940],Human,data/coding_sequences/ENST00000689940_CDS.fasta,data/coding_sequences/ENST00000689940_REJ.N.fasta,data/coding_sequences/ENST00000689940_REJ.C.fasta
117356,SBF2,SET binding factor 2,ENSG00000133812,ENST00000692716,11,5421,3.734079407280594,True,True,SBF2 [ENST00000692716],Human,data/coding_sequences/ENST00000692716_CDS.fasta,data/coding_sequences/ENST00000692716_REJ.N.fasta,data/coding_sequences/ENST00000692716_REJ.C.fasta
3829,SBF2,SET binding factor 2,ENSG00000133812,ENST00000256190,11,5550,3.7442929831226763,True,True,SBF2 [ENST00000256190],Human,data/coding_sequences/ENST00000256190_CDS.fasta,data/coding_sequences/ENST00000256190_REJ.N.fasta,data/coding_sequences/ENST00000256190_REJ.C.fasta
115647,SBF2,SET binding factor 2,ENSG00000133812,ENST00000688344,11,5157,3.712397131406715,True,True,SBF2 [ENST00000688344],Human,data/coding_sequences/ENST00000688344_CDS.fasta,data/coding_sequences/ENST00000688344_REJ.N.fasta,data/coding_sequences/ENST00000688344_REJ.C.fasta
110490,SBF2,SET binding factor 2,ENSG00000133812,ENST00000676387,11,5607,3.7487305560984945,True,True,SBF2 [ENST00000676387],Human,data/coding_sequences/ENST00000676387_CDS.fasta,data/coding_sequences/ENST00000676387_REJ.N.fasta,data/coding_sequences/ENST00000676387_REJ.C.fasta
109212,SBF2,SET binding factor 2,ENSG00000133812,ENST00000675281,11,5625,3.7501225267834,True,True,SBF2 [ENST00000675281],Human,data/coding_sequences/ENST00000675281_CDS.fasta,data/coding_sequences/ENST00000675281_REJ.N.fasta,data/coding_sequences/ENST00000675281_REJ.C.fasta
114383,SBF2,SET binding factor 2,ENSG00000133812,ENST00000689128,11,5646,3.7517408738109004,True,True,SBF2 [ENST00000689128],Human,data/coding_sequences/ENST00000689128_CDS.fasta,data/coding_sequences/ENST00000689128_REJ.N.fasta,data/coding_sequences/ENST00000689128_REJ.C.fasta
114547,SBF2,SET binding factor 2,ENSG00000133812,ENST00000689258,11,5487,3.7393349601960795,True,True,SBF2 [ENST00000689258],Human,data/coding_sequences/ENST00000689258_CDS.fasta,data/coding_sequences/ENST00000689258_REJ.N.fasta,data/coding_sequences/ENST00000689258_REJ.C.fasta
106525,SCN10A,sodium voltage-gated channel alpha subunit 10,ENSG00000185313,ENST00000655275,3,5895,3.770483809431108,True,True,SCN10A [ENST00000655275],Human,data/coding_sequences/ENST00000655275_CDS.fasta,data/coding_sequences/ENST00000655275_REJ.N.fasta,data/coding_sequences/ENST00000655275_REJ.C.fasta
48833,SCN10A,sodium voltage-gated channel alpha subunit 10,ENSG00000185313,ENST00000449082,3,5871,3.7687120803776635,True,True,SCN10A [ENST00000449082],Human,data/coding_sequences/ENST00000449082_CDS.fasta,data/coding_sequences/ENST00000449082_REJ.N.fasta,data/coding_sequences/ENST00000449082_REJ.C.fasta
102749,SCN10A,sodium voltage-gated channel alpha subunit 10,ENSG00000185313,ENST00000643924,3,5868,3.768490105171245,True,True,SCN10A [ENST00000643924],Human,data/coding_sequences/ENST00000643924_CDS.fasta,data/coding_sequences/ENST00000643924_REJ.N.fasta,data/coding_sequences/ENST00000643924_REJ.C.fasta
7589,SCN11A,sodium voltage-gated channel alpha subunit 11,ENSG00000168356,ENST00000302328,3,5376,3.7304592600457687,True,True,SCN11A [ENST00000302328],Human,data/coding_sequences/ENST00000302328_CDS.fasta,data/coding_sequences/ENST00000302328_REJ.N.fasta,data/coding_sequences/ENST00000302328_REJ.C.fasta
107379,SCN11A,sodium voltage-gated channel alpha subunit 11,ENSG00000168356,ENST00000668754,3,5376,3.7304592600457687,True,True,SCN11A [ENST00000668754],Human,data/coding_sequences/ENST00000668754_CDS.fasta,data/coding_sequences/ENST00000668754_REJ.N.fasta,data/coding_sequences/ENST00000668754_REJ.C.fasta
44751,SCN11A,sodium voltage-gated channel alpha subunit 11,ENSG00000168356,ENST00000456224,3,5262,3.721150843749684,True,True,SCN11A [ENST00000456224],Human,data/coding_sequences/ENST00000456224_CDS.fasta,data/coding_sequences/ENST00000456224_REJ.N.fasta,data/coding_sequences/ENST00000456224_REJ.C.fasta
109831,SCN11A,sodium voltage-gated channel alpha subunit 11,ENSG00000168356,ENST00000675892,3,5196,3.71566914240099,True,True,SCN11A [ENST00000675892],Human,data/coding_sequences/ENST00000675892_CDS.fasta,data/coding_sequences/ENST00000675892_REJ.N.fasta,data/coding_sequences/ENST00000675892_REJ.C.fasta
111193,SCN11A,sodium voltage-gated channel alpha subunit 11,ENSG00000168356,ENST00000676176,3,4995,3.698535492562001,True,True,SCN11A [ENST00000676176],Human,data/coding_sequences/ENST00000676176_CDS.fasta,data/coding_sequences/ENST00000676176_REJ.N.fasta,data/coding_sequences/ENST00000676176_REJ.C.fasta
99525,SCN1A,sodium voltage-gated channel alpha subunit 1,ENSG00000144285,ENST00000635776,2,4857,3.6863681034730362,True,True,SCN1A [ENST00000635776],Human,data/coding_sequences/ENST00000635776_CDS.fasta,data/coding_sequences/ENST00000635776_REJ.N.fasta,data/coding_sequences/ENST00000635776_REJ.C.fasta
26900,SCN1A,sodium voltage-gated channel alpha subunit 1,ENSG00000144285,ENST00000409050,2,5946,3.774224904868919,True,True,SCN1A [ENST00000409050],Human,data/coding_sequences/ENST00000409050_CDS.fasta,data/coding_sequences/ENST00000409050_REJ.N.fasta,data/coding_sequences/ENST00000409050_REJ.C.fasta
100167,SCN1A,sodium voltage-gated channel alpha subunit 1,ENSG00000144285,ENST00000635750,2,5997,3.7779340488377793,True,True,SCN1A [ENST00000635750],Human,data/coding_sequences/ENST00000635750_CDS.fasta,data/coding_sequences/ENST00000635750_REJ.N.fasta,data/coding_sequences/ENST00000635750_REJ.C.fasta
98666,SCN1A,sodium voltage-gated channel alpha subunit 1,ENSG00000144285,ENST00000641575,2,5994,3.7777167386096258,True,True,SCN1A [ENST00000641575],Human,data/coding_sequences/ENST00000641575_CDS.fasta,data/coding_sequences/ENST00000641575_REJ.N.fasta,data/coding_sequences/ENST00000641575_REJ.C.fasta
101567,SCN1A,sodium voltage-gated channel alpha subunit 1,ENSG00000144285,ENST00000637988,2,5997,3.7779340488377793,True,True,SCN1A [ENST00000637988],Human,data/coding_sequences/ENST00000637988_CDS.fasta,data/coding_sequences/ENST00000637988_REJ.N.fasta,data/coding_sequences/ENST00000637988_REJ.C.fasta
19815,SCN1A,sodium voltage-gated channel alpha subunit 1,ENSG00000144285,ENST00000375405,2,5997,3.7779340488377793,True,True,SCN1A [ENST00000375405],Human,data/coding_sequences/ENST00000375405_CDS.fasta,data/coding_sequences/ENST00000375405_REJ.N.fasta,data/coding_sequences/ENST00000375405_REJ.C.fasta
98543,SCN1A,sodium voltage-gated channel alpha subunit 1,ENSG00000144285,ENST00000640036,2,5997,3.7779340488377793,True,True,SCN1A [ENST00000640036],Human,data/coding_sequences/ENST00000640036_CDS.fasta,data/coding_sequences/ENST00000640036_REJ.N.fasta,data/coding_sequences/ENST00000640036_REJ.C.fasta
4619,SCN1A,sodium voltage-gated channel alpha subunit 1,ENSG00000144285,ENST00000303395,2,6030,3.780317312140151,True,True,SCN1A [ENST00000303395],Human,data/coding_sequences/ENST00000303395_CDS.fasta,data/coding_sequences/ENST00000303395_REJ.N.fasta,data/coding_sequences/ENST00000303395_REJ.C.fasta
101451,SCN1A,sodium voltage-gated channel alpha subunit 1,ENSG00000144285,ENST00000641603,2,5748,3.759516759462188,True,True,SCN1A [ENST00000641603],Human,data/coding_sequences/ENST00000641603_CDS.fasta,data/coding_sequences/ENST00000641603_REJ.N.fasta,data/coding_sequences/ENST00000641603_REJ.C.fasta
108479,SCN1A,sodium voltage-gated channel alpha subunit 1,ENSG00000144285,ENST00000674923,2,6030,3.780317312140151,True,True,SCN1A [ENST00000674923],Human,data/coding_sequences/ENST00000674923_CDS.fasta,data/coding_sequences/ENST00000674923_REJ.N.fasta,data/coding_sequences/ENST00000674923_REJ.C.fasta
20951,SCN2A,sodium voltage-gated channel alpha subunit 2,ENSG00000136531,ENST00000375437,2,6018,3.7794521834040617,True,True,SCN2A [ENST00000375437],Human,data/coding_sequences/ENST00000375437_CDS.fasta,data/coding_sequences/ENST00000375437_REJ.N.fasta,data/coding_sequences/ENST00000375437_REJ.C.fasta
100285,SCN2A,sodium voltage-gated channel alpha subunit 2,ENSG00000136531,ENST00000636985,2,5622,3.749890841271422,True,True,SCN2A [ENST00000636985],Human,data/coding_sequences/ENST00000636985_CDS.fasta,data/coding_sequences/ENST00000636985_REJ.N.fasta,data/coding_sequences/ENST00000636985_REJ.C.fasta
97696,SCN2A,sodium voltage-gated channel alpha subunit 2,ENSG00000136531,ENST00000631182,2,6018,3.7794521834040617,True,True,SCN2A [ENST00000631182],Human,data/coding_sequences/ENST00000631182_CDS.fasta,data/coding_sequences/ENST00000631182_REJ.N.fasta,data/coding_sequences/ENST00000631182_REJ.C.fasta
100658,SCN2A,sodium voltage-gated channel alpha subunit 2,ENSG00000136531,ENST00000637266,2,6018,3.7794521834040617,True,True,SCN2A [ENST00000637266],Human,data/coding_sequences/ENST00000637266_CDS.fasta,data/coding_sequences/ENST00000637266_REJ.N.fasta,data/coding_sequences/ENST00000637266_REJ.C.fasta
100876,SCN2A,sodium voltage-gated channel alpha subunit 2,ENSG00000136531,ENST00000636071,2,6018,3.7794521834040617,True,True,SCN2A [ENST00000636071],Human,data/coding_sequences/ENST00000636071_CDS.fasta,data/coding_sequences/ENST00000636071_REJ.N.fasta,data/coding_sequences/ENST00000636071_REJ.C.fasta
8051,SCN2A,sodium voltage-gated channel alpha subunit 2,ENSG00000136531,ENST00000283256,2,6018,3.7794521834040617,True,True,SCN2A [ENST00000283256],Human,data/coding_sequences/ENST00000283256_CDS.fasta,data/coding_sequences/ENST00000283256_REJ.N.fasta,data/coding_sequences/ENST00000283256_REJ.C.fasta
120902,SCN3A,sodium voltage-gated channel alpha subunit 3,ENSG00000153253,ENST00000706067,2,5952,3.7746629225378223,True,True,SCN3A [ENST00000706067],Human,data/coding_sequences/ENST00000706067_CDS.fasta,data/coding_sequences/ENST00000706067_REJ.N.fasta,data/coding_sequences/ENST00000706067_REJ.C.fasta
27623,SCN3A,sodium voltage-gated channel alpha subunit 3,ENSG00000153253,ENST00000409101,2,5856,3.7676010680503356,True,True,SCN3A [ENST00000409101],Human,data/coding_sequences/ENST00000409101_CDS.fasta,data/coding_sequences/ENST00000409101_REJ.N.fasta,data/coding_sequences/ENST00000409101_REJ.C.fasta
100871,SCN3A,sodium voltage-gated channel alpha subunit 3,ENSG00000153253,ENST00000639244,2,5940,3.7737864449811935,True,True,SCN3A [ENST00000639244],Human,data/coding_sequences/ENST00000639244_CDS.fasta,data/coding_sequences/ENST00000639244_REJ.N.fasta,data/coding_sequences/ENST00000639244_REJ.C.fasta
4656,SCN3A,sodium voltage-gated channel alpha subunit 3,ENSG00000153253,ENST00000283254,2,6003,3.778368343355874,True,True,SCN3A [ENST00000283254],Human,data/coding_sequences/ENST00000283254_CDS.fasta,data/coding_sequences/ENST00000283254_REJ.N.fasta,data/coding_sequences/ENST00000283254_REJ.C.fasta
42808,SCN4A,sodium voltage-gated channel alpha subunit 4,ENSG00000007314,ENST00000435607,17,5511,3.741230411025471,True,True,SCN4A [ENST00000435607],Human,data/coding_sequences/ENST00000435607_CDS.fasta,data/coding_sequences/ENST00000435607_REJ.N.fasta,data/coding_sequences/ENST00000435607_REJ.C.fasta
37120,SCN5A,sodium voltage-gated channel alpha subunit 5,ENSG00000183873,ENST00000423572,3,6048,3.78161178249315,True,True,SCN5A [ENST00000423572],Human,data/coding_sequences/ENST00000423572_CDS.fasta,data/coding_sequences/ENST00000423572_REJ.N.fasta,data/coding_sequences/ENST00000423572_REJ.C.fasta
46796,SCN5A,sodium voltage-gated channel alpha subunit 5,ENSG00000183873,ENST00000449557,3,5889,3.770041554319669,True,True,SCN5A [ENST00000449557],Human,data/coding_sequences/ENST00000449557_CDS.fasta,data/coding_sequences/ENST00000449557_REJ.N.fasta,data/coding_sequences/ENST00000449557_REJ.C.fasta
12826,SCN5A,sodium voltage-gated channel alpha subunit 5,ENSG00000183873,ENST00000333535,3,6051,3.781827152932428,True,True,SCN5A [ENST00000333535],Human,data/coding_sequences/ENST00000333535_CDS.fasta,data/coding_sequences/ENST00000333535_REJ.N.fasta,data/coding_sequences/ENST00000333535_REJ.C.fasta
32786,SCN5A,sodium voltage-gated channel alpha subunit 5,ENSG00000183873,ENST00000413689,3,6051,3.781827152932428,True,True,SCN5A [ENST00000413689],Human,data/coding_sequences/ENST00000413689_CDS.fasta,data/coding_sequences/ENST00000413689_REJ.N.fasta,data/coding_sequences/ENST00000413689_REJ.C.fasta
45473,SCN5A,sodium voltage-gated channel alpha subunit 5,ENSG00000183873,ENST00000455624,3,5952,3.7746629225378223,True,True,SCN5A [ENST00000455624],Human,data/coding_sequences/ENST00000455624_CDS.fasta,data/coding_sequences/ENST00000455624_REJ.N.fasta,data/coding_sequences/ENST00000455624_REJ.C.fasta
46320,SCN5A,sodium voltage-gated channel alpha subunit 5,ENSG00000183873,ENST00000450102,3,5889,3.770041554319669,True,True,SCN5A [ENST00000450102],Human,data/coding_sequences/ENST00000450102_CDS.fasta,data/coding_sequences/ENST00000450102_REJ.N.fasta,data/coding_sequences/ENST00000450102_REJ.C.fasta
32796,SCN5A,sodium voltage-gated channel alpha subunit 5,ENSG00000183873,ENST00000414099,3,5997,3.7779340488377793,True,True,SCN5A [ENST00000414099],Human,data/coding_sequences/ENST00000414099_CDS.fasta,data/coding_sequences/ENST00000414099_REJ.N.fasta,data/coding_sequences/ENST00000414099_REJ.C.fasta
102825,SCN7A,sodium voltage-gated channel alpha subunit 7,ENSG00000136546,ENST00000643258,2,5049,3.7032053706954864,False,True,SCN7A [ENST00000643258],Human,data/coding_sequences/ENST00000643258_CDS.fasta,data/coding_sequences/ENST00000643258_REJ.N.fasta,data/coding_sequences/ENST00000643258_REJ.C.fasta
42991,SCN7A,sodium voltage-gated channel alpha subunit 7,ENSG00000136546,ENST00000441411,2,5049,3.7032053706954864,False,True,SCN7A [ENST00000441411],Human,data/coding_sequences/ENST00000441411_CDS.fasta,data/coding_sequences/ENST00000441411_REJ.N.fasta,data/coding_sequences/ENST00000441411_REJ.C.fasta
96679,SCN8A,sodium voltage-gated channel alpha subunit 8,ENSG00000196876,ENST00000627620,12,5943,3.7740057302582093,True,True,SCN8A [ENST00000627620],Human,data/coding_sequences/ENST00000627620_CDS.fasta,data/coding_sequences/ENST00000627620_REJ.N.fasta,data/coding_sequences/ENST00000627620_REJ.C.fasta
106624,SCN8A,sodium voltage-gated channel alpha subunit 8,ENSG00000196876,ENST00000662684,12,5943,3.7740057302582093,True,True,SCN8A [ENST00000662684],Human,data/coding_sequences/ENST00000662684_CDS.fasta,data/coding_sequences/ENST00000662684_REJ.N.fasta,data/coding_sequences/ENST00000662684_REJ.C.fasta
17671,SCN8A,sodium voltage-gated channel alpha subunit 8,ENSG00000196876,ENST00000354534,12,5943,3.7740057302582093,True,True,SCN8A [ENST00000354534],Human,data/coding_sequences/ENST00000354534_CDS.fasta,data/coding_sequences/ENST00000354534_REJ.N.fasta,data/coding_sequences/ENST00000354534_REJ.C.fasta
73036,SCN8A,sodium voltage-gated channel alpha subunit 8,ENSG00000196876,ENST00000545061,12,5820,3.7649229846498886,True,True,SCN8A [ENST00000545061],Human,data/coding_sequences/ENST00000545061_CDS.fasta,data/coding_sequences/ENST00000545061_REJ.N.fasta,data/coding_sequences/ENST00000545061_REJ.C.fasta
16942,SCN8A,sodium voltage-gated channel alpha subunit 8,ENSG00000196876,ENST00000355133,12,5820,3.7649229846498886,True,True,SCN8A [ENST00000355133],Human,data/coding_sequences/ENST00000355133_CDS.fasta,data/coding_sequences/ENST00000355133_REJ.N.fasta,data/coding_sequences/ENST00000355133_REJ.C.fasta
90442,SCN8A,sodium voltage-gated channel alpha subunit 8,ENSG00000196876,ENST00000599343,12,5976,3.7764105888073423,True,True,SCN8A [ENST00000599343],Human,data/coding_sequences/ENST00000599343_CDS.fasta,data/coding_sequences/ENST00000599343_REJ.N.fasta,data/coding_sequences/ENST00000599343_REJ.C.fasta
107237,SCN8A,sodium voltage-gated channel alpha subunit 8,ENSG00000196876,ENST00000668547,12,5820,3.7649229846498886,True,True,SCN8A [ENST00000668547],Human,data/coding_sequences/ENST00000668547_CDS.fasta,data/coding_sequences/ENST00000668547_REJ.N.fasta,data/coding_sequences/ENST00000668547_REJ.C.fasta
4718,SCN9A,sodium voltage-gated channel alpha subunit 9,ENSG00000169432,ENST00000303354,2,5967,3.775756037844098,True,True,SCN9A [ENST00000303354],Human,data/coding_sequences/ENST00000303354_CDS.fasta,data/coding_sequences/ENST00000303354_REJ.N.fasta,data/coding_sequences/ENST00000303354_REJ.C.fasta
34207,SCN9A,sodium voltage-gated channel alpha subunit 9,ENSG00000169432,ENST00000409672,2,5934,3.773347541980823,True,True,SCN9A [ENST00000409672],Human,data/coding_sequences/ENST00000409672_CDS.fasta,data/coding_sequences/ENST00000409672_REJ.N.fasta,data/coding_sequences/ENST00000409672_REJ.C.fasta
104701,SCN9A,sodium voltage-gated channel alpha subunit 9,ENSG00000169432,ENST00000645907,2,5934,3.773347541980823,True,True,SCN9A [ENST00000645907],Human,data/coding_sequences/ENST00000645907_CDS.fasta,data/coding_sequences/ENST00000645907_REJ.N.fasta,data/coding_sequences/ENST00000645907_REJ.C.fasta
100787,SCN9A,sodium voltage-gated channel alpha subunit 9,ENSG00000169432,ENST00000642356,2,5967,3.775756037844098,True,True,SCN9A [ENST00000642356],Human,data/coding_sequences/ENST00000642356_CDS.fasta,data/coding_sequences/ENST00000642356_REJ.N.fasta,data/coding_sequences/ENST00000642356_REJ.C.fasta
89819,SCRIB,scribble planar cell polarity protein,ENSG00000274287,ENST00000611528,CHR_HSCHR8_3_CTG7,4650,3.667452952889954,False,True,SCRIB [ENST00000611528],Human,data/coding_sequences/ENST00000611528_CDS.fasta,data/coding_sequences/ENST00000611528_REJ.N.fasta,data/coding_sequences/ENST00000611528_REJ.C.fasta
90264,SCRIB,scribble planar cell polarity protein,ENSG00000274287,ENST00000612204,CHR_HSCHR8_3_CTG7,4968,3.6961815871685237,False,True,SCRIB [ENST00000612204],Human,data/coding_sequences/ENST00000612204_CDS.fasta,data/coding_sequences/ENST00000612204_REJ.N.fasta,data/coding_sequences/ENST00000612204_REJ.C.fasta
16108,SCRIB,scribble planar cell polarity protein,ENSG00000180900,ENST00000356994,8,4968,3.6961815871685237,False,True,SCRIB [ENST00000356994],Human,data/coding_sequences/ENST00000356994_CDS.fasta,data/coding_sequences/ENST00000356994_REJ.N.fasta,data/coding_sequences/ENST00000356994_REJ.C.fasta
9398,SCRIB,scribble planar cell polarity protein,ENSG00000180900,ENST00000320476,8,4893,3.6895752157599384,False,True,SCRIB [ENST00000320476],Human,data/coding_sequences/ENST00000320476_CDS.fasta,data/coding_sequences/ENST00000320476_REJ.N.fasta,data/coding_sequences/ENST00000320476_REJ.C.fasta
91773,SCRIB,scribble planar cell polarity protein,ENSG00000274287,ENST00000622455,CHR_HSCHR8_3_CTG7,4893,3.6895752157599384,False,True,SCRIB [ENST00000622455],Human,data/coding_sequences/ENST00000622455_CDS.fasta,data/coding_sequences/ENST00000622455_REJ.N.fasta,data/coding_sequences/ENST00000622455_REJ.C.fasta
107557,SCRIB,scribble planar cell polarity protein,ENSG00000180900,ENST00000674084,8,4977,3.696967640744023,False,True,SCRIB [ENST00000674084],Human,data/coding_sequences/ENST00000674084_CDS.fasta,data/coding_sequences/ENST00000674084_REJ.N.fasta,data/coding_sequences/ENST00000674084_REJ.C.fasta
23218,SCRIB,scribble planar cell polarity protein,ENSG00000180900,ENST00000377533,8,4650,3.667452952889954,False,True,SCRIB [ENST00000377533],Human,data/coding_sequences/ENST00000377533_CDS.fasta,data/coding_sequences/ENST00000377533_REJ.N.fasta,data/coding_sequences/ENST00000377533_REJ.C.fasta
24854,SDK1,sidekick cell adhesion molecule 1,ENSG00000146555,ENST00000389531,7,6582,3.8183578779583547,False,True,SDK1 [ENST00000389531],Human,data/coding_sequences/ENST00000389531_CDS.fasta,data/coding_sequences/ENST00000389531_REJ.N.fasta,data/coding_sequences/ENST00000389531_REJ.C.fasta
28421,SDK1,sidekick cell adhesion molecule 1,ENSG00000146555,ENST00000404826,7,6642,3.8222988712623662,False,True,SDK1 [ENST00000404826],Human,data/coding_sequences/ENST00000404826_CDS.fasta,data/coding_sequences/ENST00000404826_REJ.N.fasta,data/coding_sequences/ENST00000404826_REJ.C.fasta
22729,SDK2,sidekick cell adhesion molecule 2,ENSG00000069188,ENST00000392650,17,6519,3.8141809810401868,False,True,SDK2 [ENST00000392650],Human,data/coding_sequences/ENST00000392650_CDS.fasta,data/coding_sequences/ENST00000392650_REJ.N.fasta,data/coding_sequences/ENST00000392650_REJ.C.fasta
8698,SEC16A,"SEC16 homolog A, endoplasmic reticulum export factor",ENSG00000148396,ENST00000290037,9,7005,3.8454081396217936,False,True,SEC16A [ENST00000290037],Human,data/coding_sequences/ENST00000290037_CDS.fasta,data/coding_sequences/ENST00000290037_REJ.N.fasta,data/coding_sequences/ENST00000290037_REJ.C.fasta
118368,SEC16A,"SEC16 homolog A, endoplasmic reticulum export factor",ENSG00000148396,ENST00000690691,9,6303,3.799547307125615,False,True,SEC16A [ENST00000690691],Human,data/coding_sequences/ENST00000690691_CDS.fasta,data/coding_sequences/ENST00000690691_REJ.N.fasta,data/coding_sequences/ENST00000690691_REJ.C.fasta
36856,SEC16A,"SEC16 homolog A, endoplasmic reticulum export factor",ENSG00000148396,ENST00000431893,9,6465,3.810568529216413,False,True,SEC16A [ENST00000431893],Human,data/coding_sequences/ENST00000431893_CDS.fasta,data/coding_sequences/ENST00000431893_REJ.N.fasta,data/coding_sequences/ENST00000431893_REJ.C.fasta
6076,SEC16A,"SEC16 homolog A, endoplasmic reticulum export factor",ENSG00000148396,ENST00000313050,9,7074,3.8496650554787326,False,True,SEC16A [ENST00000313050],Human,data/coding_sequences/ENST00000313050_CDS.fasta,data/coding_sequences/ENST00000313050_REJ.N.fasta,data/coding_sequences/ENST00000313050_REJ.C.fasta
17926,SEC16A,"SEC16 homolog A, endoplasmic reticulum export factor",ENSG00000148396,ENST00000371706,9,6441,3.808953299155911,False,True,SEC16A [ENST00000371706],Human,data/coding_sequences/ENST00000371706_CDS.fasta,data/coding_sequences/ENST00000371706_REJ.N.fasta,data/coding_sequences/ENST00000371706_REJ.C.fasta
115439,SEC16A,"SEC16 homolog A, endoplasmic reticulum export factor",ENSG00000148396,ENST00000684901,9,7074,3.8496650554787326,False,True,SEC16A [ENST00000684901],Human,data/coding_sequences/ENST00000684901_CDS.fasta,data/coding_sequences/ENST00000684901_REJ.N.fasta,data/coding_sequences/ENST00000684901_REJ.C.fasta
110182,SETBP1,SET binding protein 1,ENSG00000152217,ENST00000677130,18,4791,3.680426170858145,True,True,SETBP1 [ENST00000677130],Human,data/coding_sequences/ENST00000677130_CDS.fasta,data/coding_sequences/ENST00000677130_REJ.N.fasta,data/coding_sequences/ENST00000677130_REJ.C.fasta
109309,SETBP1,SET binding protein 1,ENSG00000152217,ENST00000677077,18,4791,3.680426170858145,True,True,SETBP1 [ENST00000677077],Human,data/coding_sequences/ENST00000677077_CDS.fasta,data/coding_sequences/ENST00000677077_REJ.N.fasta,data/coding_sequences/ENST00000677077_REJ.C.fasta
106288,SETBP1,SET binding protein 1,ENSG00000152217,ENST00000649279,18,4791,3.680426170858145,True,True,SETBP1 [ENST00000649279],Human,data/coding_sequences/ENST00000649279_CDS.fasta,data/coding_sequences/ENST00000649279_REJ.N.fasta,data/coding_sequences/ENST00000649279_REJ.C.fasta
110023,SETBP1,SET binding protein 1,ENSG00000152217,ENST00000677699,18,4620,3.6646419755561257,True,True,SETBP1 [ENST00000677699],Human,data/coding_sequences/ENST00000677699_CDS.fasta,data/coding_sequences/ENST00000677699_REJ.N.fasta,data/coding_sequences/ENST00000677699_REJ.C.fasta
110412,SETBP1,SET binding protein 1,ENSG00000152217,ENST00000677068,18,4791,3.680426170858145,True,True,SETBP1 [ENST00000677068],Human,data/coding_sequences/ENST00000677068_CDS.fasta,data/coding_sequences/ENST00000677068_REJ.N.fasta,data/coding_sequences/ENST00000677068_REJ.C.fasta
110059,SETBP1,SET binding protein 1,ENSG00000152217,ENST00000678152,18,4791,3.680426170858145,True,True,SETBP1 [ENST00000678152],Human,data/coding_sequences/ENST00000678152_CDS.fasta,data/coding_sequences/ENST00000678152_REJ.N.fasta,data/coding_sequences/ENST00000678152_REJ.C.fasta
115258,SETD1A,"SET domain containing 1A, histone lysine methyltransferase",ENSG00000099381,ENST00000684162,16,5124,3.7096091210726487,True,True,SETD1A [ENST00000684162],Human,data/coding_sequences/ENST00000684162_CDS.fasta,data/coding_sequences/ENST00000684162_REJ.N.fasta,data/coding_sequences/ENST00000684162_REJ.C.fasta
3628,SETD1A,"SET domain containing 1A, histone lysine methyltransferase",ENSG00000099381,ENST00000262519,16,5124,3.7096091210726487,True,True,SETD1A [ENST00000262519],Human,data/coding_sequences/ENST00000262519_CDS.fasta,data/coding_sequences/ENST00000262519_REJ.N.fasta,data/coding_sequences/ENST00000262519_REJ.C.fasta
88525,SETD1B,"SET domain containing 1B, histone lysine methyltransferase",ENSG00000139718,ENST00000604567,12,5901,3.7709256146389993,True,True,SETD1B [ENST00000604567],Human,data/coding_sequences/ENST00000604567_CDS.fasta,data/coding_sequences/ENST00000604567_REJ.N.fasta,data/coding_sequences/ENST00000604567_REJ.C.fasta
70245,SETD1B,"SET domain containing 1B, histone lysine methyltransferase",ENSG00000139718,ENST00000542440,12,5772,3.7613263224214566,True,True,SETD1B [ENST00000542440],Human,data/coding_sequences/ENST00000542440_CDS.fasta,data/coding_sequences/ENST00000542440_REJ.N.fasta,data/coding_sequences/ENST00000542440_REJ.C.fasta
92491,SETD1B,"SET domain containing 1B, histone lysine methyltransferase",ENSG00000139718,ENST00000619791,12,5901,3.7709256146389993,True,True,SETD1B [ENST00000619791],Human,data/coding_sequences/ENST00000619791_CDS.fasta,data/coding_sequences/ENST00000619791_REJ.N.fasta,data/coding_sequences/ENST00000619791_REJ.C.fasta
114797,SETD2,"SET domain containing 2, histone lysine methyltransferase",ENSG00000181555,ENST00000685005,3,7461,3.8727970399895986,True,True,SETD2 [ENST00000685005],Human,data/coding_sequences/ENST00000685005_CDS.fasta,data/coding_sequences/ENST00000685005_REJ.N.fasta,data/coding_sequences/ENST00000685005_REJ.C.fasta
101575,SETD2,"SET domain containing 2, histone lysine methyltransferase",ENSG00000181555,ENST00000638947,3,7563,3.878694100396108,True,True,SETD2 [ENST00000638947],Human,data/coding_sequences/ENST00000638947_CDS.fasta,data/coding_sequences/ENST00000638947_REJ.N.fasta,data/coding_sequences/ENST00000638947_REJ.C.fasta
34179,SETD2,"SET domain containing 2, histone lysine methyltransferase",ENSG00000181555,ENST00000409792,3,7695,3.8862086241674976,True,True,SETD2 [ENST00000409792],Human,data/coding_sequences/ENST00000409792_CDS.fasta,data/coding_sequences/ENST00000409792_REJ.N.fasta,data/coding_sequences/ENST00000409792_REJ.C.fasta
116473,SETD2,"SET domain containing 2, histone lysine methyltransferase",ENSG00000181555,ENST00000690461,3,5433,3.7350397050337207,True,True,SETD2 [ENST00000690461],Human,data/coding_sequences/ENST00000690461_CDS.fasta,data/coding_sequences/ENST00000690461_REJ.N.fasta,data/coding_sequences/ENST00000690461_REJ.C.fasta
44493,SETD2,"SET domain containing 2, histone lysine methyltransferase",ENSG00000181555,ENST00000445387,3,5028,3.7013952690139202,True,True,SETD2 [ENST00000445387],Human,data/coding_sequences/ENST00000445387_CDS.fasta,data/coding_sequences/ENST00000445387_REJ.N.fasta,data/coding_sequences/ENST00000445387_REJ.C.fasta
24449,SHANK1,SH3 and multiple ankyrin repeat domains 1,ENSG00000161681,ENST00000391814,19,6510,3.813580988568192,False,True,SHANK1 [ENST00000391814],Human,data/coding_sequences/ENST00000391814_CDS.fasta,data/coding_sequences/ENST00000391814_REJ.N.fasta,data/coding_sequences/ENST00000391814_REJ.C.fasta
6382,SHANK1,SH3 and multiple ankyrin repeat domains 1,ENSG00000161681,ENST00000293441,19,6486,3.811976944336954,False,True,SHANK1 [ENST00000293441],Human,data/coding_sequences/ENST00000293441_CDS.fasta,data/coding_sequences/ENST00000293441_REJ.N.fasta,data/coding_sequences/ENST00000293441_REJ.C.fasta
15447,SHANK1,SH3 and multiple ankyrin repeat domains 1,ENSG00000161681,ENST00000359082,19,6459,3.8101652845431495,False,True,SHANK1 [ENST00000359082],Human,data/coding_sequences/ENST00000359082_CDS.fasta,data/coding_sequences/ENST00000359082_REJ.N.fasta,data/coding_sequences/ENST00000359082_REJ.C.fasta
90353,SHANK2,SH3 and multiple ankyrin repeat domains 2,ENSG00000162105,ENST00000601538,11,5550,3.7442929831226763,False,True,SHANK2 [ENST00000601538],Human,data/coding_sequences/ENST00000601538_CDS.fasta,data/coding_sequences/ENST00000601538_REJ.N.fasta,data/coding_sequences/ENST00000601538_REJ.C.fasta
3717,SHANK3,SH3 and multiple ankyrin repeat domains 3,ENSG00000251322,ENST00000262795,22,4824,3.683407299132095,True,True,SHANK3 [ENST00000262795],Human,data/coding_sequences/ENST00000262795_CDS.fasta,data/coding_sequences/ENST00000262795_REJ.N.fasta,data/coding_sequences/ENST00000262795_REJ.C.fasta
112577,SHOC1,shortage in chiasmata 1,ENSG00000165181,ENST00000682961,9,4527,3.655810494495252,True,True,SHOC1 [ENST00000682961],Human,data/coding_sequences/ENST00000682961_CDS.fasta,data/coding_sequences/ENST00000682961_REJ.N.fasta,data/coding_sequences/ENST00000682961_REJ.C.fasta
5605,SHPRH,SNF2 histone linker PHD RING helicase,ENSG00000146414,ENST00000275233,6,5052,3.703463341883293,False,True,SHPRH [ENST00000275233],Human,data/coding_sequences/ENST00000275233_CDS.fasta,data/coding_sequences/ENST00000275233_REJ.N.fasta,data/coding_sequences/ENST00000275233_REJ.C.fasta
19340,SHPRH,SNF2 histone linker PHD RING helicase,ENSG00000146414,ENST00000367505,6,5052,3.703463341883293,False,True,SHPRH [ENST00000367505],Human,data/coding_sequences/ENST00000367505_CDS.fasta,data/coding_sequences/ENST00000367505_REJ.N.fasta,data/coding_sequences/ENST00000367505_REJ.C.fasta
95593,SHPRH,SNF2 histone linker PHD RING helicase,ENSG00000146414,ENST00000629427,6,5064,3.7044936970092985,False,True,SHPRH [ENST00000629427],Human,data/coding_sequences/ENST00000629427_CDS.fasta,data/coding_sequences/ENST00000629427_REJ.N.fasta,data/coding_sequences/ENST00000629427_REJ.C.fasta
43624,SHPRH,SNF2 histone linker PHD RING helicase,ENSG00000146414,ENST00000438092,6,4980,3.6972293427597176,False,True,SHPRH [ENST00000438092],Human,data/coding_sequences/ENST00000438092_CDS.fasta,data/coding_sequences/ENST00000438092_REJ.N.fasta,data/coding_sequences/ENST00000438092_REJ.C.fasta
23633,SHROOM2,shroom family member 2,ENSG00000146950,ENST00000380913,X,4851,3.6858312746260635,False,True,SHROOM2 [ENST00000380913],Human,data/coding_sequences/ENST00000380913_CDS.fasta,data/coding_sequences/ENST00000380913_REJ.N.fasta,data/coding_sequences/ENST00000380913_REJ.C.fasta
8220,SHROOM3,shroom family member 3,ENSG00000138771,ENST00000296043,4,5991,3.777499319590365,False,True,SHROOM3 [ENST00000296043],Human,data/coding_sequences/ENST00000296043_CDS.fasta,data/coding_sequences/ENST00000296043_REJ.N.fasta,data/coding_sequences/ENST00000296043_REJ.C.fasta
102588,SHROOM3,shroom family member 3,ENSG00000138771,ENST00000646790,4,5748,3.759516759462188,False,True,SHROOM3 [ENST00000646790],Human,data/coding_sequences/ENST00000646790_CDS.fasta,data/coding_sequences/ENST00000646790_REJ.N.fasta,data/coding_sequences/ENST00000646790_REJ.C.fasta
3754,SI,sucrase-isomaltase,ENSG00000090402,ENST00000264382,3,5484,3.739097446117475,True,True,SI [ENST00000264382],Human,data/coding_sequences/ENST00000264382_CDS.fasta,data/coding_sequences/ENST00000264382_REJ.N.fasta,data/coding_sequences/ENST00000264382_REJ.C.fasta
12469,SIGLEC1,sialic acid binding Ig like lectin 1,ENSG00000088827,ENST00000344754,20,5130,3.7101173651118162,False,True,SIGLEC1 [ENST00000344754],Human,data/coding_sequences/ENST00000344754_CDS.fasta,data/coding_sequences/ENST00000344754_REJ.N.fasta,data/coding_sequences/ENST00000344754_REJ.C.fasta
121623,SIGLEC1,sialic acid binding Ig like lectin 1,ENSG00000088827,ENST00000707083,20,5106,3.7080808104682315,False,True,SIGLEC1 [ENST00000707083],Human,data/coding_sequences/ENST00000707083_CDS.fasta,data/coding_sequences/ENST00000707083_REJ.N.fasta,data/coding_sequences/ENST00000707083_REJ.C.fasta
23639,SIPA1L1,signal induced proliferation associated 1 like 1,ENSG00000197555,ENST00000381232,14,5352,3.7285161047597666,False,True,SIPA1L1 [ENST00000381232],Human,data/coding_sequences/ENST00000381232_CDS.fasta,data/coding_sequences/ENST00000381232_REJ.N.fasta,data/coding_sequences/ENST00000381232_REJ.C.fasta
76070,SIPA1L1,signal induced proliferation associated 1 like 1,ENSG00000197555,ENST00000555818,14,5415,3.733598460961339,False,True,SIPA1L1 [ENST00000555818],Human,data/coding_sequences/ENST00000555818_CDS.fasta,data/coding_sequences/ENST00000555818_REJ.N.fasta,data/coding_sequences/ENST00000555818_REJ.C.fasta
14190,SIPA1L1,signal induced proliferation associated 1 like 1,ENSG00000197555,ENST00000358550,14,5349,3.728272597895017,False,True,SIPA1L1 [ENST00000358550],Human,data/coding_sequences/ENST00000358550_CDS.fasta,data/coding_sequences/ENST00000358550_REJ.N.fasta,data/coding_sequences/ENST00000358550_REJ.C.fasta
107021,SIPA1L2,signal induced proliferation associated 1 like 2,ENSG00000116991,ENST00000674749,1,5115,3.708845638048179,False,True,SIPA1L2 [ENST00000674749],Human,data/coding_sequences/ENST00000674749_CDS.fasta,data/coding_sequences/ENST00000674749_REJ.N.fasta,data/coding_sequences/ENST00000674749_REJ.C.fasta
14666,SIPA1L2,signal induced proliferation associated 1 like 2,ENSG00000116991,ENST00000366630,1,5169,3.713406532167691,False,True,SIPA1L2 [ENST00000366630],Human,data/coding_sequences/ENST00000366630_CDS.fasta,data/coding_sequences/ENST00000366630_REJ.N.fasta,data/coding_sequences/ENST00000366630_REJ.C.fasta
108785,SIPA1L2,signal induced proliferation associated 1 like 2,ENSG00000116991,ENST00000674635,1,5169,3.713406532167691,False,True,SIPA1L2 [ENST00000674635],Human,data/coding_sequences/ENST00000674635_CDS.fasta,data/coding_sequences/ENST00000674635_REJ.N.fasta,data/coding_sequences/ENST00000674635_REJ.C.fasta
109162,SIPA1L2,signal induced proliferation associated 1 like 2,ENSG00000116991,ENST00000675685,1,5115,3.708845638048179,False,True,SIPA1L2 [ENST00000675685],Human,data/coding_sequences/ENST00000675685_CDS.fasta,data/coding_sequences/ENST00000675685_REJ.N.fasta,data/coding_sequences/ENST00000675685_REJ.C.fasta
111535,SIPA1L2,signal induced proliferation associated 1 like 2,ENSG00000116991,ENST00000676213,1,5322,3.72607487021537,False,True,SIPA1L2 [ENST00000676213],Human,data/coding_sequences/ENST00000676213_CDS.fasta,data/coding_sequences/ENST00000676213_REJ.N.fasta,data/coding_sequences/ENST00000676213_REJ.C.fasta
110803,SIPA1L2,signal induced proliferation associated 1 like 2,ENSG00000116991,ENST00000675407,1,5115,3.708845638048179,False,True,SIPA1L2 [ENST00000675407],Human,data/coding_sequences/ENST00000675407_CDS.fasta,data/coding_sequences/ENST00000675407_REJ.N.fasta,data/coding_sequences/ENST00000675407_REJ.C.fasta
1280,SIPA1L3,signal induced proliferation associated 1 like 3,ENSG00000105738,ENST00000222345,19,5346,3.7280289544205183,False,True,SIPA1L3 [ENST00000222345],Human,data/coding_sequences/ENST00000222345_CDS.fasta,data/coding_sequences/ENST00000222345_REJ.N.fasta,data/coding_sequences/ENST00000222345_REJ.C.fasta
118753,SKIC3,SKI3 subunit of superkiller complex,ENSG00000198677,ENST00000698487,5,4689,3.6710802327388494,True,True,SKIC3 [ENST00000698487],Human,data/coding_sequences/ENST00000698487_CDS.fasta,data/coding_sequences/ENST00000698487_REJ.N.fasta,data/coding_sequences/ENST00000698487_REJ.C.fasta
105484,SKIC3,SKI3 subunit of superkiller complex,ENSG00000198677,ENST00000649566,5,4695,3.6716355966021297,True,True,SKIC3 [ENST00000649566],Human,data/coding_sequences/ENST00000649566_CDS.fasta,data/coding_sequences/ENST00000649566_REJ.N.fasta,data/coding_sequences/ENST00000649566_REJ.C.fasta
16590,SKIC3,SKI3 subunit of superkiller complex,ENSG00000198677,ENST00000358746,5,4695,3.6716355966021297,True,True,SKIC3 [ENST00000358746],Human,data/coding_sequences/ENST00000358746_CDS.fasta,data/coding_sequences/ENST00000358746_REJ.N.fasta,data/coding_sequences/ENST00000358746_REJ.C.fasta
120026,SKIC3,SKI3 subunit of superkiller complex,ENSG00000198677,ENST00000698479,5,4737,3.6755033847279566,True,True,SKIC3 [ENST00000698479],Human,data/coding_sequences/ENST00000698479_CDS.fasta,data/coding_sequences/ENST00000698479_REJ.N.fasta,data/coding_sequences/ENST00000698479_REJ.C.fasta
119313,SKIC3,SKI3 subunit of superkiller complex,ENSG00000198677,ENST00000698454,5,4686,3.670802284260944,True,True,SKIC3 [ENST00000698454],Human,data/coding_sequences/ENST00000698454_CDS.fasta,data/coding_sequences/ENST00000698454_REJ.N.fasta,data/coding_sequences/ENST00000698454_REJ.C.fasta
118756,SKIC3,SKI3 subunit of superkiller complex,ENSG00000198677,ENST00000698490,5,4686,3.670802284260944,True,True,SKIC3 [ENST00000698490],Human,data/coding_sequences/ENST00000698490_CDS.fasta,data/coding_sequences/ENST00000698490_REJ.N.fasta,data/coding_sequences/ENST00000698490_REJ.C.fasta
2867,SLIT1,slit guidance ligand 1,ENSG00000187122,ENST00000266058,10,4605,3.663229634532868,False,True,SLIT1 [ENST00000266058],Human,data/coding_sequences/ENST00000266058_CDS.fasta,data/coding_sequences/ENST00000266058_REJ.N.fasta,data/coding_sequences/ENST00000266058_REJ.C.fasta
57769,SLIT2,slit guidance ligand 2,ENSG00000145147,ENST00000503823,4,4566,3.6595359071542166,False,True,SLIT2 [ENST00000503823],Human,data/coding_sequences/ENST00000503823_CDS.fasta,data/coding_sequences/ENST00000503823_REJ.N.fasta,data/coding_sequences/ENST00000503823_REJ.C.fasta
56184,SLIT2,slit guidance ligand 2,ENSG00000145147,ENST00000504154,4,4590,3.661812685537261,False,True,SLIT2 [ENST00000504154],Human,data/coding_sequences/ENST00000504154_CDS.fasta,data/coding_sequences/ENST00000504154_REJ.N.fasta,data/coding_sequences/ENST00000504154_REJ.C.fasta
57215,SLIT2,slit guidance ligand 2,ENSG00000145147,ENST00000503837,4,4578,3.660675788338524,False,True,SLIT2 [ENST00000503837],Human,data/coding_sequences/ENST00000503837_CDS.fasta,data/coding_sequences/ENST00000503837_REJ.N.fasta,data/coding_sequences/ENST00000503837_REJ.C.fasta
6878,SLIT2,slit guidance ligand 2,ENSG00000145147,ENST00000273739,4,4629,3.6654871807828107,False,True,SLIT2 [ENST00000273739],Human,data/coding_sequences/ENST00000273739_CDS.fasta,data/coding_sequences/ENST00000273739_REJ.N.fasta,data/coding_sequences/ENST00000273739_REJ.C.fasta
11274,SLIT3,slit guidance ligand 3,ENSG00000184347,ENST00000332966,5,4593,3.6620964454179235,False,True,SLIT3 [ENST00000332966],Human,data/coding_sequences/ENST00000332966_CDS.fasta,data/coding_sequences/ENST00000332966_REJ.N.fasta,data/coding_sequences/ENST00000332966_REJ.C.fasta
61725,SLIT3,slit guidance ligand 3,ENSG00000184347,ENST00000519560,5,4572,3.660106221723244,False,True,SLIT3 [ENST00000519560],Human,data/coding_sequences/ENST00000519560_CDS.fasta,data/coding_sequences/ENST00000519560_REJ.N.fasta,data/coding_sequences/ENST00000519560_REJ.C.fasta
8438,SLX4,SLX4 structure-specific endonuclease subunit,ENSG00000188827,ENST00000294008,16,5505,3.7407573233077707,True,True,SLX4 [ENST00000294008],Human,data/coding_sequences/ENST00000294008_CDS.fasta,data/coding_sequences/ENST00000294008_REJ.N.fasta,data/coding_sequences/ENST00000294008_REJ.C.fasta
46584,SMARCA2,"SWI/SNF related, matrix associated, actin dependent regulator of chromatin, subfamily a, member 2",ENSG00000080503,ENST00000450198,9,4545,3.657533887557986,True,True,SMARCA2 [ENST00000450198],Human,data/coding_sequences/ENST00000450198_CDS.fasta,data/coding_sequences/ENST00000450198_REJ.N.fasta,data/coding_sequences/ENST00000450198_REJ.C.fasta
25698,SMARCA2,"SWI/SNF related, matrix associated, actin dependent regulator of chromatin, subfamily a, member 2",ENSG00000080503,ENST00000382194,9,4719,3.6738499773429494,True,True,SMARCA2 [ENST00000382194],Human,data/coding_sequences/ENST00000382194_CDS.fasta,data/coding_sequences/ENST00000382194_REJ.N.fasta,data/coding_sequences/ENST00000382194_REJ.C.fasta
23663,SMARCA2,"SWI/SNF related, matrix associated, actin dependent regulator of chromatin, subfamily a, member 2",ENSG00000080503,ENST00000382203,9,4773,3.678791434366244,True,True,SMARCA2 [ENST00000382203],Human,data/coding_sequences/ENST00000382203_CDS.fasta,data/coding_sequences/ENST00000382203_REJ.N.fasta,data/coding_sequences/ENST00000382203_REJ.C.fasta
16989,SMARCA2,"SWI/SNF related, matrix associated, actin dependent regulator of chromatin, subfamily a, member 2",ENSG00000080503,ENST00000349721,9,4773,3.678791434366244,True,True,SMARCA2 [ENST00000349721],Human,data/coding_sequences/ENST00000349721_CDS.fasta,data/coding_sequences/ENST00000349721_REJ.N.fasta,data/coding_sequences/ENST00000349721_REJ.C.fasta
14615,SMARCA2,"SWI/SNF related, matrix associated, actin dependent regulator of chromatin, subfamily a, member 2",ENSG00000080503,ENST00000357248,9,4719,3.6738499773429494,True,True,SMARCA2 [ENST00000357248],Human,data/coding_sequences/ENST00000357248_CDS.fasta,data/coding_sequences/ENST00000357248_REJ.N.fasta,data/coding_sequences/ENST00000357248_REJ.C.fasta
98973,SMARCA4,"SWI/SNF related, matrix associated, actin dependent regulator of chromatin, subfamily a, member 4",ENSG00000127616,ENST00000642726,19,4941,3.6938148538894167,True,True,SMARCA4 [ENST00000642726],Human,data/coding_sequences/ENST00000642726_CDS.fasta,data/coding_sequences/ENST00000642726_REJ.N.fasta,data/coding_sequences/ENST00000642726_REJ.C.fasta
103295,SMARCA4,"SWI/SNF related, matrix associated, actin dependent regulator of chromatin, subfamily a, member 4",ENSG00000127616,ENST00000643549,19,4950,3.694605198933569,True,True,SMARCA4 [ENST00000643549],Human,data/coding_sequences/ENST00000643549_CDS.fasta,data/coding_sequences/ENST00000643549_REJ.N.fasta,data/coding_sequences/ENST00000643549_REJ.C.fasta
13479,SMARCA4,"SWI/SNF related, matrix associated, actin dependent regulator of chromatin, subfamily a, member 4",ENSG00000127616,ENST00000344626,19,4944,3.6940784620807596,True,True,SMARCA4 [ENST00000344626],Human,data/coding_sequences/ENST00000344626_CDS.fasta,data/coding_sequences/ENST00000344626_REJ.N.fasta,data/coding_sequences/ENST00000344626_REJ.C.fasta
38257,SMARCA4,"SWI/SNF related, matrix associated, actin dependent regulator of chromatin, subfamily a, member 4",ENSG00000127616,ENST00000429416,19,4944,3.6940784620807596,True,True,SMARCA4 [ENST00000429416],Human,data/coding_sequences/ENST00000429416_CDS.fasta,data/coding_sequences/ENST00000429416_REJ.N.fasta,data/coding_sequences/ENST00000429416_REJ.C.fasta
100100,SMARCA4,"SWI/SNF related, matrix associated, actin dependent regulator of chromatin, subfamily a, member 4",ENSG00000127616,ENST00000642628,19,4941,3.6938148538894167,True,True,SMARCA4 [ENST00000642628],Human,data/coding_sequences/ENST00000642628_CDS.fasta,data/coding_sequences/ENST00000642628_REJ.N.fasta,data/coding_sequences/ENST00000642628_REJ.C.fasta
120729,SMARCA4,"SWI/SNF related, matrix associated, actin dependent regulator of chromatin, subfamily a, member 4",ENSG00000127616,ENST00000704344,19,4605,3.663229634532868,True,True,SMARCA4 [ENST00000704344],Human,data/coding_sequences/ENST00000704344_CDS.fasta,data/coding_sequences/ENST00000704344_REJ.N.fasta,data/coding_sequences/ENST00000704344_REJ.C.fasta
102532,SMARCA4,"SWI/SNF related, matrix associated, actin dependent regulator of chromatin, subfamily a, member 4",ENSG00000127616,ENST00000646510,19,4845,3.6852937813867843,True,True,SMARCA4 [ENST00000646510],Human,data/coding_sequences/ENST00000646510_CDS.fasta,data/coding_sequences/ENST00000646510_REJ.N.fasta,data/coding_sequences/ENST00000646510_REJ.C.fasta
101976,SMARCA4,"SWI/SNF related, matrix associated, actin dependent regulator of chromatin, subfamily a, member 4",ENSG00000127616,ENST00000645460,19,4842,3.685024785105714,True,True,SMARCA4 [ENST00000645460],Human,data/coding_sequences/ENST00000645460_CDS.fasta,data/coding_sequences/ENST00000645460_REJ.N.fasta,data/coding_sequences/ENST00000645460_REJ.C.fasta
83185,SMARCA4,"SWI/SNF related, matrix associated, actin dependent regulator of chromatin, subfamily a, member 4",ENSG00000127616,ENST00000590574,19,4845,3.6852937813867843,True,True,SMARCA4 [ENST00000590574],Human,data/coding_sequences/ENST00000590574_CDS.fasta,data/coding_sequences/ENST00000590574_REJ.N.fasta,data/coding_sequences/ENST00000590574_REJ.C.fasta
102792,SMARCA4,"SWI/SNF related, matrix associated, actin dependent regulator of chromatin, subfamily a, member 4",ENSG00000127616,ENST00000647230,19,4845,3.6852937813867843,True,True,SMARCA4 [ENST00000647230],Human,data/coding_sequences/ENST00000647230_CDS.fasta,data/coding_sequences/ENST00000647230_REJ.N.fasta,data/coding_sequences/ENST00000647230_REJ.C.fasta
102970,SMARCA4,"SWI/SNF related, matrix associated, actin dependent regulator of chromatin, subfamily a, member 4",ENSG00000127616,ENST00000646484,19,4845,3.6852937813867843,True,True,SMARCA4 [ENST00000646484],Human,data/coding_sequences/ENST00000646484_CDS.fasta,data/coding_sequences/ENST00000646484_REJ.N.fasta,data/coding_sequences/ENST00000646484_REJ.C.fasta
85825,SMARCA4,"SWI/SNF related, matrix associated, actin dependent regulator of chromatin, subfamily a, member 4",ENSG00000127616,ENST00000589677,19,4851,3.6858312746260635,True,True,SMARCA4 [ENST00000589677],Human,data/coding_sequences/ENST00000589677_CDS.fasta,data/coding_sequences/ENST00000589677_REJ.N.fasta,data/coding_sequences/ENST00000589677_REJ.C.fasta
103936,SMARCA4,"SWI/SNF related, matrix associated, actin dependent regulator of chromatin, subfamily a, member 4",ENSG00000127616,ENST00000643296,19,4854,3.686099771995916,True,True,SMARCA4 [ENST00000643296],Human,data/coding_sequences/ENST00000643296_CDS.fasta,data/coding_sequences/ENST00000643296_REJ.N.fasta,data/coding_sequences/ENST00000643296_REJ.C.fasta
40369,SMARCA4,"SWI/SNF related, matrix associated, actin dependent regulator of chromatin, subfamily a, member 4",ENSG00000127616,ENST00000444061,19,4842,3.685024785105714,True,True,SMARCA4 [ENST00000444061],Human,data/coding_sequences/ENST00000444061_CDS.fasta,data/coding_sequences/ENST00000444061_REJ.N.fasta,data/coding_sequences/ENST00000444061_REJ.C.fasta
103362,SMARCA4,"SWI/SNF related, matrix associated, actin dependent regulator of chromatin, subfamily a, member 4",ENSG00000127616,ENST00000644737,19,4854,3.686099771995916,True,True,SMARCA4 [ENST00000644737],Human,data/coding_sequences/ENST00000644737_CDS.fasta,data/coding_sequences/ENST00000644737_REJ.N.fasta,data/coding_sequences/ENST00000644737_REJ.C.fasta
102910,SMARCA4,"SWI/SNF related, matrix associated, actin dependent regulator of chromatin, subfamily a, member 4",ENSG00000127616,ENST00000646693,19,5040,3.7024305364455254,True,True,SMARCA4 [ENST00000646693],Human,data/coding_sequences/ENST00000646693_CDS.fasta,data/coding_sequences/ENST00000646693_REJ.N.fasta,data/coding_sequences/ENST00000646693_REJ.C.fasta
67757,SMARCA4,"SWI/SNF related, matrix associated, actin dependent regulator of chromatin, subfamily a, member 4",ENSG00000127616,ENST00000541122,19,4854,3.686099771995916,True,True,SMARCA4 [ENST00000541122],Human,data/coding_sequences/ENST00000541122_CDS.fasta,data/coding_sequences/ENST00000541122_REJ.N.fasta,data/coding_sequences/ENST00000541122_REJ.C.fasta
115171,SMCHD1,structural maintenance of chromosomes flexible hinge domain containing 1,ENSG00000101596,ENST00000688342,18,5886,3.769820257763592,True,True,SMCHD1 [ENST00000688342],Human,data/coding_sequences/ENST00000688342_CDS.fasta,data/coding_sequences/ENST00000688342_REJ.N.fasta,data/coding_sequences/ENST00000688342_REJ.C.fasta
9997,SMCHD1,structural maintenance of chromosomes flexible hinge domain containing 1,ENSG00000101596,ENST00000320876,18,6018,3.7794521834040617,True,True,SMCHD1 [ENST00000320876],Human,data/coding_sequences/ENST00000320876_CDS.fasta,data/coding_sequences/ENST00000320876_REJ.N.fasta,data/coding_sequences/ENST00000320876_REJ.C.fasta
10690,SNRNP200,small nuclear ribonucleoprotein U5 subunit 200,ENSG00000144028,ENST00000323853,2,6411,3.8069257768837317,True,True,SNRNP200 [ENST00000323853],Human,data/coding_sequences/ENST00000323853_CDS.fasta,data/coding_sequences/ENST00000323853_REJ.N.fasta,data/coding_sequences/ENST00000323853_REJ.C.fasta
2057,SOGA1,"suppressor of glucose, autophagy associated 1",ENSG00000149639,ENST00000237536,20,4986,3.6977522741677546,False,True,SOGA1 [ENST00000237536],Human,data/coding_sequences/ENST00000237536_CDS.fasta,data/coding_sequences/ENST00000237536_REJ.N.fasta,data/coding_sequences/ENST00000237536_REJ.C.fasta
45344,SON,SON DNA and RNA binding protein,ENSG00000159140,ENST00000455528,21,6978,3.843730965112092,True,True,SON [ENST00000455528],Human,data/coding_sequences/ENST00000455528_CDS.fasta,data/coding_sequences/ENST00000455528_REJ.N.fasta,data/coding_sequences/ENST00000455528_REJ.C.fasta
4545,SON,SON DNA and RNA binding protein,ENSG00000159140,ENST00000300278,21,6912,3.839603729470837,True,True,SON [ENST00000300278],Human,data/coding_sequences/ENST00000300278_CDS.fasta,data/coding_sequences/ENST00000300278_REJ.N.fasta,data/coding_sequences/ENST00000300278_REJ.C.fasta
22829,SON,SON DNA and RNA binding protein,ENSG00000159140,ENST00000381679,21,6327,3.801197834459149,True,True,SON [ENST00000381679],Human,data/coding_sequences/ENST00000381679_CDS.fasta,data/coding_sequences/ENST00000381679_REJ.N.fasta,data/coding_sequences/ENST00000381679_REJ.C.fasta
15346,SON,SON DNA and RNA binding protein,ENSG00000159140,ENST00000356577,21,7281,3.862191031051597,True,True,SON [ENST00000356577],Human,data/coding_sequences/ENST00000356577_CDS.fasta,data/coding_sequences/ENST00000356577_REJ.N.fasta,data/coding_sequences/ENST00000356577_REJ.C.fasta
33957,SORBS2,sorbin and SH3 domain containing 2,ENSG00000154556,ENST00000421420,4,4719,3.6738499773429494,False,True,SORBS2 [ENST00000421420],Human,data/coding_sequences/ENST00000421420_CDS.fasta,data/coding_sequences/ENST00000421420_REJ.N.fasta,data/coding_sequences/ENST00000421420_REJ.C.fasta
3059,SORL1,sortilin related receptor 1,ENSG00000137642,ENST00000260197,11,6645,3.822494985278751,False,True,SORL1 [ENST00000260197],Human,data/coding_sequences/ENST00000260197_CDS.fasta,data/coding_sequences/ENST00000260197_REJ.N.fasta,data/coding_sequences/ENST00000260197_REJ.C.fasta
11547,SPAG17,sperm associated antigen 17,ENSG00000155761,ENST00000336338,1,6672,3.824256037629682,False,True,SPAG17 [ENST00000336338],Human,data/coding_sequences/ENST00000336338_CDS.fasta,data/coding_sequences/ENST00000336338_REJ.N.fasta,data/coding_sequences/ENST00000336338_REJ.C.fasta
13290,SPATA31D1,SPATA31 subfamily D member 1,ENSG00000214929,ENST00000344803,9,4731,3.674952948048565,False,True,SPATA31D1 [ENST00000344803],Human,data/coding_sequences/ENST00000344803_CDS.fasta,data/coding_sequences/ENST00000344803_REJ.N.fasta,data/coding_sequences/ENST00000344803_REJ.C.fasta
17391,SPEF2,sperm flagellar 2,ENSG00000152582,ENST00000356031,5,5469,3.737907923374639,True,True,SPEF2 [ENST00000356031],Human,data/coding_sequences/ENST00000356031_CDS.fasta,data/coding_sequences/ENST00000356031_REJ.N.fasta,data/coding_sequences/ENST00000356031_REJ.C.fasta
99549,SPEF2,sperm flagellar 2,ENSG00000152582,ENST00000637569,5,6510,3.813580988568192,True,True,SPEF2 [ENST00000637569],Human,data/coding_sequences/ENST00000637569_CDS.fasta,data/coding_sequences/ENST00000637569_REJ.N.fasta,data/coding_sequences/ENST00000637569_REJ.C.fasta
43110,SPEF2,sperm flagellar 2,ENSG00000152582,ENST00000440995,5,5457,3.736953953783146,True,True,SPEF2 [ENST00000440995],Human,data/coding_sequences/ENST00000440995_CDS.fasta,data/coding_sequences/ENST00000440995_REJ.N.fasta,data/coding_sequences/ENST00000440995_REJ.C.fasta
120852,SPEN,spen family transcriptional repressor,ENSG00000065526,ENST00000704274,1,6513,3.8137810781740824,True,True,SPEN [ENST00000704274],Human,data/coding_sequences/ENST00000704274_CDS.fasta,data/coding_sequences/ENST00000704274_REJ.N.fasta,data/coding_sequences/ENST00000704274_REJ.C.fasta
75948,SPG11,"SPG11 vesicle trafficking associated, spatacsin",ENSG00000104133,ENST00000559511,15,6855,3.8360074591255313,True,True,SPG11 [ENST00000559511],Human,data/coding_sequences/ENST00000559511_CDS.fasta,data/coding_sequences/ENST00000559511_REJ.N.fasta,data/coding_sequences/ENST00000559511_REJ.C.fasta
37242,SPG11,"SPG11 vesicle trafficking associated, spatacsin",ENSG00000104133,ENST00000427534,15,6798,3.832381160247041,True,True,SPG11 [ENST00000427534],Human,data/coding_sequences/ENST00000427534_CDS.fasta,data/coding_sequences/ENST00000427534_REJ.N.fasta,data/coding_sequences/ENST00000427534_REJ.C.fasta
112862,SPG11,"SPG11 vesicle trafficking associated, spatacsin",ENSG00000104133,ENST00000682669,15,7131,3.8531504364478426,True,True,SPG11 [ENST00000682669],Human,data/coding_sequences/ENST00000682669_CDS.fasta,data/coding_sequences/ENST00000682669_REJ.N.fasta,data/coding_sequences/ENST00000682669_REJ.C.fasta
116107,SPG11,"SPG11 vesicle trafficking associated, spatacsin",ENSG00000104133,ENST00000684235,15,7179,3.8560639533331,True,True,SPG11 [ENST00000684235],Human,data/coding_sequences/ENST00000684235_CDS.fasta,data/coding_sequences/ENST00000684235_REJ.N.fasta,data/coding_sequences/ENST00000684235_REJ.C.fasta
115482,SPG11,"SPG11 vesicle trafficking associated, spatacsin",ENSG00000104133,ENST00000683734,15,5910,3.7715874808812555,True,True,SPG11 [ENST00000683734],Human,data/coding_sequences/ENST00000683734_CDS.fasta,data/coding_sequences/ENST00000683734_REJ.N.fasta,data/coding_sequences/ENST00000683734_REJ.C.fasta
113631,SPG11,"SPG11 vesicle trafficking associated, spatacsin",ENSG00000104133,ENST00000682065,15,7188,3.856608068436936,True,True,SPG11 [ENST00000682065],Human,data/coding_sequences/ENST00000682065_CDS.fasta,data/coding_sequences/ENST00000682065_REJ.N.fasta,data/coding_sequences/ENST00000682065_REJ.C.fasta
4194,SPG11,"SPG11 vesicle trafficking associated, spatacsin",ENSG00000104133,ENST00000261866,15,7332,3.865222456290179,True,True,SPG11 [ENST00000261866],Human,data/coding_sequences/ENST00000261866_CDS.fasta,data/coding_sequences/ENST00000261866_REJ.N.fasta,data/coding_sequences/ENST00000261866_REJ.C.fasta
66923,SPG11,"SPG11 vesicle trafficking associated, spatacsin",ENSG00000104133,ENST00000535302,15,6993,3.8446635282402393,True,True,SPG11 [ENST00000535302],Human,data/coding_sequences/ENST00000535302_CDS.fasta,data/coding_sequences/ENST00000535302_REJ.N.fasta,data/coding_sequences/ENST00000535302_REJ.C.fasta
113453,SPG11,"SPG11 vesicle trafficking associated, spatacsin",ENSG00000104133,ENST00000683496,15,6015,3.7792356316758635,True,True,SPG11 [ENST00000683496],Human,data/coding_sequences/ENST00000683496_CDS.fasta,data/coding_sequences/ENST00000683496_REJ.N.fasta,data/coding_sequences/ENST00000683496_REJ.C.fasta
75055,SPG11,"SPG11 vesicle trafficking associated, spatacsin",ENSG00000104133,ENST00000558319,15,6240,3.795184589682424,True,True,SPG11 [ENST00000558319],Human,data/coding_sequences/ENST00000558319_CDS.fasta,data/coding_sequences/ENST00000558319_REJ.N.fasta,data/coding_sequences/ENST00000558319_REJ.C.fasta
114190,SPG11,"SPG11 vesicle trafficking associated, spatacsin",ENSG00000104133,ENST00000682788,15,4920,3.69196510276736,True,True,SPG11 [ENST00000682788],Human,data/coding_sequences/ENST00000682788_CDS.fasta,data/coding_sequences/ENST00000682788_REJ.N.fasta,data/coding_sequences/ENST00000682788_REJ.C.fasta
115193,SPG11,"SPG11 vesicle trafficking associated, spatacsin",ENSG00000104133,ENST00000684676,15,5622,3.749890841271422,True,True,SPG11 [ENST00000684676],Human,data/coding_sequences/ENST00000684676_CDS.fasta,data/coding_sequences/ENST00000684676_REJ.N.fasta,data/coding_sequences/ENST00000684676_REJ.C.fasta
22438,SPHKAP,"SPHK1 interactor, AKAP domain containing",ENSG00000153820,ENST00000392056,2,5103,3.7078255683322316,False,True,SPHKAP [ENST00000392056],Human,data/coding_sequences/ENST00000392056_CDS.fasta,data/coding_sequences/ENST00000392056_REJ.N.fasta,data/coding_sequences/ENST00000392056_REJ.C.fasta
11460,SPHKAP,"SPHK1 interactor, AKAP domain containing",ENSG00000153820,ENST00000344657,2,5016,3.70035752782266,False,True,SPHKAP [ENST00000344657],Human,data/coding_sequences/ENST00000344657_CDS.fasta,data/coding_sequences/ENST00000344657_REJ.N.fasta,data/coding_sequences/ENST00000344657_REJ.C.fasta
102513,SPTA1,"spectrin alpha, erythrocytic 1",ENSG00000163554,ENST00000643759,1,7260,3.8609366207000937,True,True,SPTA1 [ENST00000643759],Human,data/coding_sequences/ENST00000643759_CDS.fasta,data/coding_sequences/ENST00000643759_REJ.N.fasta,data/coding_sequences/ENST00000643759_REJ.C.fasta
120707,SPTAN1,"spectrin alpha, non-erythrocytic 1",ENSG00000197694,ENST00000704203,9,7470,3.873320601815399,True,True,SPTAN1 [ENST00000704203],Human,data/coding_sequences/ENST00000704203_CDS.fasta,data/coding_sequences/ENST00000704203_REJ.N.fasta,data/coding_sequences/ENST00000704203_REJ.C.fasta
14586,SPTAN1,"spectrin alpha, non-erythrocytic 1",ENSG00000197694,ENST00000358161,9,7359,3.866818802926048,True,True,SPTAN1 [ENST00000358161],Human,data/coding_sequences/ENST00000358161_CDS.fasta,data/coding_sequences/ENST00000358161_REJ.N.fasta,data/coding_sequences/ENST00000358161_REJ.C.fasta
121482,SPTAN1,"spectrin alpha, non-erythrocytic 1",ENSG00000197694,ENST00000704206,9,5040,3.7024305364455254,True,True,SPTAN1 [ENST00000704206],Human,data/coding_sequences/ENST00000704206_CDS.fasta,data/coding_sequences/ENST00000704206_REJ.N.fasta,data/coding_sequences/ENST00000704206_REJ.C.fasta
96508,SPTAN1,"spectrin alpha, non-erythrocytic 1",ENSG00000197694,ENST00000630866,9,7497,3.8748875108461123,True,True,SPTAN1 [ENST00000630866],Human,data/coding_sequences/ENST00000630866_CDS.fasta,data/coding_sequences/ENST00000630866_REJ.N.fasta,data/coding_sequences/ENST00000630866_REJ.C.fasta
121402,SPTAN1,"spectrin alpha, non-erythrocytic 1",ENSG00000197694,ENST00000704202,9,7521,3.876275588677879,True,True,SPTAN1 [ENST00000704202],Human,data/coding_sequences/ENST00000704202_CDS.fasta,data/coding_sequences/ENST00000704202_REJ.N.fasta,data/coding_sequences/ENST00000704202_REJ.C.fasta
98149,SPTAN1,"spectrin alpha, non-erythrocytic 1",ENSG00000197694,ENST00000630804,9,7374,3.8677031332700977,True,True,SPTAN1 [ENST00000630804],Human,data/coding_sequences/ENST00000630804_CDS.fasta,data/coding_sequences/ENST00000630804_REJ.N.fasta,data/coding_sequences/ENST00000630804_REJ.C.fasta
19498,SPTAN1,"spectrin alpha, non-erythrocytic 1",ENSG00000197694,ENST00000372731,9,7419,3.8703453710809597,True,True,SPTAN1 [ENST00000372731],Human,data/coding_sequences/ENST00000372731_CDS.fasta,data/coding_sequences/ENST00000372731_REJ.N.fasta,data/coding_sequences/ENST00000372731_REJ.C.fasta
121118,SPTAN1,"spectrin alpha, non-erythrocytic 1",ENSG00000197694,ENST00000706487,9,7434,3.871222556759707,True,True,SPTAN1 [ENST00000706487],Human,data/coding_sequences/ENST00000706487_CDS.fasta,data/coding_sequences/ENST00000706487_REJ.N.fasta,data/coding_sequences/ENST00000706487_REJ.C.fasta
96782,SPTAN1,"spectrin alpha, non-erythrocytic 1",ENSG00000197694,ENST00000627441,9,7470,3.873320601815399,True,True,SPTAN1 [ENST00000627441],Human,data/coding_sequences/ENST00000627441_CDS.fasta,data/coding_sequences/ENST00000627441_REJ.N.fasta,data/coding_sequences/ENST00000627441_REJ.C.fasta
19670,SPTAN1,"spectrin alpha, non-erythrocytic 1",ENSG00000197694,ENST00000372739,9,7434,3.871222556759707,True,True,SPTAN1 [ENST00000372739],Human,data/coding_sequences/ENST00000372739_CDS.fasta,data/coding_sequences/ENST00000372739_REJ.N.fasta,data/coding_sequences/ENST00000372739_REJ.C.fasta
121112,SPTAN1,"spectrin alpha, non-erythrocytic 1",ENSG00000197694,ENST00000704204,9,6960,3.842609239610562,True,True,SPTAN1 [ENST00000704204],Human,data/coding_sequences/ENST00000704204_CDS.fasta,data/coding_sequences/ENST00000704204_REJ.N.fasta,data/coding_sequences/ENST00000704204_REJ.C.fasta
23467,SPTB,"spectrin beta, erythrocytic",ENSG00000070182,ENST00000389722,14,6987,3.844290743254343,True,True,SPTB [ENST00000389722],Human,data/coding_sequences/ENST00000389722_CDS.fasta,data/coding_sequences/ENST00000389722_REJ.N.fasta,data/coding_sequences/ENST00000389722_REJ.C.fasta
25663,SPTB,"spectrin beta, erythrocytic",ENSG00000070182,ENST00000389720,14,6414,3.8071289555924217,True,True,SPTB [ENST00000389720],Human,data/coding_sequences/ENST00000389720_CDS.fasta,data/coding_sequences/ENST00000389720_REJ.N.fasta,data/coding_sequences/ENST00000389720_REJ.C.fasta
102703,SPTB,"spectrin beta, erythrocytic",ENSG00000070182,ENST00000644917,14,6987,3.844290743254343,True,True,SPTB [ENST00000644917],Human,data/coding_sequences/ENST00000644917_CDS.fasta,data/coding_sequences/ENST00000644917_REJ.N.fasta,data/coding_sequences/ENST00000644917_REJ.C.fasta
16836,SPTBN1,"spectrin beta, non-erythrocytic 1",ENSG00000115306,ENST00000356805,2,7095,3.850952399793493,True,True,SPTBN1 [ENST00000356805],Human,data/coding_sequences/ENST00000356805_CDS.fasta,data/coding_sequences/ENST00000356805_REJ.N.fasta,data/coding_sequences/ENST00000356805_REJ.C.fasta
13778,SPTBN1,"spectrin beta, non-erythrocytic 1",ENSG00000115306,ENST00000333896,2,6468,3.8107700112343634,True,True,SPTBN1 [ENST00000333896],Human,data/coding_sequences/ENST00000333896_CDS.fasta,data/coding_sequences/ENST00000333896_REJ.N.fasta,data/coding_sequences/ENST00000333896_REJ.C.fasta
93492,SPTBN1,"spectrin beta, non-erythrocytic 1",ENSG00000115306,ENST00000615901,2,7101,3.8513195126487454,True,True,SPTBN1 [ENST00000615901],Human,data/coding_sequences/ENST00000615901_CDS.fasta,data/coding_sequences/ENST00000615901_REJ.N.fasta,data/coding_sequences/ENST00000615901_REJ.C.fasta
91852,SPTBN2,"spectrin beta, non-erythrocytic 2",ENSG00000173898,ENST00000617502,11,7194,3.856970433482492,True,True,SPTBN2 [ENST00000617502],Human,data/coding_sequences/ENST00000617502_CDS.fasta,data/coding_sequences/ENST00000617502_REJ.N.fasta,data/coding_sequences/ENST00000617502_REJ.C.fasta
66358,SPTBN2,"spectrin beta, non-erythrocytic 2",ENSG00000173898,ENST00000533211,11,7173,3.855700830835437,True,True,SPTBN2 [ENST00000533211],Human,data/coding_sequences/ENST00000533211_CDS.fasta,data/coding_sequences/ENST00000533211_REJ.N.fasta,data/coding_sequences/ENST00000533211_REJ.C.fasta
101902,SPTBN2,"spectrin beta, non-erythrocytic 2",ENSG00000173898,ENST00000647510,11,7173,3.855700830835437,True,True,SPTBN2 [ENST00000647510],Human,data/coding_sequences/ENST00000647510_CDS.fasta,data/coding_sequences/ENST00000647510_REJ.N.fasta,data/coding_sequences/ENST00000647510_REJ.C.fasta
90231,SPTBN2,"spectrin beta, non-erythrocytic 2",ENSG00000173898,ENST00000611817,11,7173,3.855700830835437,True,True,SPTBN2 [ENST00000611817],Human,data/coding_sequences/ENST00000611817_CDS.fasta,data/coding_sequences/ENST00000611817_REJ.N.fasta,data/coding_sequences/ENST00000611817_REJ.C.fasta
5300,SPTBN2,"spectrin beta, non-erythrocytic 2",ENSG00000173898,ENST00000309996,11,7173,3.855700830835437,True,True,SPTBN2 [ENST00000309996],Human,data/coding_sequences/ENST00000309996_CDS.fasta,data/coding_sequences/ENST00000309996_REJ.N.fasta,data/coding_sequences/ENST00000309996_REJ.C.fasta
63977,SPTBN2,"spectrin beta, non-erythrocytic 2",ENSG00000173898,ENST00000529997,11,7098,3.851135995011574,True,True,SPTBN2 [ENST00000529997],Human,data/coding_sequences/ENST00000529997_CDS.fasta,data/coding_sequences/ENST00000529997_REJ.N.fasta,data/coding_sequences/ENST00000529997_REJ.C.fasta
87363,SPTBN4,"spectrin beta, non-erythrocytic 4",ENSG00000160460,ENST00000595535,19,6009,3.7788022040132385,True,True,SPTBN4 [ENST00000595535],Human,data/coding_sequences/ENST00000595535_CDS.fasta,data/coding_sequences/ENST00000595535_REJ.N.fasta,data/coding_sequences/ENST00000595535_REJ.C.fasta
88514,SPTBN4,"spectrin beta, non-erythrocytic 4",ENSG00000160460,ENST00000598249,19,7695,3.8862086241674976,True,True,SPTBN4 [ENST00000598249],Human,data/coding_sequences/ENST00000598249_CDS.fasta,data/coding_sequences/ENST00000598249_REJ.N.fasta,data/coding_sequences/ENST00000598249_REJ.C.fasta
17247,SPTBN4,"spectrin beta, non-erythrocytic 4",ENSG00000160460,ENST00000352632,19,7695,3.8862086241674976,True,True,SPTBN4 [ENST00000352632],Human,data/coding_sequences/ENST00000352632_CDS.fasta,data/coding_sequences/ENST00000352632_REJ.N.fasta,data/coding_sequences/ENST00000352632_REJ.C.fasta
52280,SRCAP,Snf2 related CREBBP activator protein,ENSG00000080603,ENST00000483083,16,4833,3.6842167951388807,True,True,SRCAP [ENST00000483083],Human,data/coding_sequences/ENST00000483083_CDS.fasta,data/coding_sequences/ENST00000483083_REJ.N.fasta,data/coding_sequences/ENST00000483083_REJ.C.fasta
24428,SSC5D,scavenger receptor cysteine rich family member with 5 domains,ENSG00000179954,ENST00000389623,19,4722,3.674125982742708,False,True,SSC5D [ENST00000389623],Human,data/coding_sequences/ENST00000389623_CDS.fasta,data/coding_sequences/ENST00000389623_REJ.N.fasta,data/coding_sequences/ENST00000389623_REJ.C.fasta
9558,STAB1,stabilin 1,ENSG00000010327,ENST00000321725,3,7713,3.887223331362523,False,True,STAB1 [ENST00000321725],Human,data/coding_sequences/ENST00000321725_CDS.fasta,data/coding_sequences/ENST00000321725_REJ.N.fasta,data/coding_sequences/ENST00000321725_REJ.C.fasta
24222,STAB2,stabilin 2,ENSG00000136011,ENST00000388887,12,7656,3.8840019247687874,False,True,STAB2 [ENST00000388887],Human,data/coding_sequences/ENST00000388887_CDS.fasta,data/coding_sequences/ENST00000388887_REJ.N.fasta,data/coding_sequences/ENST00000388887_REJ.C.fasta
77806,STARD9,StAR related lipid transfer domain containing 9,ENSG00000159433,ENST00000562619,15,4761,3.6776981814745104,False,True,STARD9 [ENST00000562619],Human,data/coding_sequences/ENST00000562619_CDS.fasta,data/coding_sequences/ENST00000562619_REJ.N.fasta,data/coding_sequences/ENST00000562619_REJ.C.fasta
47576,STRC,stereocilin,ENSG00000242866,ENST00000450892,15,5328,3.7265642161622448,True,True,STRC [ENST00000450892],Human,data/coding_sequences/ENST00000450892_CDS.fasta,data/coding_sequences/ENST00000450892_REJ.N.fasta,data/coding_sequences/ENST00000450892_REJ.C.fasta
6423,SUPT6H,"SPT6 homolog, histone chaperone and transcription elongation factor",ENSG00000109111,ENST00000314616,17,5181,3.714413592287121,False,True,SUPT6H [ENST00000314616],Human,data/coding_sequences/ENST00000314616_CDS.fasta,data/coding_sequences/ENST00000314616_REJ.N.fasta,data/coding_sequences/ENST00000314616_REJ.C.fasta
10309,SUPT6H,"SPT6 homolog, histone chaperone and transcription elongation factor",ENSG00000109111,ENST00000347486,17,5181,3.714413592287121,False,True,SUPT6H [ENST00000347486],Human,data/coding_sequences/ENST00000347486_CDS.fasta,data/coding_sequences/ENST00000347486_REJ.N.fasta,data/coding_sequences/ENST00000347486_REJ.C.fasta
108888,SVIL,supervillin,ENSG00000197321,ENST00000674475,10,5715,3.7570162347313008,True,True,SVIL [ENST00000674475],Human,data/coding_sequences/ENST00000674475_CDS.fasta,data/coding_sequences/ENST00000674475_REJ.N.fasta,data/coding_sequences/ENST00000674475_REJ.C.fasta
15318,SVIL,supervillin,ENSG00000197321,ENST00000355867,10,6645,3.822494985278751,True,True,SVIL [ENST00000355867],Human,data/coding_sequences/ENST00000355867_CDS.fasta,data/coding_sequences/ENST00000355867_REJ.N.fasta,data/coding_sequences/ENST00000355867_REJ.C.fasta
21164,SVIL,supervillin,ENSG00000197321,ENST00000375400,10,5367,3.7297315952870354,True,True,SVIL [ENST00000375400],Human,data/coding_sequences/ENST00000375400_CDS.fasta,data/coding_sequences/ENST00000375400_REJ.N.fasta,data/coding_sequences/ENST00000375400_REJ.C.fasta
22195,SVIL,supervillin,ENSG00000197321,ENST00000375398,10,6549,3.816174990428802,True,True,SVIL [ENST00000375398],Human,data/coding_sequences/ENST00000375398_CDS.fasta,data/coding_sequences/ENST00000375398_REJ.N.fasta,data/coding_sequences/ENST00000375398_REJ.C.fasta
19516,SYCP2,synaptonemal complex protein 2,ENSG00000196074,ENST00000371001,20,4593,3.6620964454179235,True,True,SYCP2 [ENST00000371001],Human,data/coding_sequences/ENST00000371001_CDS.fasta,data/coding_sequences/ENST00000371001_REJ.N.fasta,data/coding_sequences/ENST00000371001_REJ.C.fasta
16136,SYCP2,synaptonemal complex protein 2,ENSG00000196074,ENST00000357552,20,4593,3.6620964454179235,True,True,SYCP2 [ENST00000357552],Human,data/coding_sequences/ENST00000357552_CDS.fasta,data/coding_sequences/ENST00000357552_REJ.N.fasta,data/coding_sequences/ENST00000357552_REJ.C.fasta
108614,SYNE1,spectrin repeat containing nuclear envelope protein 1,ENSG00000131018,ENST00000673281,6,4585,3.66133934000604,True,True,SYNE1 [ENST00000673281],Human,data/coding_sequences/ENST00000673281_CDS.fasta,data/coding_sequences/ENST00000673281_REJ.N.fasta,data/coding_sequences/ENST00000673281_REJ.C.fasta
17070,SYNE1,spectrin repeat containing nuclear envelope protein 1,ENSG00000131018,ENST00000367253,6,5178,3.714162046098853,True,True,SYNE1 [ENST00000367253],Human,data/coding_sequences/ENST00000367253_CDS.fasta,data/coding_sequences/ENST00000367253_REJ.N.fasta,data/coding_sequences/ENST00000367253_REJ.C.fasta
15422,SYNE1,spectrin repeat containing nuclear envelope protein 1,ENSG00000131018,ENST00000367251,6,4965,3.6959192528313998,True,True,SYNE1 [ENST00000367251],Human,data/coding_sequences/ENST00000367251_CDS.fasta,data/coding_sequences/ENST00000367251_REJ.N.fasta,data/coding_sequences/ENST00000367251_REJ.C.fasta
107101,SYNJ1,synaptojanin 1,ENSG00000159082,ENST00000674308,21,4722,3.674125982742708,True,True,SYNJ1 [ENST00000674308],Human,data/coding_sequences/ENST00000674308_CDS.fasta,data/coding_sequences/ENST00000674308_REJ.N.fasta,data/coding_sequences/ENST00000674308_REJ.C.fasta
35987,SYNJ1,synaptojanin 1,ENSG00000159082,ENST00000433931,21,4839,3.684755622108624,True,True,SYNJ1 [ENST00000433931],Human,data/coding_sequences/ENST00000433931_CDS.fasta,data/coding_sequences/ENST00000433931_REJ.N.fasta,data/coding_sequences/ENST00000433931_REJ.C.fasta
96482,SYNJ1,synaptojanin 1,ENSG00000159082,ENST00000630077,21,4581,3.6609602917760835,True,True,SYNJ1 [ENST00000630077],Human,data/coding_sequences/ENST00000630077_CDS.fasta,data/coding_sequences/ENST00000630077_REJ.N.fasta,data/coding_sequences/ENST00000630077_REJ.C.fasta
13414,SYNM,synemin,ENSG00000182253,ENST00000336292,15,4698,3.671913012441587,False,True,SYNM [ENST00000336292],Human,data/coding_sequences/ENST00000336292_CDS.fasta,data/coding_sequences/ENST00000336292_REJ.N.fasta,data/coding_sequences/ENST00000336292_REJ.C.fasta
15188,SYTL2,synaptotagmin like 2,ENSG00000137501,ENST00000359152,11,6720,3.8273692730538253,False,True,SYTL2 [ENST00000359152],Human,data/coding_sequences/ENST00000359152_CDS.fasta,data/coding_sequences/ENST00000359152_REJ.N.fasta,data/coding_sequences/ENST00000359152_REJ.C.fasta
96999,SYTL2,synaptotagmin like 2,ENSG00000137501,ENST00000634661,11,6672,3.824256037629682,False,True,SYTL2 [ENST00000634661],Human,data/coding_sequences/ENST00000634661_CDS.fasta,data/coding_sequences/ENST00000634661_REJ.N.fasta,data/coding_sequences/ENST00000634661_REJ.C.fasta
114586,TAF1,TATA-box binding protein associated factor 1,ENSG00000147133,ENST00000683782,X,5724,3.7576996250877386,True,True,TAF1 [ENST00000683782],Human,data/coding_sequences/ENST00000683782_CDS.fasta,data/coding_sequences/ENST00000683782_REJ.N.fasta,data/coding_sequences/ENST00000683782_REJ.C.fasta
115307,TAF1,TATA-box binding protein associated factor 1,ENSG00000147133,ENST00000683668,X,4797,3.680969718465897,True,True,TAF1 [ENST00000683668],Human,data/coding_sequences/ENST00000683668_CDS.fasta,data/coding_sequences/ENST00000683668_REJ.N.fasta,data/coding_sequences/ENST00000683668_REJ.C.fasta
112901,TAF1,TATA-box binding protein associated factor 1,ENSG00000147133,ENST00000683202,X,5634,3.7508168426497543,True,True,TAF1 [ENST00000683202],Human,data/coding_sequences/ENST00000683202_CDS.fasta,data/coding_sequences/ENST00000683202_REJ.N.fasta,data/coding_sequences/ENST00000683202_REJ.C.fasta
18276,TAF1,TATA-box binding protein associated factor 1,ENSG00000147133,ENST00000373790,X,5559,3.74499667403856,True,True,TAF1 [ENST00000373790],Human,data/coding_sequences/ENST00000373790_CDS.fasta,data/coding_sequences/ENST00000373790_REJ.N.fasta,data/coding_sequences/ENST00000373790_REJ.C.fasta
8168,TAF1,TATA-box binding protein associated factor 1,ENSG00000147133,ENST00000276072,X,4914,3.691435152144062,True,True,TAF1 [ENST00000276072],Human,data/coding_sequences/ENST00000276072_CDS.fasta,data/coding_sequences/ENST00000276072_REJ.N.fasta,data/coding_sequences/ENST00000276072_REJ.C.fasta
36677,TAF1,TATA-box binding protein associated factor 1,ENSG00000147133,ENST00000423759,X,5622,3.749890841271422,True,True,TAF1 [ENST00000423759],Human,data/coding_sequences/ENST00000423759_CDS.fasta,data/coding_sequences/ENST00000423759_REJ.N.fasta,data/coding_sequences/ENST00000423759_REJ.C.fasta
1579,TAF1L,TATA-box binding protein associated factor 1 like,ENSG00000122728,ENST00000242310,9,5481,3.7388598020722004,False,True,TAF1L [ENST00000242310],Human,data/coding_sequences/ENST00000242310_CDS.fasta,data/coding_sequences/ENST00000242310_REJ.N.fasta,data/coding_sequences/ENST00000242310_REJ.C.fasta
3807,TANC1,"tetratricopeptide repeat, ankyrin repeat and coiled-coil containing 1",ENSG00000115183,ENST00000263635,2,5586,3.747100931364986,False,True,TANC1 [ENST00000263635],Human,data/coding_sequences/ENST00000263635_CDS.fasta,data/coding_sequences/ENST00000263635_REJ.N.fasta,data/coding_sequences/ENST00000263635_REJ.C.fasta
114788,TANC2,"tetratricopeptide repeat, ankyrin repeat and coiled-coil containing 2",ENSG00000170921,ENST00000689528,17,6225,3.794139355767774,True,True,TANC2 [ENST00000689528],Human,data/coding_sequences/ENST00000689528_CDS.fasta,data/coding_sequences/ENST00000689528_REJ.N.fasta,data/coding_sequences/ENST00000689528_REJ.C.fasta
25070,TANC2,"tetratricopeptide repeat, ankyrin repeat and coiled-coil containing 2",ENSG00000170921,ENST00000389520,17,6003,3.778368343355874,True,True,TANC2 [ENST00000389520],Human,data/coding_sequences/ENST00000389520_CDS.fasta,data/coding_sequences/ENST00000389520_REJ.N.fasta,data/coding_sequences/ENST00000389520_REJ.C.fasta
39162,TANC2,"tetratricopeptide repeat, ankyrin repeat and coiled-coil containing 2",ENSG00000170921,ENST00000424789,17,5973,3.776192514747072,True,True,TANC2 [ENST00000424789],Human,data/coding_sequences/ENST00000424789_CDS.fasta,data/coding_sequences/ENST00000424789_REJ.N.fasta,data/coding_sequences/ENST00000424789_REJ.C.fasta
120,TARBP1,TAR (HIV-1) RNA binding protein 1,ENSG00000059588,ENST00000040877,1,4866,3.6871721045948,False,True,TARBP1 [ENST00000040877],Human,data/coding_sequences/ENST00000040877_CDS.fasta,data/coding_sequences/ENST00000040877_REJ.N.fasta,data/coding_sequences/ENST00000040877_REJ.C.fasta
15403,TASOR,transcription activation suppressor,ENSG00000163946,ENST00000355628,3,4830,3.683947130751512,False,True,TASOR [ENST00000355628],Human,data/coding_sequences/ENST00000355628_CDS.fasta,data/coding_sequences/ENST00000355628_REJ.N.fasta,data/coding_sequences/ENST00000355628_REJ.C.fasta
53651,TASOR,transcription activation suppressor,ENSG00000163946,ENST00000493960,3,4539,3.656960182742849,False,True,TASOR [ENST00000493960],Human,data/coding_sequences/ENST00000493960_CDS.fasta,data/coding_sequences/ENST00000493960_REJ.N.fasta,data/coding_sequences/ENST00000493960_REJ.C.fasta
115300,TASOR,transcription activation suppressor,ENSG00000163946,ENST00000683822,3,5013,3.7000977046130537,False,True,TASOR [ENST00000683822],Human,data/coding_sequences/ENST00000683822_CDS.fasta,data/coding_sequences/ENST00000683822_REJ.N.fasta,data/coding_sequences/ENST00000683822_REJ.C.fasta
117927,TASOR2,transcription activation suppressor family member 2,ENSG00000108021,ENST00000695832,10,7545,3.8776592441116087,False,True,TASOR2 [ENST00000695832],Human,data/coding_sequences/ENST00000695832_CDS.fasta,data/coding_sequences/ENST00000695832_REJ.N.fasta,data/coding_sequences/ENST00000695832_REJ.C.fasta
117318,TASOR2,transcription activation suppressor family member 2,ENSG00000108021,ENST00000695834,10,7293,3.862906213562998,False,True,TASOR2 [ENST00000695834],Human,data/coding_sequences/ENST00000695834_CDS.fasta,data/coding_sequences/ENST00000695834_REJ.N.fasta,data/coding_sequences/ENST00000695834_REJ.C.fasta
116340,TASOR2,transcription activation suppressor family member 2,ENSG00000108021,ENST00000695737,10,7293,3.862906213562998,False,True,TASOR2 [ENST00000695737],Human,data/coding_sequences/ENST00000695737_CDS.fasta,data/coding_sequences/ENST00000695737_REJ.N.fasta,data/coding_sequences/ENST00000695737_REJ.C.fasta
102652,TASOR2,transcription activation suppressor family member 2,ENSG00000108021,ENST00000645567,10,7938,3.8997110945711446,False,True,TASOR2 [ENST00000645567],Human,data/coding_sequences/ENST00000645567_CDS.fasta,data/coding_sequences/ENST00000645567_REJ.N.fasta,data/coding_sequences/ENST00000645567_REJ.C.fasta
9329,TASOR2,transcription activation suppressor family member 2,ENSG00000108021,ENST00000328090,10,7293,3.862906213562998,False,True,TASOR2 [ENST00000328090],Human,data/coding_sequences/ENST00000328090_CDS.fasta,data/coding_sequences/ENST00000328090_REJ.N.fasta,data/coding_sequences/ENST00000328090_REJ.C.fasta
116584,TASOR2,transcription activation suppressor family member 2,ENSG00000108021,ENST00000695833,10,7050,3.848189116991399,False,True,TASOR2 [ENST00000695833],Human,data/coding_sequences/ENST00000695833_CDS.fasta,data/coding_sequences/ENST00000695833_REJ.N.fasta,data/coding_sequences/ENST00000695833_REJ.C.fasta
119752,TASOR2,transcription activation suppressor family member 2,ENSG00000108021,ENST00000699050,10,7998,3.9029813997975027,False,True,TASOR2 [ENST00000699050],Human,data/coding_sequences/ENST00000699050_CDS.fasta,data/coding_sequences/ENST00000699050_REJ.N.fasta,data/coding_sequences/ENST00000699050_REJ.C.fasta
81296,TCF20,transcription factor 20,ENSG00000262024,ENST00000576946,CHR_HSCHR22_1_CTG1,5817,3.7646990637983677,True,True,TCF20 [ENST00000576946],Human,data/coding_sequences/ENST00000576946_CDS.fasta,data/coding_sequences/ENST00000576946_REJ.N.fasta,data/coding_sequences/ENST00000576946_REJ.C.fasta
13692,TCF20,transcription factor 20,ENSG00000100207,ENST00000335626,22,5817,3.7646990637983677,True,True,TCF20 [ENST00000335626],Human,data/coding_sequences/ENST00000335626_CDS.fasta,data/coding_sequences/ENST00000335626_REJ.N.fasta,data/coding_sequences/ENST00000335626_REJ.C.fasta
100545,TCF20,transcription factor 20,ENSG00000283681,ENST00000636799,CHR_HSCHR22_8_CTG1,5883,3.7695988483874463,True,True,TCF20 [ENST00000636799],Human,data/coding_sequences/ENST00000636799_CDS.fasta,data/coding_sequences/ENST00000636799_REJ.N.fasta,data/coding_sequences/ENST00000636799_REJ.C.fasta
96581,TCF20,transcription factor 20,ENSG00000281897,ENST00000629538,CHR_HSCHR22_5_CTG1,5817,3.7646990637983677,True,True,TCF20 [ENST00000629538],Human,data/coding_sequences/ENST00000629538_CDS.fasta,data/coding_sequences/ENST00000629538_REJ.N.fasta,data/coding_sequences/ENST00000629538_REJ.C.fasta
101811,TCF20,transcription factor 20,ENSG00000283026,ENST00000635421,CHR_HSCHR22_6_CTG1,5817,3.7646990637983677,True,True,TCF20 [ENST00000635421],Human,data/coding_sequences/ENST00000635421_CDS.fasta,data/coding_sequences/ENST00000635421_REJ.N.fasta,data/coding_sequences/ENST00000635421_REJ.C.fasta
96236,TCF20,transcription factor 20,ENSG00000280467,ENST00000626486,CHR_HSCHR22_4_CTG1,5817,3.7646990637983677,True,True,TCF20 [ENST00000626486],Human,data/coding_sequences/ENST00000626486_CDS.fasta,data/coding_sequences/ENST00000626486_REJ.N.fasta,data/coding_sequences/ENST00000626486_REJ.C.fasta
95712,TCF20,transcription factor 20,ENSG00000282892,ENST00000634489,CHR_HSCHR22_7_CTG1,5817,3.7646990637983677,True,True,TCF20 [ENST00000634489],Human,data/coding_sequences/ENST00000634489_CDS.fasta,data/coding_sequences/ENST00000634489_REJ.N.fasta,data/coding_sequences/ENST00000634489_REJ.C.fasta
99848,TCF20,transcription factor 20,ENSG00000283681,ENST00000637355,CHR_HSCHR22_8_CTG1,5817,3.7646990637983677,True,True,TCF20 [ENST00000637355],Human,data/coding_sequences/ENST00000637355_CDS.fasta,data/coding_sequences/ENST00000637355_REJ.N.fasta,data/coding_sequences/ENST00000637355_REJ.C.fasta
78740,TCF20,transcription factor 20,ENSG00000262024,ENST00000574943,CHR_HSCHR22_1_CTG1,5883,3.7695988483874463,True,True,TCF20 [ENST00000574943],Human,data/coding_sequences/ENST00000574943_CDS.fasta,data/coding_sequences/ENST00000574943_REJ.N.fasta,data/coding_sequences/ENST00000574943_REJ.C.fasta
109011,TCF20,transcription factor 20,ENSG00000100207,ENST00000677622,22,5883,3.7695988483874463,True,True,TCF20 [ENST00000677622],Human,data/coding_sequences/ENST00000677622_CDS.fasta,data/coding_sequences/ENST00000677622_REJ.N.fasta,data/coding_sequences/ENST00000677622_REJ.C.fasta
94029,TCF20,transcription factor 20,ENSG00000276461,ENST00000619505,CHR_HSCHR22_3_CTG1,5817,3.7646990637983677,True,True,TCF20 [ENST00000619505],Human,data/coding_sequences/ENST00000619505_CDS.fasta,data/coding_sequences/ENST00000619505_REJ.N.fasta,data/coding_sequences/ENST00000619505_REJ.C.fasta
95716,TCF20,transcription factor 20,ENSG00000280467,ENST00000628774,CHR_HSCHR22_4_CTG1,5883,3.7695988483874463,True,True,TCF20 [ENST00000628774],Human,data/coding_sequences/ENST00000628774_CDS.fasta,data/coding_sequences/ENST00000628774_REJ.N.fasta,data/coding_sequences/ENST00000628774_REJ.C.fasta
116035,TCF20,transcription factor 20,ENSG00000100207,ENST00000683686,22,5883,3.7695988483874463,True,True,TCF20 [ENST00000683686],Human,data/coding_sequences/ENST00000683686_CDS.fasta,data/coding_sequences/ENST00000683686_REJ.N.fasta,data/coding_sequences/ENST00000683686_REJ.C.fasta
93449,TCF20,transcription factor 20,ENSG00000276461,ENST00000621408,CHR_HSCHR22_3_CTG1,5883,3.7695988483874463,True,True,TCF20 [ENST00000621408],Human,data/coding_sequences/ENST00000621408_CDS.fasta,data/coding_sequences/ENST00000621408_REJ.N.fasta,data/coding_sequences/ENST00000621408_REJ.C.fasta
16316,TCF20,transcription factor 20,ENSG00000100207,ENST00000359486,22,5883,3.7695988483874463,True,True,TCF20 [ENST00000359486],Human,data/coding_sequences/ENST00000359486_CDS.fasta,data/coding_sequences/ENST00000359486_REJ.N.fasta,data/coding_sequences/ENST00000359486_REJ.C.fasta
96176,TCF20,transcription factor 20,ENSG00000283026,ENST00000634616,CHR_HSCHR22_6_CTG1,5883,3.7695988483874463,True,True,TCF20 [ENST00000634616],Human,data/coding_sequences/ENST00000634616_CDS.fasta,data/coding_sequences/ENST00000634616_REJ.N.fasta,data/coding_sequences/ENST00000634616_REJ.C.fasta
95145,TCF20,transcription factor 20,ENSG00000281897,ENST00000626726,CHR_HSCHR22_5_CTG1,5883,3.7695988483874463,True,True,TCF20 [ENST00000626726],Human,data/coding_sequences/ENST00000626726_CDS.fasta,data/coding_sequences/ENST00000626726_REJ.N.fasta,data/coding_sequences/ENST00000626726_REJ.C.fasta
101465,TCF20,transcription factor 20,ENSG00000282892,ENST00000635146,CHR_HSCHR22_7_CTG1,5883,3.7695988483874463,True,True,TCF20 [ENST00000635146],Human,data/coding_sequences/ENST00000635146_CDS.fasta,data/coding_sequences/ENST00000635146_REJ.N.fasta,data/coding_sequences/ENST00000635146_REJ.C.fasta
94530,TCHH,trichohyalin,ENSG00000159450,ENST00000614923,1,5832,3.765817515309918,False,True,TCHH [ENST00000614923],Human,data/coding_sequences/ENST00000614923_CDS.fasta,data/coding_sequences/ENST00000614923_REJ.N.fasta,data/coding_sequences/ENST00000614923_REJ.C.fasta
31122,TDRD15,tudor domain containing 15,ENSG00000218819,ENST00000405799,2,5805,3.7638022240745928,False,True,TDRD15 [ENST00000405799],Human,data/coding_sequences/ENST00000405799_CDS.fasta,data/coding_sequences/ENST00000405799_REJ.N.fasta,data/coding_sequences/ENST00000405799_REJ.C.fasta
92139,TDRD15,tudor domain containing 15,ENSG00000218819,ENST00000622654,2,5805,3.7638022240745928,False,True,TDRD15 [ENST00000622654],Human,data/coding_sequences/ENST00000622654_CDS.fasta,data/coding_sequences/ENST00000622654_REJ.N.fasta,data/coding_sequences/ENST00000622654_REJ.C.fasta
70733,TDRD6,tudor domain containing 6,ENSG00000180113,ENST00000544460,6,6201,3.792461731346951,False,True,TDRD6 [ENST00000544460],Human,data/coding_sequences/ENST00000544460_CDS.fasta,data/coding_sequences/ENST00000544460_REJ.N.fasta,data/coding_sequences/ENST00000544460_REJ.C.fasta
8784,TDRD6,tudor domain containing 6,ENSG00000180113,ENST00000316081,6,6291,3.7987196851850062,False,True,TDRD6 [ENST00000316081],Human,data/coding_sequences/ENST00000316081_CDS.fasta,data/coding_sequences/ENST00000316081_REJ.N.fasta,data/coding_sequences/ENST00000316081_REJ.C.fasta
3463,TECTA,tectorin alpha,ENSG00000109927,ENST00000264037,11,6468,3.8107700112343634,True,True,TECTA [ENST00000264037],Human,data/coding_sequences/ENST00000264037_CDS.fasta,data/coding_sequences/ENST00000264037_REJ.N.fasta,data/coding_sequences/ENST00000264037_REJ.C.fasta
100883,TECTA,tectorin alpha,ENSG00000109927,ENST00000642222,11,6453,3.809761665107125,True,True,TECTA [ENST00000642222],Human,data/coding_sequences/ENST00000642222_CDS.fasta,data/coding_sequences/ENST00000642222_REJ.N.fasta,data/coding_sequences/ENST00000642222_REJ.C.fasta
22606,TECTA,tectorin alpha,ENSG00000109927,ENST00000392793,11,6468,3.8107700112343634,True,True,TECTA [ENST00000392793],Human,data/coding_sequences/ENST00000392793_CDS.fasta,data/coding_sequences/ENST00000392793_REJ.N.fasta,data/coding_sequences/ENST00000392793_REJ.C.fasta
64485,TENM2,teneurin transmembrane protein 2,ENSG00000145934,ENST00000520394,5,7608,3.8812705039293576,False,True,TENM2 [ENST00000520394],Human,data/coding_sequences/ENST00000520394_CDS.fasta,data/coding_sequences/ENST00000520394_REJ.N.fasta,data/coding_sequences/ENST00000520394_REJ.C.fasta
58809,TENM2,teneurin transmembrane protein 2,ENSG00000145934,ENST00000519204,5,7962,3.901022173248079,False,True,TENM2 [ENST00000519204],Human,data/coding_sequences/ENST00000519204_CDS.fasta,data/coding_sequences/ENST00000519204_REJ.N.fasta,data/coding_sequences/ENST00000519204_REJ.C.fasta
117543,TENM2,teneurin transmembrane protein 2,ENSG00000145934,ENST00000695886,5,7842,3.894426837964188,False,True,TENM2 [ENST00000695886],Human,data/coding_sequences/ENST00000695886_CDS.fasta,data/coding_sequences/ENST00000695886_REJ.N.fasta,data/coding_sequences/ENST00000695886_REJ.C.fasta
116431,TENM2,teneurin transmembrane protein 2,ENSG00000145934,ENST00000695961,5,7734,3.8884041677370464,False,True,TENM2 [ENST00000695961],Human,data/coding_sequences/ENST00000695961_CDS.fasta,data/coding_sequences/ENST00000695961_REJ.N.fasta,data/coding_sequences/ENST00000695961_REJ.C.fasta
117214,TENM2,teneurin transmembrane protein 2,ENSG00000145934,ENST00000695962,5,7110,3.851869600729766,False,True,TENM2 [ENST00000695962],Human,data/coding_sequences/ENST00000695962_CDS.fasta,data/coding_sequences/ENST00000695962_REJ.N.fasta,data/coding_sequences/ENST00000695962_REJ.C.fasta
3561,TEP1,telomerase associated protein 1,ENSG00000129566,ENST00000262715,14,7884,3.8967466156074058,False,True,TEP1 [ENST00000262715],Human,data/coding_sequences/ENST00000262715_CDS.fasta,data/coding_sequences/ENST00000262715_REJ.N.fasta,data/coding_sequences/ENST00000262715_REJ.C.fasta
76909,TEP1,telomerase associated protein 1,ENSG00000129566,ENST00000555008,14,5715,3.7570162347313008,False,True,TEP1 [ENST00000555008],Human,data/coding_sequences/ENST00000555008_CDS.fasta,data/coding_sequences/ENST00000555008_REJ.N.fasta,data/coding_sequences/ENST00000555008_REJ.C.fasta
76123,TEP1,telomerase associated protein 1,ENSG00000129566,ENST00000556935,14,7560,3.8785217955012063,False,True,TEP1 [ENST00000556935],Human,data/coding_sequences/ENST00000556935_CDS.fasta,data/coding_sequences/ENST00000556935_REJ.N.fasta,data/coding_sequences/ENST00000556935_REJ.C.fasta
18864,TET1,tet methylcytosine dioxygenase 1,ENSG00000138336,ENST00000373644,10,6411,3.8069257768837317,False,True,TET1 [ENST00000373644],Human,data/coding_sequences/ENST00000373644_CDS.fasta,data/coding_sequences/ENST00000373644_REJ.N.fasta,data/coding_sequences/ENST00000373644_REJ.C.fasta
66163,TET2,tet methylcytosine dioxygenase 2,ENSG00000168769,ENST00000540549,4,6009,3.7788022040132385,True,True,TET2 [ENST00000540549],Human,data/coding_sequences/ENST00000540549_CDS.fasta,data/coding_sequences/ENST00000540549_REJ.N.fasta,data/coding_sequences/ENST00000540549_REJ.C.fasta
58402,TET2,tet methylcytosine dioxygenase 2,ENSG00000168769,ENST00000513237,4,6072,3.783331762887424,True,True,TET2 [ENST00000513237],Human,data/coding_sequences/ENST00000513237_CDS.fasta,data/coding_sequences/ENST00000513237_REJ.N.fasta,data/coding_sequences/ENST00000513237_REJ.C.fasta
22915,TET2,tet methylcytosine dioxygenase 2,ENSG00000168769,ENST00000380013,4,6009,3.7788022040132385,True,True,TET2 [ENST00000380013],Human,data/coding_sequences/ENST00000380013_CDS.fasta,data/coding_sequences/ENST00000380013_REJ.N.fasta,data/coding_sequences/ENST00000380013_REJ.C.fasta
8475,TET3,tet methylcytosine dioxygenase 3,ENSG00000187605,ENST00000305799,2,5109,3.7083359026822635,True,True,TET3 [ENST00000305799],Human,data/coding_sequences/ENST00000305799_CDS.fasta,data/coding_sequences/ENST00000305799_REJ.N.fasta,data/coding_sequences/ENST00000305799_REJ.C.fasta
27526,TET3,tet methylcytosine dioxygenase 3,ENSG00000187605,ENST00000409262,2,5388,3.731427587050948,True,True,TET3 [ENST00000409262],Human,data/coding_sequences/ENST00000409262_CDS.fasta,data/coding_sequences/ENST00000409262_REJ.N.fasta,data/coding_sequences/ENST00000409262_REJ.C.fasta
28555,THADA,THADA armadillo repeat containing,ENSG00000115970,ENST00000405006,2,5862,3.768045814102417,False,True,THADA [ENST00000405006],Human,data/coding_sequences/ENST00000405006_CDS.fasta,data/coding_sequences/ENST00000405006_REJ.N.fasta,data/coding_sequences/ENST00000405006_REJ.C.fasta
27776,THADA,THADA armadillo repeat containing,ENSG00000115970,ENST00000405975,2,5862,3.768045814102417,False,True,THADA [ENST00000405975],Human,data/coding_sequences/ENST00000405975_CDS.fasta,data/coding_sequences/ENST00000405975_REJ.N.fasta,data/coding_sequences/ENST00000405975_REJ.C.fasta
16077,THOC2,THO complex subunit 2,ENSG00000125676,ENST00000355725,X,4782,3.679609571779756,True,True,THOC2 [ENST00000355725],Human,data/coding_sequences/ENST00000355725_CDS.fasta,data/coding_sequences/ENST00000355725_REJ.N.fasta,data/coding_sequences/ENST00000355725_REJ.C.fasta
1443,THOC2,THO complex subunit 2,ENSG00000125676,ENST00000245838,X,4782,3.679609571779756,True,True,THOC2 [ENST00000245838],Human,data/coding_sequences/ENST00000245838_CDS.fasta,data/coding_sequences/ENST00000245838_REJ.N.fasta,data/coding_sequences/ENST00000245838_REJ.C.fasta
37053,THSD7A,thrombospondin type 1 domain containing 7A,ENSG00000005108,ENST00000423059,7,4974,3.696705780933917,False,True,THSD7A [ENST00000423059],Human,data/coding_sequences/ENST00000423059_CDS.fasta,data/coding_sequences/ENST00000423059_REJ.N.fasta,data/coding_sequences/ENST00000423059_REJ.C.fasta
35595,THSD7B,thrombospondin type 1 domain containing 7B,ENSG00000144229,ENST00000409968,2,4821,3.683137131483007,False,True,THSD7B [ENST00000409968],Human,data/coding_sequences/ENST00000409968_CDS.fasta,data/coding_sequences/ENST00000409968_REJ.N.fasta,data/coding_sequences/ENST00000409968_REJ.C.fasta
47638,TIAM1,TIAM Rac1 associated GEF 1,ENSG00000156299,ENST00000455508,21,4596,3.6623800200162475,True,True,TIAM1 [ENST00000455508],Human,data/coding_sequences/ENST00000455508_CDS.fasta,data/coding_sequences/ENST00000455508_REJ.N.fasta,data/coding_sequences/ENST00000455508_REJ.C.fasta
7175,TIAM1,TIAM Rac1 associated GEF 1,ENSG00000156299,ENST00000286827,21,4776,3.6790643181213127,True,True,TIAM1 [ENST00000286827],Human,data/coding_sequences/ENST00000286827_CDS.fasta,data/coding_sequences/ENST00000286827_REJ.N.fasta,data/coding_sequences/ENST00000286827_REJ.C.fasta
68636,TIAM1,TIAM Rac1 associated GEF 1,ENSG00000156299,ENST00000541036,21,4776,3.6790643181213127,True,True,TIAM1 [ENST00000541036],Human,data/coding_sequences/ENST00000541036_CDS.fasta,data/coding_sequences/ENST00000541036_REJ.N.fasta,data/coding_sequences/ENST00000541036_REJ.C.fasta
62855,TIAM2,TIAM Rac1 associated GEF 2,ENSG00000146426,ENST00000529824,6,5193,3.715418322595056,False,True,TIAM2 [ENST00000529824],Human,data/coding_sequences/ENST00000529824_CDS.fasta,data/coding_sequences/ENST00000529824_REJ.N.fasta,data/coding_sequences/ENST00000529824_REJ.C.fasta
114065,TIAM2,TIAM Rac1 associated GEF 2,ENSG00000146426,ENST00000682666,6,5106,3.7080808104682315,False,True,TIAM2 [ENST00000682666],Human,data/coding_sequences/ENST00000682666_CDS.fasta,data/coding_sequences/ENST00000682666_REJ.N.fasta,data/coding_sequences/ENST00000682666_REJ.C.fasta
48991,TIAM2,TIAM Rac1 associated GEF 2,ENSG00000146426,ENST00000461783,6,5106,3.7080808104682315,False,True,TIAM2 [ENST00000461783],Human,data/coding_sequences/ENST00000461783_CDS.fasta,data/coding_sequences/ENST00000461783_REJ.N.fasta,data/coding_sequences/ENST00000461783_REJ.C.fasta
17548,TIAM2,TIAM Rac1 associated GEF 2,ENSG00000146426,ENST00000360366,6,5178,3.714162046098853,False,True,TIAM2 [ENST00000360366],Human,data/coding_sequences/ENST00000360366_CDS.fasta,data/coding_sequences/ENST00000360366_REJ.N.fasta,data/coding_sequences/ENST00000360366_REJ.C.fasta
4448,TICRR,TOPBP1 interacting checkpoint and replication regulator,ENSG00000140534,ENST00000268138,15,5733,3.758381941774675,False,True,TICRR [ENST00000268138],Human,data/coding_sequences/ENST00000268138_CDS.fasta,data/coding_sequences/ENST00000268138_REJ.N.fasta,data/coding_sequences/ENST00000268138_REJ.C.fasta
77685,TICRR,TOPBP1 interacting checkpoint and replication regulator,ENSG00000140534,ENST00000560985,15,5730,3.75815462196739,False,True,TICRR [ENST00000560985],Human,data/coding_sequences/ENST00000560985_CDS.fasta,data/coding_sequences/ENST00000560985_REJ.N.fasta,data/coding_sequences/ENST00000560985_REJ.C.fasta
94126,TJP1,tight junction protein 1,ENSG00000277401,ENST00000621049,CHR_HSCHR15_4_CTG8,5307,3.7248490876293854,False,True,TJP1 [ENST00000621049],Human,data/coding_sequences/ENST00000621049_CDS.fasta,data/coding_sequences/ENST00000621049_REJ.N.fasta,data/coding_sequences/ENST00000621049_REJ.C.fasta
15889,TJP1,tight junction protein 1,ENSG00000104067,ENST00000356107,15,5586,3.747100931364986,False,True,TJP1 [ENST00000356107],Human,data/coding_sequences/ENST00000356107_CDS.fasta,data/coding_sequences/ENST00000356107_REJ.N.fasta,data/coding_sequences/ENST00000356107_REJ.C.fasta
11758,TJP1,tight junction protein 1,ENSG00000104067,ENST00000346128,15,5247,3.719911064198339,False,True,TJP1 [ENST00000346128],Human,data/coding_sequences/ENST00000346128_CDS.fasta,data/coding_sequences/ENST00000346128_REJ.N.fasta,data/coding_sequences/ENST00000346128_REJ.C.fasta
93705,TJP1,tight junction protein 1,ENSG00000277401,ENST00000613680,CHR_HSCHR15_4_CTG8,5031,3.7016543173257483,False,True,TJP1 [ENST00000613680],Human,data/coding_sequences/ENST00000613680_CDS.fasta,data/coding_sequences/ENST00000613680_REJ.N.fasta,data/coding_sequences/ENST00000613680_REJ.C.fasta
94872,TJP1,tight junction protein 1,ENSG00000104067,ENST00000614355,15,5307,3.7248490876293854,False,True,TJP1 [ENST00000614355],Human,data/coding_sequences/ENST00000614355_CDS.fasta,data/coding_sequences/ENST00000614355_REJ.N.fasta,data/coding_sequences/ENST00000614355_REJ.C.fasta
30886,TJP1,tight junction protein 1,ENSG00000104067,ENST00000400011,15,5079,3.705778212828598,False,True,TJP1 [ENST00000400011],Human,data/coding_sequences/ENST00000400011_CDS.fasta,data/coding_sequences/ENST00000400011_REJ.N.fasta,data/coding_sequences/ENST00000400011_REJ.C.fasta
90491,TJP1,tight junction protein 1,ENSG00000277401,ENST00000612628,CHR_HSCHR15_4_CTG8,5079,3.705778212828598,False,True,TJP1 [ENST00000612628],Human,data/coding_sequences/ENST00000612628_CDS.fasta,data/coding_sequences/ENST00000612628_REJ.N.fasta,data/coding_sequences/ENST00000612628_REJ.C.fasta
111726,TJP1,tight junction protein 1,ENSG00000104067,ENST00000677774,15,5067,3.704750904290671,False,True,TJP1 [ENST00000677774],Human,data/coding_sequences/ENST00000677774_CDS.fasta,data/coding_sequences/ENST00000677774_REJ.N.fasta,data/coding_sequences/ENST00000677774_REJ.C.fasta
71809,TJP1,tight junction protein 1,ENSG00000104067,ENST00000545208,15,5007,3.699577591398909,False,True,TJP1 [ENST00000545208],Human,data/coding_sequences/ENST00000545208_CDS.fasta,data/coding_sequences/ENST00000545208_REJ.N.fasta,data/coding_sequences/ENST00000545208_REJ.C.fasta
7424,TLN1,talin 1,ENSG00000137076,ENST00000314888,9,7626,3.882296800937652,False,True,TLN1 [ENST00000314888],Human,data/coding_sequences/ENST00000314888_CDS.fasta,data/coding_sequences/ENST00000314888_REJ.N.fasta,data/coding_sequences/ENST00000314888_REJ.C.fasta
121173,TLN1,talin 1,ENSG00000137076,ENST00000706939,9,7677,3.885191540606848,False,True,TLN1 [ENST00000706939],Human,data/coding_sequences/ENST00000706939_CDS.fasta,data/coding_sequences/ENST00000706939_REJ.N.fasta,data/coding_sequences/ENST00000706939_REJ.C.fasta
101588,TLN2,talin 2,ENSG00000171914,ENST00000636159,15,7629,3.882467614895371,False,True,TLN2 [ENST00000636159],Human,data/coding_sequences/ENST00000636159_CDS.fasta,data/coding_sequences/ENST00000636159_REJ.N.fasta,data/coding_sequences/ENST00000636159_REJ.C.fasta
77316,TLN2,talin 2,ENSG00000171914,ENST00000561311,15,7629,3.882467614895371,False,True,TLN2 [ENST00000561311],Human,data/coding_sequences/ENST00000561311_CDS.fasta,data/coding_sequences/ENST00000561311_REJ.N.fasta,data/coding_sequences/ENST00000561311_REJ.C.fasta
194,TMEM131,transmembrane protein 131,ENSG00000075568,ENST00000186436,2,5652,3.752202153176521,False,True,TMEM131 [ENST00000186436],Human,data/coding_sequences/ENST00000186436_CDS.fasta,data/coding_sequences/ENST00000186436_REJ.N.fasta,data/coding_sequences/ENST00000186436_REJ.C.fasta
31899,TMEM131L,transmembrane 131 like,ENSG00000121210,ENST00000409663,4,4830,3.683947130751512,False,True,TMEM131L [ENST00000409663],Human,data/coding_sequences/ENST00000409663_CDS.fasta,data/coding_sequences/ENST00000409663_REJ.N.fasta,data/coding_sequences/ENST00000409663_REJ.C.fasta
34302,TMEM131L,transmembrane 131 like,ENSG00000121210,ENST00000409959,4,4833,3.6842167951388807,False,True,TMEM131L [ENST00000409959],Human,data/coding_sequences/ENST00000409959_CDS.fasta,data/coding_sequences/ENST00000409959_REJ.N.fasta,data/coding_sequences/ENST00000409959_REJ.C.fasta
68497,TNC,tenascin C,ENSG00000041982,ENST00000537320,9,4695,3.6716355966021297,True,True,TNC [ENST00000537320],Human,data/coding_sequences/ENST00000537320_CDS.fasta,data/coding_sequences/ENST00000537320_REJ.N.fasta,data/coding_sequences/ENST00000537320_REJ.C.fasta
14507,TNC,tenascin C,ENSG00000041982,ENST00000350763,9,6606,3.8199385693553953,True,True,TNC [ENST00000350763],Human,data/coding_sequences/ENST00000350763_CDS.fasta,data/coding_sequences/ENST00000350763_REJ.N.fasta,data/coding_sequences/ENST00000350763_REJ.C.fasta
121532,TNC,tenascin C,ENSG00000041982,ENST00000705192,9,5565,3.745465168670727,True,True,TNC [ENST00000705192],Human,data/coding_sequences/ENST00000705192_CDS.fasta,data/coding_sequences/ENST00000705192_REJ.N.fasta,data/coding_sequences/ENST00000705192_REJ.C.fasta
36225,TNC,tenascin C,ENSG00000041982,ENST00000423613,9,5787,3.762453482363547,True,True,TNC [ENST00000423613],Human,data/coding_sequences/ENST00000423613_CDS.fasta,data/coding_sequences/ENST00000423613_REJ.N.fasta,data/coding_sequences/ENST00000423613_REJ.C.fasta
11259,TNC,tenascin C,ENSG00000041982,ENST00000341037,9,6060,3.782472624166286,True,True,TNC [ENST00000341037],Human,data/coding_sequences/ENST00000341037_CDS.fasta,data/coding_sequences/ENST00000341037_REJ.N.fasta,data/coding_sequences/ENST00000341037_REJ.C.fasta
74127,TNC,tenascin C,ENSG00000041982,ENST00000542877,9,5517,3.74170298395774,True,True,TNC [ENST00000542877],Human,data/coding_sequences/ENST00000542877_CDS.fasta,data/coding_sequences/ENST00000542877_REJ.N.fasta,data/coding_sequences/ENST00000542877_REJ.C.fasta
66543,TNKS1BP1,tankyrase 1 binding protein 1,ENSG00000149115,ENST00000532437,11,5190,3.7151673578484576,False,True,TNKS1BP1 [ENST00000532437],Human,data/coding_sequences/ENST00000532437_CDS.fasta,data/coding_sequences/ENST00000532437_REJ.N.fasta,data/coding_sequences/ENST00000532437_REJ.C.fasta
14389,TNKS1BP1,tankyrase 1 binding protein 1,ENSG00000149115,ENST00000358252,11,5190,3.7151673578484576,False,True,TNKS1BP1 [ENST00000358252],Human,data/coding_sequences/ENST00000358252_CDS.fasta,data/coding_sequences/ENST00000358252_REJ.N.fasta,data/coding_sequences/ENST00000358252_REJ.C.fasta
107178,TNRC6A,trinucleotide repeat containing adaptor 6A,ENSG00000288130,ENST00000672933,CHR_HG2471_PATCH,5742,3.759063188160487,False,True,TNRC6A [ENST00000672933],Human,data/coding_sequences/ENST00000672933_CDS.fasta,data/coding_sequences/ENST00000672933_REJ.N.fasta,data/coding_sequences/ENST00000672933_REJ.C.fasta
7539,TNRC6A,trinucleotide repeat containing adaptor 6A,ENSG00000090905,ENST00000315183,16,5742,3.759063188160487,False,True,TNRC6A [ENST00000315183],Human,data/coding_sequences/ENST00000315183_CDS.fasta,data/coding_sequences/ENST00000315183_REJ.N.fasta,data/coding_sequences/ENST00000315183_REJ.C.fasta
26840,TNRC6A,trinucleotide repeat containing adaptor 6A,ENSG00000090905,ENST00000395799,16,5889,3.770041554319669,False,True,TNRC6A [ENST00000395799],Human,data/coding_sequences/ENST00000395799_CDS.fasta,data/coding_sequences/ENST00000395799_REJ.N.fasta,data/coding_sequences/ENST00000395799_REJ.C.fasta
107225,TNRC6A,trinucleotide repeat containing adaptor 6A,ENSG00000288130,ENST00000673084,CHR_HG2471_PATCH,5889,3.770041554319669,False,True,TNRC6A [ENST00000673084],Human,data/coding_sequences/ENST00000673084_CDS.fasta,data/coding_sequences/ENST00000673084_REJ.N.fasta,data/coding_sequences/ENST00000673084_REJ.C.fasta
12090,TNRC6B,trinucleotide repeat containing adaptor 6B,ENSG00000100354,ENST00000335727,22,5172,3.7136585162083566,True,True,TNRC6B [ENST00000335727],Human,data/coding_sequences/ENST00000335727_CDS.fasta,data/coding_sequences/ENST00000335727_REJ.N.fasta,data/coding_sequences/ENST00000335727_REJ.C.fasta
45434,TNRC6B,trinucleotide repeat containing adaptor 6B,ENSG00000100354,ENST00000454349,22,5502,3.7405205860536648,True,True,TNRC6B [ENST00000454349],Human,data/coding_sequences/ENST00000454349_CDS.fasta,data/coding_sequences/ENST00000454349_REJ.N.fasta,data/coding_sequences/ENST00000454349_REJ.C.fasta
98639,TNRC6C,trinucleotide repeat containing adaptor 6C,ENSG00000078687,ENST00000636222,17,5835,3.766040860381389,False,True,TNRC6C [ENST00000636222],Human,data/coding_sequences/ENST00000636222_CDS.fasta,data/coding_sequences/ENST00000636222_REJ.N.fasta,data/coding_sequences/ENST00000636222_REJ.C.fasta
117956,TNRC6C,trinucleotide repeat containing adaptor 6C,ENSG00000078687,ENST00000696541,17,5694,3.7554174628109362,False,True,TNRC6C [ENST00000696541],Human,data/coding_sequences/ENST00000696541_CDS.fasta,data/coding_sequences/ENST00000696541_REJ.N.fasta,data/coding_sequences/ENST00000696541_REJ.C.fasta
84199,TNRC6C,trinucleotide repeat containing adaptor 6C,ENSG00000078687,ENST00000588061,17,5223,3.7179200258369938,False,True,TNRC6C [ENST00000588061],Human,data/coding_sequences/ENST00000588061_CDS.fasta,data/coding_sequences/ENST00000588061_REJ.N.fasta,data/coding_sequences/ENST00000588061_REJ.C.fasta
118331,TNRC6C,trinucleotide repeat containing adaptor 6C,ENSG00000078687,ENST00000696270,17,5811,3.764250875438773,False,True,TNRC6C [ENST00000696270],Human,data/coding_sequences/ENST00000696270_CDS.fasta,data/coding_sequences/ENST00000696270_REJ.N.fasta,data/coding_sequences/ENST00000696270_REJ.C.fasta
111982,TNS1,tensin 1,ENSG00000079308,ENST00000682258,2,5520,3.741939077729199,False,True,TNS1 [ENST00000682258],Human,data/coding_sequences/ENST00000682258_CDS.fasta,data/coding_sequences/ENST00000682258_REJ.N.fasta,data/coding_sequences/ENST00000682258_REJ.C.fasta
121008,TNS1,tensin 1,ENSG00000079308,ENST00000705226,2,5295,3.7238659644435037,False,True,TNS1 [ENST00000705226],Human,data/coding_sequences/ENST00000705226_CDS.fasta,data/coding_sequences/ENST00000705226_REJ.N.fasta,data/coding_sequences/ENST00000705226_REJ.C.fasta
151,TNS1,tensin 1,ENSG00000079308,ENST00000171887,2,5208,3.7166709755601355,False,True,TNS1 [ENST00000171887],Human,data/coding_sequences/ENST00000171887_CDS.fasta,data/coding_sequences/ENST00000171887_REJ.N.fasta,data/coding_sequences/ENST00000171887_REJ.C.fasta
93219,TNS1,tensin 1,ENSG00000079308,ENST00000615025,2,5145,3.7113853790984517,False,True,TNS1 [ENST00000615025],Human,data/coding_sequences/ENST00000615025_CDS.fasta,data/coding_sequences/ENST00000615025_REJ.N.fasta,data/coding_sequences/ENST00000615025_REJ.C.fasta
105233,TNS1,tensin 1,ENSG00000079308,ENST00000651849,2,5484,3.739097446117475,False,True,TNS1 [ENST00000651849],Human,data/coding_sequences/ENST00000651849_CDS.fasta,data/coding_sequences/ENST00000651849_REJ.N.fasta,data/coding_sequences/ENST00000651849_REJ.C.fasta
102183,TNS1,tensin 1,ENSG00000079308,ENST00000646520,2,5583,3.7468676278504294,False,True,TNS1 [ENST00000646520],Human,data/coding_sequences/ENST00000646520_CDS.fasta,data/coding_sequences/ENST00000646520_REJ.N.fasta,data/coding_sequences/ENST00000646520_REJ.C.fasta
32929,TNS1,tensin 1,ENSG00000079308,ENST00000419504,2,5166,3.7131544018372984,False,True,TNS1 [ENST00000419504],Human,data/coding_sequences/ENST00000419504_CDS.fasta,data/coding_sequences/ENST00000419504_REJ.N.fasta,data/coding_sequences/ENST00000419504_REJ.C.fasta
45920,TNS3,tensin 3,ENSG00000136205,ENST00000450444,7,4605,3.663229634532868,False,True,TNS3 [ENST00000450444],Human,data/coding_sequences/ENST00000450444_CDS.fasta,data/coding_sequences/ENST00000450444_REJ.N.fasta,data/coding_sequences/ENST00000450444_REJ.C.fasta
47051,TNS3,tensin 3,ENSG00000136205,ENST00000457718,7,4647,3.6671726724788685,False,True,TNS3 [ENST00000457718],Human,data/coding_sequences/ENST00000457718_CDS.fasta,data/coding_sequences/ENST00000457718_REJ.N.fasta,data/coding_sequences/ENST00000457718_REJ.C.fasta
120776,TNS3,tensin 3,ENSG00000136205,ENST00000705350,7,4680,3.670245853074124,False,True,TNS3 [ENST00000705350],Human,data/coding_sequences/ENST00000705350_CDS.fasta,data/coding_sequences/ENST00000705350_REJ.N.fasta,data/coding_sequences/ENST00000705350_REJ.C.fasta
89553,TNXB,tenascin XB,ENSG00000168477,ENST00000611016,6,5889,3.770041554319669,True,True,TNXB [ENST00000611016],Human,data/coding_sequences/ENST00000611016_CDS.fasta,data/coding_sequences/ENST00000611016_REJ.N.fasta,data/coding_sequences/ENST00000611016_REJ.C.fasta
33617,TNXB,tenascin XB,ENSG00000236236,ENST00000412618,CHR_HSCHR6_MHC_SSTO_CTG1,6450,3.8095597146352675,True,True,TNXB [ENST00000412618],Human,data/coding_sequences/ENST00000412618_CDS.fasta,data/coding_sequences/ENST00000412618_REJ.N.fasta,data/coding_sequences/ENST00000412618_REJ.C.fasta
46081,TNXB,tenascin XB,ENSG00000236221,ENST00000451159,CHR_HSCHR6_MHC_MANN_CTG1,6841,3.8351195904245494,True,True,TNXB [ENST00000451159],Human,data/coding_sequences/ENST00000451159_CDS.fasta,data/coding_sequences/ENST00000451159_REJ.N.fasta,data/coding_sequences/ENST00000451159_REJ.C.fasta
14585,TOGARAM1,TOG array regulator of axonemal microtubules 1,ENSG00000198718,ENST00000361462,14,5322,3.72607487021537,True,True,TOGARAM1 [ENST00000361462],Human,data/coding_sequences/ENST00000361462_CDS.fasta,data/coding_sequences/ENST00000361462_REJ.N.fasta,data/coding_sequences/ENST00000361462_REJ.C.fasta
16470,TOGARAM1,TOG array regulator of axonemal microtubules 1,ENSG00000198718,ENST00000361577,14,5163,3.7129021250472225,True,True,TOGARAM1 [ENST00000361577],Human,data/coding_sequences/ENST00000361577_CDS.fasta,data/coding_sequences/ENST00000361577_REJ.N.fasta,data/coding_sequences/ENST00000361577_REJ.C.fasta
39417,TOP2A,DNA topoisomerase II alpha,ENSG00000131747,ENST00000423485,17,4596,3.6623800200162475,True,True,TOP2A [ENST00000423485],Human,data/coding_sequences/ENST00000423485_CDS.fasta,data/coding_sequences/ENST00000423485_REJ.N.fasta,data/coding_sequences/ENST00000423485_REJ.C.fasta
40889,TOP2B,DNA topoisomerase II beta,ENSG00000077097,ENST00000435706,3,4866,3.6871721045948,True,True,TOP2B [ENST00000435706],Human,data/coding_sequences/ENST00000435706_CDS.fasta,data/coding_sequences/ENST00000435706_REJ.N.fasta,data/coding_sequences/ENST00000435706_REJ.C.fasta
4282,TOP2B,DNA topoisomerase II beta,ENSG00000077097,ENST00000264331,3,4881,3.6885088076565213,True,True,TOP2B [ENST00000264331],Human,data/coding_sequences/ENST00000264331_CDS.fasta,data/coding_sequences/ENST00000264331_REJ.N.fasta,data/coding_sequences/ENST00000264331_REJ.C.fasta
119014,TOP2B,DNA topoisomerase II beta,ENSG00000077097,ENST00000699037,3,4554,3.658393026279124,True,True,TOP2B [ENST00000699037],Human,data/coding_sequences/ENST00000699037_CDS.fasta,data/coding_sequences/ENST00000699037_REJ.N.fasta,data/coding_sequences/ENST00000699037_REJ.C.fasta
6636,TOPAZ1,testis and ovary specific TOPAZ 1,ENSG00000173769,ENST00000309765,3,5079,3.705778212828598,False,True,TOPAZ1 [ENST00000309765],Human,data/coding_sequences/ENST00000309765_CDS.fasta,data/coding_sequences/ENST00000309765_REJ.N.fasta,data/coding_sequences/ENST00000309765_REJ.C.fasta
2579,TOPBP1,DNA topoisomerase II binding protein 1,ENSG00000163781,ENST00000260810,3,4569,3.659821158055705,False,True,TOPBP1 [ENST00000260810],Human,data/coding_sequences/ENST00000260810_CDS.fasta,data/coding_sequences/ENST00000260810_REJ.N.fasta,data/coding_sequences/ENST00000260810_REJ.C.fasta
100988,TOPBP1,DNA topoisomerase II binding protein 1,ENSG00000163781,ENST00000642236,3,4554,3.658393026279124,False,True,TOPBP1 [ENST00000642236],Human,data/coding_sequences/ENST00000642236_CDS.fasta,data/coding_sequences/ENST00000642236_REJ.N.fasta,data/coding_sequences/ENST00000642236_REJ.C.fasta
48582,TP53BP1,tumor protein p53 binding protein 1,ENSG00000067369,ENST00000450115,15,5928,3.7729081949712717,False,True,TP53BP1 [ENST00000450115],Human,data/coding_sequences/ENST00000450115_CDS.fasta,data/coding_sequences/ENST00000450115_REJ.N.fasta,data/coding_sequences/ENST00000450115_REJ.C.fasta
4495,TP53BP1,tumor protein p53 binding protein 1,ENSG00000067369,ENST00000263801,15,5919,3.7722483399718536,False,True,TP53BP1 [ENST00000263801],Human,data/coding_sequences/ENST00000263801_CDS.fasta,data/coding_sequences/ENST00000263801_REJ.N.fasta,data/coding_sequences/ENST00000263801_REJ.C.fasta
26403,TP53BP1,tumor protein p53 binding protein 1,ENSG00000067369,ENST00000382039,15,5784,3.7622282842864743,False,True,TP53BP1 [ENST00000382039],Human,data/coding_sequences/ENST00000382039_CDS.fasta,data/coding_sequences/ENST00000382039_REJ.N.fasta,data/coding_sequences/ENST00000382039_REJ.C.fasta
24762,TP53BP1,tumor protein p53 binding protein 1,ENSG00000067369,ENST00000382044,15,5934,3.773347541980823,False,True,TP53BP1 [ENST00000382044],Human,data/coding_sequences/ENST00000382044_CDS.fasta,data/coding_sequences/ENST00000382044_REJ.N.fasta,data/coding_sequences/ENST00000382044_REJ.C.fasta
17723,TPR,"translocated promoter region, nuclear basket protein",ENSG00000047410,ENST00000367478,1,7092,3.85076872692888,False,True,TPR [ENST00000367478],Human,data/coding_sequences/ENST00000367478_CDS.fasta,data/coding_sequences/ENST00000367478_REJ.N.fasta,data/coding_sequences/ENST00000367478_REJ.C.fasta
104637,TRANK1,tetratricopeptide repeat and ankyrin repeat containing 1,ENSG00000168016,ENST00000646897,3,4890,3.6893088591236203,False,True,TRANK1 [ENST00000646897],Human,data/coding_sequences/ENST00000646897_CDS.fasta,data/coding_sequences/ENST00000646897_REJ.N.fasta,data/coding_sequences/ENST00000646897_REJ.C.fasta
59694,TRIO,trio Rho guanine nucleotide exchange factor,ENSG00000038382,ENST00000512070,5,6930,3.8407332346118066,True,True,TRIO [ENST00000512070],Human,data/coding_sequences/ENST00000512070_CDS.fasta,data/coding_sequences/ENST00000512070_REJ.N.fasta,data/coding_sequences/ENST00000512070_REJ.C.fasta
60065,TRIO,trio Rho guanine nucleotide exchange factor,ENSG00000038382,ENST00000509967,5,4527,3.655810494495252,True,True,TRIO [ENST00000509967],Human,data/coding_sequences/ENST00000509967_CDS.fasta,data/coding_sequences/ENST00000509967_REJ.N.fasta,data/coding_sequences/ENST00000509967_REJ.C.fasta
59529,TRIO,trio Rho guanine nucleotide exchange factor,ENSG00000038382,ENST00000513206,5,7641,3.8831501996832776,True,True,TRIO [ENST00000513206],Human,data/coding_sequences/ENST00000513206_CDS.fasta,data/coding_sequences/ENST00000513206_REJ.N.fasta,data/coding_sequences/ENST00000513206_REJ.C.fasta
119758,TRIO,trio Rho guanine nucleotide exchange factor,ENSG00000038382,ENST00000698541,5,5727,3.7579271831133294,True,True,TRIO [ENST00000698541],Human,data/coding_sequences/ENST00000698541_CDS.fasta,data/coding_sequences/ENST00000698541_REJ.N.fasta,data/coding_sequences/ENST00000698541_REJ.C.fasta
104169,TRIOBP,TRIO and F-actin binding protein,ENSG00000100106,ENST00000644935,22,7098,3.851135995011574,True,True,TRIOBP [ENST00000644935],Human,data/coding_sequences/ENST00000644935_CDS.fasta,data/coding_sequences/ENST00000644935_REJ.N.fasta,data/coding_sequences/ENST00000644935_REJ.C.fasta
74843,TRIP11,thyroid hormone receptor interactor 11,ENSG00000100815,ENST00000554357,14,5088,3.7065471026403576,True,True,TRIP11 [ENST00000554357],Human,data/coding_sequences/ENST00000554357_CDS.fasta,data/coding_sequences/ENST00000554357_REJ.N.fasta,data/coding_sequences/ENST00000554357_REJ.C.fasta
3344,TRIP11,thyroid hormone receptor interactor 11,ENSG00000100815,ENST00000267622,14,5940,3.7737864449811935,True,True,TRIP11 [ENST00000267622],Human,data/coding_sequences/ENST00000267622_CDS.fasta,data/coding_sequences/ENST00000267622_REJ.N.fasta,data/coding_sequences/ENST00000267622_REJ.C.fasta
121048,TRIP12,thyroid hormone receptor interactor 12,ENSG00000153827,ENST00000704585,2,5982,3.7768464086952993,True,True,TRIP12 [ENST00000704585],Human,data/coding_sequences/ENST00000704585_CDS.fasta,data/coding_sequences/ENST00000704585_REJ.N.fasta,data/coding_sequences/ENST00000704585_REJ.C.fasta
5522,TRIP12,thyroid hormone receptor interactor 12,ENSG00000153827,ENST00000283943,2,5979,3.7766285534201502,True,True,TRIP12 [ENST00000283943],Human,data/coding_sequences/ENST00000283943_CDS.fasta,data/coding_sequences/ENST00000283943_REJ.N.fasta,data/coding_sequences/ENST00000283943_REJ.C.fasta
109229,TRIP12,thyroid hormone receptor interactor 12,ENSG00000153827,ENST00000675453,2,6207,3.792881745385397,True,True,TRIP12 [ENST00000675453],Human,data/coding_sequences/ENST00000675453_CDS.fasta,data/coding_sequences/ENST00000675453_REJ.N.fasta,data/coding_sequences/ENST00000675453_REJ.C.fasta
111009,TRIP12,thyroid hormone receptor interactor 12,ENSG00000153827,ENST00000675903,2,6204,3.7926717891415676,True,True,TRIP12 [ENST00000675903],Human,data/coding_sequences/ENST00000675903_CDS.fasta,data/coding_sequences/ENST00000675903_REJ.N.fasta,data/coding_sequences/ENST00000675903_REJ.C.fasta
120661,TRIP12,thyroid hormone receptor interactor 12,ENSG00000153827,ENST00000704577,2,6204,3.7926717891415676,True,True,TRIP12 [ENST00000704577],Human,data/coding_sequences/ENST00000704577_CDS.fasta,data/coding_sequences/ENST00000704577_REJ.N.fasta,data/coding_sequences/ENST00000704577_REJ.C.fasta
109686,TRIP12,thyroid hormone receptor interactor 12,ENSG00000153827,ENST00000675423,2,6204,3.7926717891415676,True,True,TRIP12 [ENST00000675423],Human,data/coding_sequences/ENST00000675423_CDS.fasta,data/coding_sequences/ENST00000675423_REJ.N.fasta,data/coding_sequences/ENST00000675423_REJ.C.fasta
25641,TRIP12,thyroid hormone receptor interactor 12,ENSG00000153827,ENST00000389044,2,6123,3.786964259435733,True,True,TRIP12 [ENST00000389044],Human,data/coding_sequences/ENST00000389044_CDS.fasta,data/coding_sequences/ENST00000389044_REJ.N.fasta,data/coding_sequences/ENST00000389044_REJ.C.fasta
24417,TRIP12,thyroid hormone receptor interactor 12,ENSG00000153827,ENST00000389045,2,5169,3.713406532167691,True,True,TRIP12 [ENST00000389045],Human,data/coding_sequences/ENST00000389045_CDS.fasta,data/coding_sequences/ENST00000389045_REJ.N.fasta,data/coding_sequences/ENST00000389045_REJ.C.fasta
120863,TRIP12,thyroid hormone receptor interactor 12,ENSG00000153827,ENST00000704580,2,6078,3.7837606957439243,True,True,TRIP12 [ENST00000704580],Human,data/coding_sequences/ENST00000704580_CDS.fasta,data/coding_sequences/ENST00000704580_REJ.N.fasta,data/coding_sequences/ENST00000704580_REJ.C.fasta
120792,TRIP12,thyroid hormone receptor interactor 12,ENSG00000153827,ENST00000704581,2,6192,3.791830947674836,True,True,TRIP12 [ENST00000704581],Human,data/coding_sequences/ENST00000704581_CDS.fasta,data/coding_sequences/ENST00000704581_REJ.N.fasta,data/coding_sequences/ENST00000704581_REJ.C.fasta
45378,TRIP12,thyroid hormone receptor interactor 12,ENSG00000153827,ENST00000453485,2,6036,3.7807492311035524,True,True,TRIP12 [ENST00000453485],Human,data/coding_sequences/ENST00000453485_CDS.fasta,data/coding_sequences/ENST00000453485_REJ.N.fasta,data/coding_sequences/ENST00000453485_REJ.C.fasta
121741,TRIP12,thyroid hormone receptor interactor 12,ENSG00000153827,ENST00000704578,2,6063,3.7826875682349663,True,True,TRIP12 [ENST00000704578],Human,data/coding_sequences/ENST00000704578_CDS.fasta,data/coding_sequences/ENST00000704578_REJ.N.fasta,data/coding_sequences/ENST00000704578_REJ.C.fasta
39300,TRIP12,thyroid hormone receptor interactor 12,ENSG00000153827,ENST00000430954,2,6027,3.7801011914679115,True,True,TRIP12 [ENST00000430954],Human,data/coding_sequences/ENST00000430954_CDS.fasta,data/coding_sequences/ENST00000430954_REJ.N.fasta,data/coding_sequences/ENST00000430954_REJ.C.fasta
121215,TRIP12,thyroid hormone receptor interactor 12,ENSG00000153827,ENST00000704584,2,5331,3.726808682524964,True,True,TRIP12 [ENST00000704584],Human,data/coding_sequences/ENST00000704584_CDS.fasta,data/coding_sequences/ENST00000704584_REJ.N.fasta,data/coding_sequences/ENST00000704584_REJ.C.fasta
94904,TRPM1,transient receptor potential cation channel subfamily M member 1,ENSG00000274965,ENST00000617515,CHR_HSCHR15_4_CTG8,4812,3.6823256186678073,True,True,TRPM1 [ENST00000617515],Human,data/coding_sequences/ENST00000617515_CDS.fasta,data/coding_sequences/ENST00000617515_REJ.N.fasta,data/coding_sequences/ENST00000617515_REJ.C.fasta
28389,TRPM1,transient receptor potential cation channel subfamily M member 1,ENSG00000134160,ENST00000397795,15,4812,3.6823256186678073,True,True,TRPM1 [ENST00000397795],Human,data/coding_sequences/ENST00000397795_CDS.fasta,data/coding_sequences/ENST00000397795_REJ.N.fasta,data/coding_sequences/ENST00000397795_REJ.C.fasta
94590,TRPM1,transient receptor potential cation channel subfamily M member 1,ENSG00000274965,ENST00000618210,CHR_HSCHR15_4_CTG8,4812,3.6823256186678073,True,True,TRPM1 [ENST00000618210],Human,data/coding_sequences/ENST00000618210_CDS.fasta,data/coding_sequences/ENST00000618210_REJ.N.fasta,data/coding_sequences/ENST00000618210_REJ.C.fasta
3990,TRPM1,transient receptor potential cation channel subfamily M member 1,ENSG00000134160,ENST00000256552,15,4878,3.688241795977712,True,True,TRPM1 [ENST00000256552],Human,data/coding_sequences/ENST00000256552_CDS.fasta,data/coding_sequences/ENST00000256552_REJ.N.fasta,data/coding_sequences/ENST00000256552_REJ.C.fasta
75073,TRPM1,transient receptor potential cation channel subfamily M member 1,ENSG00000134160,ENST00000558445,15,4929,3.692758818154724,True,True,TRPM1 [ENST00000558445],Human,data/coding_sequences/ENST00000558445_CDS.fasta,data/coding_sequences/ENST00000558445_REJ.N.fasta,data/coding_sequences/ENST00000558445_REJ.C.fasta
89263,TRPM1,transient receptor potential cation channel subfamily M member 1,ENSG00000274965,ENST00000611448,CHR_HSCHR15_4_CTG8,4929,3.692758818154724,True,True,TRPM1 [ENST00000611448],Human,data/coding_sequences/ENST00000611448_CDS.fasta,data/coding_sequences/ENST00000611448_REJ.N.fasta,data/coding_sequences/ENST00000611448_REJ.C.fasta
74933,TRPM1,transient receptor potential cation channel subfamily M member 1,ENSG00000134160,ENST00000558768,15,4581,3.6609602917760835,True,True,TRPM1 [ENST00000558768],Human,data/coding_sequences/ENST00000558768_CDS.fasta,data/coding_sequences/ENST00000558768_REJ.N.fasta,data/coding_sequences/ENST00000558768_REJ.C.fasta
92787,TRPM1,transient receptor potential cation channel subfamily M member 1,ENSG00000274965,ENST00000615583,CHR_HSCHR15_4_CTG8,4878,3.688241795977712,True,True,TRPM1 [ENST00000615583],Human,data/coding_sequences/ENST00000615583_CDS.fasta,data/coding_sequences/ENST00000615583_REJ.N.fasta,data/coding_sequences/ENST00000615583_REJ.C.fasta
28375,TRPM2,transient receptor potential cation channel subfamily M member 2,ENSG00000142185,ENST00000397932,21,4662,3.668572269184558,False,True,TRPM2 [ENST00000397932],Human,data/coding_sequences/ENST00000397932_CDS.fasta,data/coding_sequences/ENST00000397932_REJ.N.fasta,data/coding_sequences/ENST00000397932_REJ.C.fasta
29474,TRPM2,transient receptor potential cation channel subfamily M member 2,ENSG00000142185,ENST00000397928,21,4512,3.654369090975286,False,True,TRPM2 [ENST00000397928],Human,data/coding_sequences/ENST00000397928_CDS.fasta,data/coding_sequences/ENST00000397928_REJ.N.fasta,data/coding_sequences/ENST00000397928_REJ.C.fasta
7196,TRPM2,transient receptor potential cation channel subfamily M member 2,ENSG00000142185,ENST00000300482,21,4512,3.654369090975286,False,True,TRPM2 [ENST00000300482],Human,data/coding_sequences/ENST00000300482_CDS.fasta,data/coding_sequences/ENST00000300482_REJ.N.fasta,data/coding_sequences/ENST00000300482_REJ.C.fasta
29201,TRPM3,transient receptor potential cation channel subfamily M member 3,ENSG00000083067,ENST00000396280,9,4671,3.669409867287783,True,True,TRPM3 [ENST00000396280],Human,data/coding_sequences/ENST00000396280_CDS.fasta,data/coding_sequences/ENST00000396280_REJ.N.fasta,data/coding_sequences/ENST00000396280_REJ.C.fasta
25126,TRPM3,transient receptor potential cation channel subfamily M member 3,ENSG00000083067,ENST00000377110,9,5124,3.7096091210726487,True,True,TRPM3 [ENST00000377110],Human,data/coding_sequences/ENST00000377110_CDS.fasta,data/coding_sequences/ENST00000377110_REJ.N.fasta,data/coding_sequences/ENST00000377110_REJ.C.fasta
15324,TRPM3,transient receptor potential cation channel subfamily M member 3,ENSG00000083067,ENST00000360823,9,4710,3.673020907128896,True,True,TRPM3 [ENST00000360823],Human,data/coding_sequences/ENST00000360823_CDS.fasta,data/coding_sequences/ENST00000360823_REJ.N.fasta,data/coding_sequences/ENST00000360823_REJ.C.fasta
16596,TRPM3,transient receptor potential cation channel subfamily M member 3,ENSG00000083067,ENST00000358082,9,4710,3.673020907128896,True,True,TRPM3 [ENST00000358082],Human,data/coding_sequences/ENST00000358082_CDS.fasta,data/coding_sequences/ENST00000358082_REJ.N.fasta,data/coding_sequences/ENST00000358082_REJ.C.fasta
27932,TRPM3,transient receptor potential cation channel subfamily M member 3,ENSG00000083067,ENST00000396285,9,4701,3.6721902511882525,True,True,TRPM3 [ENST00000396285],Human,data/coding_sequences/ENST00000396285_CDS.fasta,data/coding_sequences/ENST00000396285_REJ.N.fasta,data/coding_sequences/ENST00000396285_REJ.C.fasta
26109,TRPM3,transient receptor potential cation channel subfamily M member 3,ENSG00000083067,ENST00000377105,9,4701,3.6721902511882525,True,True,TRPM3 [ENST00000377105],Human,data/coding_sequences/ENST00000377105_CDS.fasta,data/coding_sequences/ENST00000377105_REJ.N.fasta,data/coding_sequences/ENST00000377105_REJ.C.fasta
29940,TRPM3,transient receptor potential cation channel subfamily M member 3,ENSG00000083067,ENST00000396292,9,4740,3.6757783416740852,True,True,TRPM3 [ENST00000396292],Human,data/coding_sequences/ENST00000396292_CDS.fasta,data/coding_sequences/ENST00000396292_REJ.N.fasta,data/coding_sequences/ENST00000396292_REJ.C.fasta
29605,TRPM3,transient receptor potential cation channel subfamily M member 3,ENSG00000083067,ENST00000408909,9,4701,3.6721902511882525,True,True,TRPM3 [ENST00000408909],Human,data/coding_sequences/ENST00000408909_CDS.fasta,data/coding_sequences/ENST00000408909_REJ.N.fasta,data/coding_sequences/ENST00000408909_REJ.C.fasta
15710,TRPM3,transient receptor potential cation channel subfamily M member 3,ENSG00000083067,ENST00000357533,9,5136,3.710625015060797,True,True,TRPM3 [ENST00000357533],Human,data/coding_sequences/ENST00000357533_CDS.fasta,data/coding_sequences/ENST00000357533_REJ.N.fasta,data/coding_sequences/ENST00000357533_REJ.C.fasta
109550,TRPM3,transient receptor potential cation channel subfamily M member 3,ENSG00000083067,ENST00000677713,9,5160,3.7126497016272113,True,True,TRPM3 [ENST00000677713],Human,data/coding_sequences/ENST00000677713_CDS.fasta,data/coding_sequences/ENST00000677713_REJ.N.fasta,data/coding_sequences/ENST00000677713_REJ.C.fasta
16494,TRPM6,transient receptor potential cation channel subfamily M member 6,ENSG00000119121,ENST00000361255,9,6054,3.782042416620554,True,True,TRPM6 [ENST00000361255],Human,data/coding_sequences/ENST00000361255_CDS.fasta,data/coding_sequences/ENST00000361255_REJ.N.fasta,data/coding_sequences/ENST00000361255_REJ.C.fasta
17274,TRPM6,transient receptor potential cation channel subfamily M member 6,ENSG00000119121,ENST00000360774,9,6069,3.7831171374904673,True,True,TRPM6 [ENST00000360774],Human,data/coding_sequences/ENST00000360774_CDS.fasta,data/coding_sequences/ENST00000360774_REJ.N.fasta,data/coding_sequences/ENST00000360774_REJ.C.fasta
46437,TRPM6,transient receptor potential cation channel subfamily M member 6,ENSG00000119121,ENST00000449912,9,6054,3.782042416620554,True,True,TRPM6 [ENST00000449912],Human,data/coding_sequences/ENST00000449912_CDS.fasta,data/coding_sequences/ENST00000449912_REJ.N.fasta,data/coding_sequences/ENST00000449912_REJ.C.fasta
77669,TRPM7,transient receptor potential cation channel subfamily M member 7,ENSG00000092439,ENST00000560955,15,5595,3.7478000908643687,False,True,TRPM7 [ENST00000560955],Human,data/coding_sequences/ENST00000560955_CDS.fasta,data/coding_sequences/ENST00000560955_REJ.N.fasta,data/coding_sequences/ENST00000560955_REJ.C.fasta
102413,TRPM7,transient receptor potential cation channel subfamily M member 7,ENSG00000092439,ENST00000646667,15,5598,3.7480328941301435,False,True,TRPM7 [ENST00000646667],Human,data/coding_sequences/ENST00000646667_CDS.fasta,data/coding_sequences/ENST00000646667_REJ.N.fasta,data/coding_sequences/ENST00000646667_REJ.C.fasta
120829,TRRAP,transformation/transcription domain associated protein,ENSG00000196367,ENST00000704588,7,5814,3.764475027434409,True,True,TRRAP [ENST00000704588],Human,data/coding_sequences/ENST00000704588_CDS.fasta,data/coding_sequences/ENST00000704588_REJ.N.fasta,data/coding_sequences/ENST00000704588_REJ.C.fasta
121593,TRRAP,transformation/transcription domain associated protein,ENSG00000196367,ENST00000704587,7,5544,3.7438232216037504,True,True,TRRAP [ENST00000704587],Human,data/coding_sequences/ENST00000704587_CDS.fasta,data/coding_sequences/ENST00000704587_REJ.N.fasta,data/coding_sequences/ENST00000704587_REJ.C.fasta
102133,TSC2,TSC complex subunit 2,ENSG00000103197,ENST00000644335,16,5220,3.717670503002262,True,True,TSC2 [ENST00000644335],Human,data/coding_sequences/ENST00000644335_CDS.fasta,data/coding_sequences/ENST00000644335_REJ.N.fasta,data/coding_sequences/ENST00000644335_REJ.C.fasta
26886,TSC2,TSC complex subunit 2,ENSG00000103197,ENST00000401874,16,5223,3.7179200258369938,True,True,TSC2 [ENST00000401874],Human,data/coding_sequences/ENST00000401874_CDS.fasta,data/coding_sequences/ENST00000401874_REJ.N.fasta,data/coding_sequences/ENST00000401874_REJ.C.fasta
99895,TSC2,TSC complex subunit 2,ENSG00000103197,ENST00000642797,16,5226,3.718169405391307,True,True,TSC2 [ENST00000642797],Human,data/coding_sequences/ENST00000642797_CDS.fasta,data/coding_sequences/ENST00000642797_REJ.N.fasta,data/coding_sequences/ENST00000642797_REJ.C.fasta
102192,TSC2,TSC complex subunit 2,ENSG00000103197,ENST00000643088,16,5217,3.717420836722375,True,True,TSC2 [ENST00000643088],Human,data/coding_sequences/ENST00000643088_CDS.fasta,data/coding_sequences/ENST00000643088_REJ.N.fasta,data/coding_sequences/ENST00000643088_REJ.C.fasta
40382,TSC2,TSC complex subunit 2,ENSG00000103197,ENST00000439673,16,5115,3.708845638048179,True,True,TSC2 [ENST00000439673],Human,data/coding_sequences/ENST00000439673_CDS.fasta,data/coding_sequences/ENST00000439673_REJ.N.fasta,data/coding_sequences/ENST00000439673_REJ.C.fasta
798,TSC2,TSC complex subunit 2,ENSG00000103197,ENST00000219476,16,5424,3.734319680859007,True,True,TSC2 [ENST00000219476],Human,data/coding_sequences/ENST00000219476_CDS.fasta,data/coding_sequences/ENST00000219476_REJ.N.fasta,data/coding_sequences/ENST00000219476_REJ.C.fasta
103301,TSC2,TSC complex subunit 2,ENSG00000103197,ENST00000642936,16,5292,3.7236198355154633,True,True,TSC2 [ENST00000642936],Human,data/coding_sequences/ENST00000642936_CDS.fasta,data/coding_sequences/ENST00000642936_REJ.N.fasta,data/coding_sequences/ENST00000642936_REJ.C.fasta
80730,TSC2,TSC complex subunit 2,ENSG00000103197,ENST00000568454,16,5256,3.7206553565517244,True,True,TSC2 [ENST00000568454],Human,data/coding_sequences/ENST00000568454_CDS.fasta,data/coding_sequences/ENST00000568454_REJ.N.fasta,data/coding_sequences/ENST00000568454_REJ.C.fasta
103334,TSC2,TSC complex subunit 2,ENSG00000103197,ENST00000644399,16,5346,3.7280289544205183,True,True,TSC2 [ENST00000644399],Human,data/coding_sequences/ENST00000644399_CDS.fasta,data/coding_sequences/ENST00000644399_REJ.N.fasta,data/coding_sequences/ENST00000644399_REJ.C.fasta
103162,TSC2,TSC complex subunit 2,ENSG00000103197,ENST00000643946,16,5349,3.728272597895017,True,True,TSC2 [ENST00000643946],Human,data/coding_sequences/ENST00000643946_CDS.fasta,data/coding_sequences/ENST00000643946_REJ.N.fasta,data/coding_sequences/ENST00000643946_REJ.C.fasta
24949,TSC2,TSC complex subunit 2,ENSG00000103197,ENST00000382538,16,5079,3.705778212828598,True,True,TSC2 [ENST00000382538],Human,data/coding_sequences/ENST00000382538_CDS.fasta,data/coding_sequences/ENST00000382538_REJ.N.fasta,data/coding_sequences/ENST00000382538_REJ.C.fasta
104268,TSC2,TSC complex subunit 2,ENSG00000103197,ENST00000644329,16,5310,3.725094521081469,True,True,TSC2 [ENST00000644329],Human,data/coding_sequences/ENST00000644329_CDS.fasta,data/coding_sequences/ENST00000644329_REJ.N.fasta,data/coding_sequences/ENST00000644329_REJ.C.fasta
101912,TSC2,TSC complex subunit 2,ENSG00000103197,ENST00000646388,16,5418,3.7338390006971496,True,True,TSC2 [ENST00000646388],Human,data/coding_sequences/ENST00000646388_CDS.fasta,data/coding_sequences/ENST00000646388_REJ.N.fasta,data/coding_sequences/ENST00000646388_REJ.C.fasta
103348,TSC2,TSC complex subunit 2,ENSG00000103197,ENST00000644043,16,5295,3.7238659644435037,True,True,TSC2 [ENST00000644043],Human,data/coding_sequences/ENST00000644043_CDS.fasta,data/coding_sequences/ENST00000644043_REJ.N.fasta,data/coding_sequences/ENST00000644043_REJ.C.fasta
99366,TSC2,TSC complex subunit 2,ENSG00000103197,ENST00000642561,16,5283,3.722880610686939,True,True,TSC2 [ENST00000642561],Human,data/coding_sequences/ENST00000642561_CDS.fasta,data/coding_sequences/ENST00000642561_REJ.N.fasta,data/coding_sequences/ENST00000642561_REJ.C.fasta
16873,TSC2,TSC complex subunit 2,ENSG00000103197,ENST00000350773,16,5355,3.7287594751678745,True,True,TSC2 [ENST00000350773],Human,data/coding_sequences/ENST00000350773_CDS.fasta,data/coding_sequences/ENST00000350773_REJ.N.fasta,data/coding_sequences/ENST00000350773_REJ.C.fasta
13591,TSPOAP1,TSPO associated protein 1,ENSG00000005379,ENST00000343736,17,5574,3.7461669643772852,False,True,TSPOAP1 [ENST00000343736],Human,data/coding_sequences/ENST00000343736_CDS.fasta,data/coding_sequences/ENST00000343736_REJ.N.fasta,data/coding_sequences/ENST00000343736_REJ.C.fasta
2735,TSPOAP1,TSPO associated protein 1,ENSG00000005379,ENST00000268893,17,5394,3.7319109421168726,False,True,TSPOAP1 [ENST00000268893],Human,data/coding_sequences/ENST00000268893_CDS.fasta,data/coding_sequences/ENST00000268893_REJ.N.fasta,data/coding_sequences/ENST00000268893_REJ.C.fasta
91986,TTC28,tetratricopeptide repeat domain 28,ENSG00000100154,ENST00000612946,22,7065,3.8491121661845775,False,True,TTC28 [ENST00000612946],Human,data/coding_sequences/ENST00000612946_CDS.fasta,data/coding_sequences/ENST00000612946_REJ.N.fasta,data/coding_sequences/ENST00000612946_REJ.C.fasta
27676,TTC28,tetratricopeptide repeat domain 28,ENSG00000100154,ENST00000397906,22,7446,3.8719230318823734,False,True,TTC28 [ENST00000397906],Human,data/coding_sequences/ENST00000397906_CDS.fasta,data/coding_sequences/ENST00000397906_REJ.N.fasta,data/coding_sequences/ENST00000397906_REJ.C.fasta
16521,TTC3,tetratricopeptide repeat domain 3,ENSG00000182670,ENST00000354749,21,6078,3.7837606957439243,False,True,TTC3 [ENST00000354749],Human,data/coding_sequences/ENST00000354749_CDS.fasta,data/coding_sequences/ENST00000354749_REJ.N.fasta,data/coding_sequences/ENST00000354749_REJ.C.fasta
54715,TTC3,tetratricopeptide repeat domain 3,ENSG00000182670,ENST00000492275,21,5148,3.711638538232349,False,True,TTC3 [ENST00000492275],Human,data/coding_sequences/ENST00000492275_CDS.fasta,data/coding_sequences/ENST00000492275_REJ.N.fasta,data/coding_sequences/ENST00000492275_REJ.C.fasta
48137,TTC3,tetratricopeptide repeat domain 3,ENSG00000182670,ENST00000450533,21,6078,3.7837606957439243,False,True,TTC3 [ENST00000450533],Human,data/coding_sequences/ENST00000450533_CDS.fasta,data/coding_sequences/ENST00000450533_REJ.N.fasta,data/coding_sequences/ENST00000450533_REJ.C.fasta
30323,TTC3,tetratricopeptide repeat domain 3,ENSG00000182670,ENST00000399017,21,6078,3.7837606957439243,False,True,TTC3 [ENST00000399017],Human,data/coding_sequences/ENST00000399017_CDS.fasta,data/coding_sequences/ENST00000399017_REJ.N.fasta,data/coding_sequences/ENST00000399017_REJ.C.fasta
33317,TTC3,tetratricopeptide repeat domain 3,ENSG00000182670,ENST00000411496,21,6132,3.7876021461823375,False,True,TTC3 [ENST00000411496],Human,data/coding_sequences/ENST00000411496_CDS.fasta,data/coding_sequences/ENST00000411496_REJ.N.fasta,data/coding_sequences/ENST00000411496_REJ.C.fasta
49549,TTC3,tetratricopeptide repeat domain 3,ENSG00000182670,ENST00000463216,21,5148,3.711638538232349,False,True,TTC3 [ENST00000463216],Human,data/coding_sequences/ENST00000463216_CDS.fasta,data/coding_sequences/ENST00000463216_REJ.N.fasta,data/coding_sequences/ENST00000463216_REJ.C.fasta
117909,TTC3,tetratricopeptide repeat domain 3,ENSG00000182670,ENST00000696811,21,6132,3.7876021461823375,False,True,TTC3 [ENST00000696811],Human,data/coding_sequences/ENST00000696811_CDS.fasta,data/coding_sequences/ENST00000696811_REJ.N.fasta,data/coding_sequences/ENST00000696811_REJ.C.fasta
33636,TTC3,tetratricopeptide repeat domain 3,ENSG00000182670,ENST00000418766,21,6078,3.7837606957439243,False,True,TTC3 [ENST00000418766],Human,data/coding_sequences/ENST00000418766_CDS.fasta,data/coding_sequences/ENST00000418766_REJ.N.fasta,data/coding_sequences/ENST00000418766_REJ.C.fasta
70687,TTC6,tetratricopeptide repeat domain 6,ENSG00000139865,ENST00000553443,14,5661,3.752893154884594,False,True,TTC6 [ENST00000553443],Human,data/coding_sequences/ENST00000553443_CDS.fasta,data/coding_sequences/ENST00000553443_REJ.N.fasta,data/coding_sequences/ENST00000553443_REJ.C.fasta
1908,TUBGCP6,tubulin gamma complex associated protein 6,ENSG00000128159,ENST00000248846,22,5460,3.7371926427047373,True,True,TUBGCP6 [ENST00000248846],Human,data/coding_sequences/ENST00000248846_CDS.fasta,data/coding_sequences/ENST00000248846_REJ.N.fasta,data/coding_sequences/ENST00000248846_REJ.C.fasta
17384,TULP4,TUB like protein 4,ENSG00000130338,ENST00000367097,6,4632,3.66576855071938,False,True,TULP4 [ENST00000367097],Human,data/coding_sequences/ENST00000367097_CDS.fasta,data/coding_sequences/ENST00000367097_REJ.N.fasta,data/coding_sequences/ENST00000367097_REJ.C.fasta
22284,TUT4,terminal uridylyl transferase 4,ENSG00000134744,ENST00000371544,1,4935,3.6932871570056554,False,True,TUT4 [ENST00000371544],Human,data/coding_sequences/ENST00000371544_CDS.fasta,data/coding_sequences/ENST00000371544_REJ.N.fasta,data/coding_sequences/ENST00000371544_REJ.C.fasta
3146,TUT4,terminal uridylyl transferase 4,ENSG00000134744,ENST00000257177,1,4938,3.6935510855959133,False,True,TUT4 [ENST00000257177],Human,data/coding_sequences/ENST00000257177_CDS.fasta,data/coding_sequences/ENST00000257177_REJ.N.fasta,data/coding_sequences/ENST00000257177_REJ.C.fasta
5134,UBR1,ubiquitin protein ligase E3 component n-recognin 1,ENSG00000159459,ENST00000290650,15,5250,3.720159303405957,True,True,UBR1 [ENST00000290650],Human,data/coding_sequences/ENST00000290650_CDS.fasta,data/coding_sequences/ENST00000290650_REJ.N.fasta,data/coding_sequences/ENST00000290650_REJ.C.fasta
18867,UBR2,ubiquitin protein ligase E3 component n-recognin 2,ENSG00000024048,ENST00000372899,6,5268,3.7216457662897464,False,True,UBR2 [ENST00000372899],Human,data/coding_sequences/ENST00000372899_CDS.fasta,data/coding_sequences/ENST00000372899_REJ.N.fasta,data/coding_sequences/ENST00000372899_REJ.C.fasta
21499,UBR2,ubiquitin protein ligase E3 component n-recognin 2,ENSG00000024048,ENST00000372901,6,5268,3.7216457662897464,False,True,UBR2 [ENST00000372901],Human,data/coding_sequences/ENST00000372901_CDS.fasta,data/coding_sequences/ENST00000372901_REJ.N.fasta,data/coding_sequences/ENST00000372901_REJ.C.fasta
7990,UBR3,ubiquitin protein ligase E3 component n-recognin 3,ENSG00000144357,ENST00000272793,2,5667,3.753353212641496,False,True,UBR3 [ENST00000272793],Human,data/coding_sequences/ENST00000272793_CDS.fasta,data/coding_sequences/ENST00000272793_REJ.N.fasta,data/coding_sequences/ENST00000272793_REJ.C.fasta
33033,UBR4,ubiquitin protein ligase E3 component n-recognin 4,ENSG00000127481,ENST00000417040,1,6175,3.7906369619317033,False,True,UBR4 [ENST00000417040],Human,data/coding_sequences/ENST00000417040_CDS.fasta,data/coding_sequences/ENST00000417040_REJ.N.fasta,data/coding_sequences/ENST00000417040_REJ.C.fasta
4189,UGGT1,UDP-glucose glycoprotein glucosyltransferase 1,ENSG00000136731,ENST00000259253,2,4668,3.6691308473733324,False,True,UGGT1 [ENST00000259253],Human,data/coding_sequences/ENST00000259253_CDS.fasta,data/coding_sequences/ENST00000259253_REJ.N.fasta,data/coding_sequences/ENST00000259253_REJ.C.fasta
19194,UGGT2,UDP-glucose glycoprotein glucosyltransferase 2,ENSG00000102595,ENST00000376747,13,4551,3.658106835506393,False,True,UGGT2 [ENST00000376747],Human,data/coding_sequences/ENST00000376747_CDS.fasta,data/coding_sequences/ENST00000376747_REJ.N.fasta,data/coding_sequences/ENST00000376747_REJ.C.fasta
73942,UNC13A,unc-13 homolog A,ENSG00000130477,ENST00000550896,19,5031,3.7016543173257483,False,True,UNC13A [ENST00000550896],Human,data/coding_sequences/ENST00000550896_CDS.fasta,data/coding_sequences/ENST00000550896_REJ.N.fasta,data/coding_sequences/ENST00000550896_REJ.C.fasta
72056,UNC13A,unc-13 homolog A,ENSG00000130477,ENST00000551649,19,5169,3.713406532167691,False,True,UNC13A [ENST00000551649],Human,data/coding_sequences/ENST00000551649_CDS.fasta,data/coding_sequences/ENST00000551649_REJ.N.fasta,data/coding_sequences/ENST00000551649_REJ.C.fasta
74262,UNC13A,unc-13 homolog A,ENSG00000130477,ENST00000552293,19,5094,3.707058940627596,False,True,UNC13A [ENST00000552293],Human,data/coding_sequences/ENST00000552293_CDS.fasta,data/coding_sequences/ENST00000552293_REJ.N.fasta,data/coding_sequences/ENST00000552293_REJ.C.fasta
59953,UNC13A,unc-13 homolog A,ENSG00000130477,ENST00000519716,19,5112,3.7085908451503435,False,True,UNC13A [ENST00000519716],Human,data/coding_sequences/ENST00000519716_CDS.fasta,data/coding_sequences/ENST00000519716_REJ.N.fasta,data/coding_sequences/ENST00000519716_REJ.C.fasta
98705,UNC13B,unc-13 homolog B,ENSG00000198722,ENST00000636694,9,5973,3.776192514747072,False,True,UNC13B [ENST00000636694],Human,data/coding_sequences/ENST00000636694_CDS.fasta,data/coding_sequences/ENST00000636694_REJ.N.fasta,data/coding_sequences/ENST00000636694_REJ.C.fasta
29134,UNC13B,unc-13 homolog B,ENSG00000198722,ENST00000396787,9,4869,3.6874397745458944,False,True,UNC13B [ENST00000396787],Human,data/coding_sequences/ENST00000396787_CDS.fasta,data/coding_sequences/ENST00000396787_REJ.N.fasta,data/coding_sequences/ENST00000396787_REJ.C.fasta
94088,UNC13B,unc-13 homolog B,ENSG00000198722,ENST00000619578,9,4833,3.6842167951388807,False,True,UNC13B [ENST00000619578],Human,data/coding_sequences/ENST00000619578_CDS.fasta,data/coding_sequences/ENST00000619578_REJ.N.fasta,data/coding_sequences/ENST00000619578_REJ.C.fasta
24271,UNC13B,unc-13 homolog B,ENSG00000198722,ENST00000378495,9,4776,3.6790643181213127,False,True,UNC13B [ENST00000378495],Human,data/coding_sequences/ENST00000378495_CDS.fasta,data/coding_sequences/ENST00000378495_REJ.N.fasta,data/coding_sequences/ENST00000378495_REJ.C.fasta
103702,UNC13C,unc-13 homolog C,ENSG00000137766,ENST00000647821,15,6639,3.82210266864692,False,True,UNC13C [ENST00000647821],Human,data/coding_sequences/ENST00000647821_CDS.fasta,data/coding_sequences/ENST00000647821_REJ.N.fasta,data/coding_sequences/ENST00000647821_REJ.C.fasta
2845,UNC13C,unc-13 homolog C,ENSG00000137766,ENST00000260323,15,6645,3.822494985278751,False,True,UNC13C [ENST00000260323],Human,data/coding_sequences/ENST00000260323_CDS.fasta,data/coding_sequences/ENST00000260323_REJ.N.fasta,data/coding_sequences/ENST00000260323_REJ.C.fasta
96278,UNC79,"unc-79 homolog, NALCN channel complex subunit",ENSG00000276416,ENST00000627404,CHR_HSCHR14_7_CTG1,7908,3.8980666606416348,False,True,UNC79 [ENST00000627404],Human,data/coding_sequences/ENST00000627404_CDS.fasta,data/coding_sequences/ENST00000627404_REJ.N.fasta,data/coding_sequences/ENST00000627404_REJ.C.fasta
95777,UNC79,"unc-79 homolog, NALCN channel complex subunit",ENSG00000276416,ENST00000629588,CHR_HSCHR14_7_CTG1,7974,3.9016762313263755,False,True,UNC79 [ENST00000629588],Human,data/coding_sequences/ENST00000629588_CDS.fasta,data/coding_sequences/ENST00000629588_REJ.N.fasta,data/coding_sequences/ENST00000629588_REJ.C.fasta
4300,UNC79,"unc-79 homolog, NALCN channel complex subunit",ENSG00000133958,ENST00000256339,14,7377,3.86787978345838,False,True,UNC79 [ENST00000256339],Human,data/coding_sequences/ENST00000256339_CDS.fasta,data/coding_sequences/ENST00000256339_REJ.N.fasta,data/coding_sequences/ENST00000256339_REJ.C.fasta
23102,UNC79,"unc-79 homolog, NALCN channel complex subunit",ENSG00000133958,ENST00000393151,14,7908,3.8980666606416348,False,True,UNC79 [ENST00000393151],Human,data/coding_sequences/ENST00000393151_CDS.fasta,data/coding_sequences/ENST00000393151_REJ.N.fasta,data/coding_sequences/ENST00000393151_REJ.C.fasta
72118,UNC79,"unc-79 homolog, NALCN channel complex subunit",ENSG00000133958,ENST00000553484,14,7974,3.9016762313263755,False,True,UNC79 [ENST00000553484],Human,data/coding_sequences/ENST00000553484_CDS.fasta,data/coding_sequences/ENST00000553484_REJ.N.fasta,data/coding_sequences/ENST00000553484_REJ.C.fasta
96684,UNC79,"unc-79 homolog, NALCN channel complex subunit",ENSG00000276416,ENST00000629205,CHR_HSCHR14_7_CTG1,7791,3.891593204348965,False,True,UNC79 [ENST00000629205],Human,data/coding_sequences/ENST00000629205_CDS.fasta,data/coding_sequences/ENST00000629205_REJ.N.fasta,data/coding_sequences/ENST00000629205_REJ.C.fasta
77152,UNC79,"unc-79 homolog, NALCN channel complex subunit",ENSG00000133958,ENST00000555664,14,7791,3.891593204348965,False,True,UNC79 [ENST00000555664],Human,data/coding_sequences/ENST00000555664_CDS.fasta,data/coding_sequences/ENST00000555664_REJ.N.fasta,data/coding_sequences/ENST00000555664_REJ.C.fasta
96406,UNC79,"unc-79 homolog, NALCN channel complex subunit",ENSG00000276416,ENST00000627695,CHR_HSCHR14_7_CTG1,7377,3.86787978345838,False,True,UNC79 [ENST00000627695],Human,data/coding_sequences/ENST00000627695_CDS.fasta,data/coding_sequences/ENST00000627695_REJ.N.fasta,data/coding_sequences/ENST00000627695_REJ.C.fasta
91112,UNC79,"unc-79 homolog, NALCN channel complex subunit",ENSG00000276416,ENST00000615108,CHR_HSCHR14_7_CTG1,7377,3.86787978345838,False,True,UNC79 [ENST00000615108],Human,data/coding_sequences/ENST00000615108_CDS.fasta,data/coding_sequences/ENST00000615108_REJ.N.fasta,data/coding_sequences/ENST00000615108_REJ.C.fasta
94080,UNC79,"unc-79 homolog, NALCN channel complex subunit",ENSG00000133958,ENST00000621021,14,7377,3.86787978345838,False,True,UNC79 [ENST00000621021],Human,data/coding_sequences/ENST00000621021_CDS.fasta,data/coding_sequences/ENST00000621021_REJ.N.fasta,data/coding_sequences/ENST00000621021_REJ.C.fasta
22422,URB1,URB1 ribosome biogenesis homolog,ENSG00000142207,ENST00000382751,21,6816,3.833529581758644,False,True,URB1 [ENST00000382751],Human,data/coding_sequences/ENST00000382751_CDS.fasta,data/coding_sequences/ENST00000382751_REJ.N.fasta,data/coding_sequences/ENST00000382751_REJ.C.fasta
3529,URB2,URB2 ribosome biogenesis homolog,ENSG00000135763,ENST00000258243,1,4575,3.6603910984024672,False,True,URB2 [ENST00000258243],Human,data/coding_sequences/ENST00000258243_CDS.fasta,data/coding_sequences/ENST00000258243_REJ.N.fasta,data/coding_sequences/ENST00000258243_REJ.C.fasta
6443,USF3,upstream transcription factor family member 3,ENSG00000176542,ENST00000316407,3,6738,3.8285310066451013,False,True,USF3 [ENST00000316407],Human,data/coding_sequences/ENST00000316407_CDS.fasta,data/coding_sequences/ENST00000316407_REJ.N.fasta,data/coding_sequences/ENST00000316407_REJ.C.fasta
52060,USF3,upstream transcription factor family member 3,ENSG00000176542,ENST00000478658,3,6738,3.8285310066451013,False,True,USF3 [ENST00000478658],Human,data/coding_sequences/ENST00000478658_CDS.fasta,data/coding_sequences/ENST00000478658_REJ.N.fasta,data/coding_sequences/ENST00000478658_REJ.C.fasta
16314,USH2A,usherin,ENSG00000042781,ENST00000366942,1,4641,3.66661156841903,True,True,USH2A [ENST00000366942],Human,data/coding_sequences/ENST00000366942_CDS.fasta,data/coding_sequences/ENST00000366942_REJ.N.fasta,data/coding_sequences/ENST00000366942_REJ.C.fasta
5451,USP24,ubiquitin specific peptidase 24,ENSG00000162402,ENST00000294383,1,7863,3.8955882756662628,False,True,USP24 [ENST00000294383],Human,data/coding_sequences/ENST00000294383_CDS.fasta,data/coding_sequences/ENST00000294383_REJ.N.fasta,data/coding_sequences/ENST00000294383_REJ.C.fasta
54889,USP24,ubiquitin specific peptidase 24,ENSG00000162402,ENST00000484447,1,7857,3.8952567531448947,False,True,USP24 [ENST00000484447],Human,data/coding_sequences/ENST00000484447_CDS.fasta,data/coding_sequences/ENST00000484447_REJ.N.fasta,data/coding_sequences/ENST00000484447_REJ.C.fasta
7223,USP32,ubiquitin specific peptidase 32,ENSG00000170832,ENST00000300896,17,4815,3.6825962914605532,False,True,USP32 [ENST00000300896],Human,data/coding_sequences/ENST00000300896_CDS.fasta,data/coding_sequences/ENST00000300896_REJ.N.fasta,data/coding_sequences/ENST00000300896_REJ.C.fasta
10331,USP54,ubiquitin specific peptidase 54,ENSG00000166348,ENST00000339859,10,5055,3.70372115992702,False,True,USP54 [ENST00000339859],Human,data/coding_sequences/ENST00000339859_CDS.fasta,data/coding_sequences/ENST00000339859_REJ.N.fasta,data/coding_sequences/ENST00000339859_REJ.C.fasta
115830,USP54,ubiquitin specific peptidase 54,ENSG00000166348,ENST00000689425,10,4935,3.6932871570056554,False,True,USP54 [ENST00000689425],Human,data/coding_sequences/ENST00000689425_CDS.fasta,data/coding_sequences/ENST00000689425_REJ.N.fasta,data/coding_sequences/ENST00000689425_REJ.C.fasta
115143,USP54,ubiquitin specific peptidase 54,ENSG00000166348,ENST00000687698,10,5055,3.70372115992702,False,True,USP54 [ENST00000687698],Human,data/coding_sequences/ENST00000687698_CDS.fasta,data/coding_sequences/ENST00000687698_REJ.N.fasta,data/coding_sequences/ENST00000687698_REJ.C.fasta
113425,USP54,ubiquitin specific peptidase 54,ENSG00000166348,ENST00000681793,10,4914,3.691435152144062,False,True,USP54 [ENST00000681793],Human,data/coding_sequences/ENST00000681793_CDS.fasta,data/coding_sequences/ENST00000681793_REJ.N.fasta,data/coding_sequences/ENST00000681793_REJ.C.fasta
26295,USP9X,ubiquitin specific peptidase 9 X-linked,ENSG00000124486,ENST00000378308,X,7665,3.884512159190394,True,True,USP9X [ENST00000378308],Human,data/coding_sequences/ENST00000378308_CDS.fasta,data/coding_sequences/ENST00000378308_REJ.N.fasta,data/coding_sequences/ENST00000378308_REJ.C.fasta
120697,USP9X,ubiquitin specific peptidase 9 X-linked,ENSG00000124486,ENST00000704651,X,7512,3.8757555792580547,True,True,USP9X [ENST00000704651],Human,data/coding_sequences/ENST00000704651_CDS.fasta,data/coding_sequences/ENST00000704651_REJ.N.fasta,data/coding_sequences/ENST00000704651_REJ.C.fasta
120836,USP9X,ubiquitin specific peptidase 9 X-linked,ENSG00000124486,ENST00000703987,X,7728,3.8880671134074367,True,True,USP9X [ENST00000703987],Human,data/coding_sequences/ENST00000703987_CDS.fasta,data/coding_sequences/ENST00000703987_REJ.N.fasta,data/coding_sequences/ENST00000703987_REJ.C.fasta
9458,USP9X,ubiquitin specific peptidase 9 X-linked,ENSG00000124486,ENST00000324545,X,7713,3.887223331362523,True,True,USP9X [ENST00000324545],Human,data/coding_sequences/ENST00000324545_CDS.fasta,data/coding_sequences/ENST00000324545_REJ.N.fasta,data/coding_sequences/ENST00000324545_REJ.C.fasta
121437,USP9X,ubiquitin specific peptidase 9 X-linked,ENSG00000124486,ENST00000704654,X,4545,3.657533887557986,True,True,USP9X [ENST00000704654],Human,data/coding_sequences/ENST00000704654_CDS.fasta,data/coding_sequences/ENST00000704654_REJ.N.fasta,data/coding_sequences/ENST00000704654_REJ.C.fasta
120612,USP9X,ubiquitin specific peptidase 9 X-linked,ENSG00000124486,ENST00000704650,X,7665,3.884512159190394,True,True,USP9X [ENST00000704650],Human,data/coding_sequences/ENST00000704650_CDS.fasta,data/coding_sequences/ENST00000704650_REJ.N.fasta,data/coding_sequences/ENST00000704650_REJ.C.fasta
121499,USP9X,ubiquitin specific peptidase 9 X-linked,ENSG00000124486,ENST00000703986,X,7680,3.885361220031512,True,True,USP9X [ENST00000703986],Human,data/coding_sequences/ENST00000703986_CDS.fasta,data/coding_sequences/ENST00000703986_REJ.N.fasta,data/coding_sequences/ENST00000703986_REJ.C.fasta
10811,USP9Y,ubiquitin specific peptidase 9 Y-linked,ENSG00000114374,ENST00000338981,Y,7668,3.884682104206025,True,True,USP9Y [ENST00000338981],Human,data/coding_sequences/ENST00000338981_CDS.fasta,data/coding_sequences/ENST00000338981_REJ.N.fasta,data/coding_sequences/ENST00000338981_REJ.C.fasta
106255,USP9Y,ubiquitin specific peptidase 9 Y-linked,ENSG00000114374,ENST00000651177,Y,7668,3.884682104206025,True,True,USP9Y [ENST00000651177],Human,data/coding_sequences/ENST00000651177_CDS.fasta,data/coding_sequences/ENST00000651177_REJ.N.fasta,data/coding_sequences/ENST00000651177_REJ.C.fasta
13759,VCAN,versican,ENSG00000038427,ENST00000342785,5,4929,3.692758818154724,True,True,VCAN [ENST00000342785],Human,data/coding_sequences/ENST00000342785_CDS.fasta,data/coding_sequences/ENST00000342785_REJ.N.fasta,data/coding_sequences/ENST00000342785_REJ.C.fasta
59990,VCAN,versican,ENSG00000038427,ENST00000512590,5,4785,3.6798819421128623,True,True,VCAN [ENST00000512590],Human,data/coding_sequences/ENST00000512590_CDS.fasta,data/coding_sequences/ENST00000512590_REJ.N.fasta,data/coding_sequences/ENST00000512590_REJ.C.fasta
10958,VCAN,versican,ENSG00000038427,ENST00000343200,5,7230,3.859138297294531,True,True,VCAN [ENST00000343200],Human,data/coding_sequences/ENST00000343200_CDS.fasta,data/coding_sequences/ENST00000343200_REJ.N.fasta,data/coding_sequences/ENST00000343200_REJ.C.fasta
4654,VIRMA,vir like m6A methyltransferase associated,ENSG00000164944,ENST00000297591,8,5439,3.735519058815171,False,True,VIRMA [ENST00000297591],Human,data/coding_sequences/ENST00000297591_CDS.fasta,data/coding_sequences/ENST00000297591_REJ.N.fasta,data/coding_sequences/ENST00000297591_REJ.C.fasta
102729,VPS13D,vacuolar protein sorting 13 homolog D,ENSG00000048707,ENST00000646917,1,4671,3.669409867287783,True,True,VPS13D [ENST00000646917],Human,data/coding_sequences/ENST00000646917_CDS.fasta,data/coding_sequences/ENST00000646917_REJ.N.fasta,data/coding_sequences/ENST00000646917_REJ.C.fasta
26271,VWA8,von Willebrand factor A domain containing 8,ENSG00000102763,ENST00000379310,13,5718,3.75724415102197,False,True,VWA8 [ENST00000379310],Human,data/coding_sequences/ENST00000379310_CDS.fasta,data/coding_sequences/ENST00000379310_REJ.N.fasta,data/coding_sequences/ENST00000379310_REJ.C.fasta
8731,VWDE,von Willebrand factor D and EGF domains,ENSG00000146530,ENST00000275358,7,4773,3.678791434366244,False,True,VWDE [ENST00000275358],Human,data/coding_sequences/ENST00000275358_CDS.fasta,data/coding_sequences/ENST00000275358_REJ.N.fasta,data/coding_sequences/ENST00000275358_REJ.C.fasta
29319,WDR62,WD repeat domain 62,ENSG00000075702,ENST00000401500,19,4572,3.660106221723244,True,True,WDR62 [ENST00000401500],Human,data/coding_sequences/ENST00000401500_CDS.fasta,data/coding_sequences/ENST00000401500_REJ.N.fasta,data/coding_sequences/ENST00000401500_REJ.C.fasta
113027,WDR62,WD repeat domain 62,ENSG00000075702,ENST00000679682,19,4557,3.6586790285824486,True,True,WDR62 [ENST00000679682],Human,data/coding_sequences/ENST00000679682_CDS.fasta,data/coding_sequences/ENST00000679682_REJ.N.fasta,data/coding_sequences/ENST00000679682_REJ.C.fasta
6911,WDR62,WD repeat domain 62,ENSG00000075702,ENST00000270301,19,4557,3.6586790285824486,True,True,WDR62 [ENST00000270301],Human,data/coding_sequences/ENST00000270301_CDS.fasta,data/coding_sequences/ENST00000270301_REJ.N.fasta,data/coding_sequences/ENST00000270301_REJ.C.fasta
112922,WDR62,WD repeat domain 62,ENSG00000075702,ENST00000679714,19,4566,3.6595359071542166,True,True,WDR62 [ENST00000679714],Human,data/coding_sequences/ENST00000679714_CDS.fasta,data/coding_sequences/ENST00000679714_REJ.N.fasta,data/coding_sequences/ENST00000679714_REJ.C.fasta
31367,WDR81,WD repeat domain 81,ENSG00000167716,ENST00000409644,17,5826,3.7653704802916486,True,True,WDR81 [ENST00000409644],Human,data/coding_sequences/ENST00000409644_CDS.fasta,data/coding_sequences/ENST00000409644_REJ.N.fasta,data/coding_sequences/ENST00000409644_REJ.C.fasta
97983,WDR81,WD repeat domain 81,ENSG00000276021,ENST00000632244,CHR_HSCHR17_1_CTG2,5823,3.7651467901080253,True,True,WDR81 [ENST00000632244],Human,data/coding_sequences/ENST00000632244_CDS.fasta,data/coding_sequences/ENST00000632244_REJ.N.fasta,data/coding_sequences/ENST00000632244_REJ.C.fasta
72179,WDR90,WD repeat domain 90,ENSG00000161996,ENST00000549091,16,5253,3.7204074008031087,False,True,WDR90 [ENST00000549091],Human,data/coding_sequences/ENST00000549091_CDS.fasta,data/coding_sequences/ENST00000549091_REJ.N.fasta,data/coding_sequences/ENST00000549091_REJ.C.fasta
4866,WDR90,WD repeat domain 90,ENSG00000161996,ENST00000293879,16,5247,3.719911064198339,False,True,WDR90 [ENST00000293879],Human,data/coding_sequences/ENST00000293879_CDS.fasta,data/coding_sequences/ENST00000293879_REJ.N.fasta,data/coding_sequences/ENST00000293879_REJ.C.fasta
9693,WDR97,WD repeat domain 97,ENSG00000179698,ENST00000323662,8,4869,3.6874397745458944,False,True,WDR97 [ENST00000323662],Human,data/coding_sequences/ENST00000323662_CDS.fasta,data/coding_sequences/ENST00000323662_REJ.N.fasta,data/coding_sequences/ENST00000323662_REJ.C.fasta
107108,WIZ,WIZ zinc finger,ENSG00000011451,ENST00000673675,19,5670,3.7535830588929064,False,True,WIZ [ENST00000673675],Human,data/coding_sequences/ENST00000673675_CDS.fasta,data/coding_sequences/ENST00000673675_REJ.N.fasta,data/coding_sequences/ENST00000673675_REJ.C.fasta
103499,WIZ,WIZ zinc finger,ENSG00000011451,ENST00000643092,19,5100,3.7075701760979363,False,True,WIZ [ENST00000643092],Human,data/coding_sequences/ENST00000643092_CDS.fasta,data/coding_sequences/ENST00000643092_REJ.N.fasta,data/coding_sequences/ENST00000643092_REJ.C.fasta
66209,WNK1,WNK lysine deficient protein kinase 1,ENSG00000060237,ENST00000535572,12,6405,3.806519134080705,True,True,WNK1 [ENST00000535572],Human,data/coding_sequences/ENST00000535572_CDS.fasta,data/coding_sequences/ENST00000535572_REJ.N.fasta,data/coding_sequences/ENST00000535572_REJ.C.fasta
110008,WNK1,WNK lysine deficient protein kinase 1,ENSG00000060237,ENST00000676347,12,4596,3.6623800200162475,True,True,WNK1 [ENST00000676347],Human,data/coding_sequences/ENST00000676347_CDS.fasta,data/coding_sequences/ENST00000676347_REJ.N.fasta,data/coding_sequences/ENST00000676347_REJ.C.fasta
109286,WNK1,WNK lysine deficient protein kinase 1,ENSG00000060237,ENST00000675631,12,5928,3.7729081949712717,True,True,WNK1 [ENST00000675631],Human,data/coding_sequences/ENST00000675631_CDS.fasta,data/coding_sequences/ENST00000675631_REJ.N.fasta,data/coding_sequences/ENST00000675631_REJ.C.fasta
66177,WNK1,WNK lysine deficient protein kinase 1,ENSG00000060237,ENST00000537687,12,7929,3.899218417851373,True,True,WNK1 [ENST00000537687],Human,data/coding_sequences/ENST00000537687_CDS.fasta,data/coding_sequences/ENST00000537687_REJ.N.fasta,data/coding_sequences/ENST00000537687_REJ.C.fasta
13240,WNK1,WNK lysine deficient protein kinase 1,ENSG00000060237,ENST00000340908,12,7905,3.8979018742682277,True,True,WNK1 [ENST00000340908],Human,data/coding_sequences/ENST00000340908_CDS.fasta,data/coding_sequences/ENST00000340908_REJ.N.fasta,data/coding_sequences/ENST00000340908_REJ.C.fasta
6464,WNK1,WNK lysine deficient protein kinase 1,ENSG00000060237,ENST00000315939,12,7149,3.8542452970661185,True,True,WNK1 [ENST00000315939],Human,data/coding_sequences/ENST00000315939_CDS.fasta,data/coding_sequences/ENST00000315939_REJ.N.fasta,data/coding_sequences/ENST00000315939_REJ.C.fasta
36350,WNK2,WNK lysine deficient protein kinase 2,ENSG00000165238,ENST00000432730,9,6675,3.824451270036613,False,True,WNK2 [ENST00000432730],Human,data/coding_sequences/ENST00000432730_CDS.fasta,data/coding_sequences/ENST00000432730_REJ.N.fasta,data/coding_sequences/ENST00000432730_REJ.C.fasta
6436,WNK2,WNK lysine deficient protein kinase 2,ENSG00000165238,ENST00000297954,9,6894,3.838471279071929,False,True,WNK2 [ENST00000297954],Human,data/coding_sequences/ENST00000297954_CDS.fasta,data/coding_sequences/ENST00000297954_REJ.N.fasta,data/coding_sequences/ENST00000297954_REJ.C.fasta
35991,WNK2,WNK lysine deficient protein kinase 2,ENSG00000165238,ENST00000427277,9,6654,3.8230827965328036,False,True,WNK2 [ENST00000427277],Human,data/coding_sequences/ENST00000427277_CDS.fasta,data/coding_sequences/ENST00000427277_REJ.N.fasta,data/coding_sequences/ENST00000427277_REJ.C.fasta
30322,WNK2,WNK lysine deficient protein kinase 2,ENSG00000165238,ENST00000395477,9,6654,3.8230827965328036,False,True,WNK2 [ENST00000395477],Human,data/coding_sequences/ENST00000395477_CDS.fasta,data/coding_sequences/ENST00000395477_REJ.N.fasta,data/coding_sequences/ENST00000395477_REJ.C.fasta
32874,WNK2,WNK lysine deficient protein kinase 2,ENSG00000165238,ENST00000411624,9,5322,3.72607487021537,False,True,WNK2 [ENST00000411624],Human,data/coding_sequences/ENST00000411624_CDS.fasta,data/coding_sequences/ENST00000411624_REJ.N.fasta,data/coding_sequences/ENST00000411624_REJ.C.fasta
20210,WNK3,WNK lysine deficient protein kinase 3,ENSG00000196632,ENST00000375169,X,5232,3.718667735316211,False,True,WNK3 [ENST00000375169],Human,data/coding_sequences/ENST00000375169_CDS.fasta,data/coding_sequences/ENST00000375169_REJ.N.fasta,data/coding_sequences/ENST00000375169_REJ.C.fasta
22177,WNK3,WNK lysine deficient protein kinase 3,ENSG00000196632,ENST00000375159,X,5403,3.732634967539196,False,True,WNK3 [ENST00000375159],Human,data/coding_sequences/ENST00000375159_CDS.fasta,data/coding_sequences/ENST00000375159_REJ.N.fasta,data/coding_sequences/ENST00000375159_REJ.C.fasta
17416,WNK3,WNK lysine deficient protein kinase 3,ENSG00000196632,ENST00000354646,X,5403,3.732634967539196,False,True,WNK3 [ENST00000354646],Human,data/coding_sequences/ENST00000354646_CDS.fasta,data/coding_sequences/ENST00000354646_REJ.N.fasta,data/coding_sequences/ENST00000354646_REJ.C.fasta
11231,XIRP1,xin actin binding repeat containing 1,ENSG00000168334,ENST00000340369,3,5532,3.742882171437273,False,True,XIRP1 [ENST00000340369],Human,data/coding_sequences/ENST00000340369_CDS.fasta,data/coding_sequences/ENST00000340369_REJ.N.fasta,data/coding_sequences/ENST00000340369_REJ.C.fasta
3295,XRN1,5'-3' exoribonuclease 1,ENSG00000114127,ENST00000264951,3,5121,3.709354775834396,False,True,XRN1 [ENST00000264951],Human,data/coding_sequences/ENST00000264951_CDS.fasta,data/coding_sequences/ENST00000264951_REJ.N.fasta,data/coding_sequences/ENST00000264951_REJ.C.fasta
24064,XRN1,5'-3' exoribonuclease 1,ENSG00000114127,ENST00000392981,3,5085,3.7062909572587635,False,True,XRN1 [ENST00000392981],Human,data/coding_sequences/ENST00000392981_CDS.fasta,data/coding_sequences/ENST00000392981_REJ.N.fasta,data/coding_sequences/ENST00000392981_REJ.C.fasta
12561,YLPM1,YLP motif containing 1,ENSG00000119596,ENST00000325680,14,6441,3.808953299155911,False,True,YLPM1 [ENST00000325680],Human,data/coding_sequences/ENST00000325680_CDS.fasta,data/coding_sequences/ENST00000325680_REJ.N.fasta,data/coding_sequences/ENST00000325680_REJ.C.fasta
71841,YLPM1,YLP motif containing 1,ENSG00000119596,ENST00000549293,14,4788,3.680154141734373,False,True,YLPM1 [ENST00000549293],Human,data/coding_sequences/ENST00000549293_CDS.fasta,data/coding_sequences/ENST00000549293_REJ.N.fasta,data/coding_sequences/ENST00000549293_REJ.C.fasta
69757,ZAN,zonadhesin,ENSG00000146839,ENST00000538115,7,7875,3.896250562461638,False,True,ZAN [ENST00000538115],Human,data/coding_sequences/ENST00000538115_CDS.fasta,data/coding_sequences/ENST00000538115_REJ.N.fasta,data/coding_sequences/ENST00000538115_REJ.C.fasta
72368,ZAN,zonadhesin,ENSG00000146839,ENST00000546213,7,7806,3.8924285469452298,False,True,ZAN [ENST00000546213],Human,data/coding_sequences/ENST00000546213_CDS.fasta,data/coding_sequences/ENST00000546213_REJ.N.fasta,data/coding_sequences/ENST00000546213_REJ.C.fasta
6649,ZC3H13,zinc finger CCCH-type containing 13,ENSG00000123200,ENST00000282007,13,4695,3.6716355966021297,False,True,ZC3H13 [ENST00000282007],Human,data/coding_sequences/ENST00000282007_CDS.fasta,data/coding_sequences/ENST00000282007_REJ.N.fasta,data/coding_sequences/ENST00000282007_REJ.C.fasta
2399,ZC3H13,zinc finger CCCH-type containing 13,ENSG00000123200,ENST00000242848,13,5007,3.699577591398909,False,True,ZC3H13 [ENST00000242848],Human,data/coding_sequences/ENST00000242848_CDS.fasta,data/coding_sequences/ENST00000242848_REJ.N.fasta,data/coding_sequences/ENST00000242848_REJ.C.fasta
110337,ZC3H13,zinc finger CCCH-type containing 13,ENSG00000123200,ENST00000679008,13,5010,3.699837725867246,False,True,ZC3H13 [ENST00000679008],Human,data/coding_sequences/ENST00000679008_CDS.fasta,data/coding_sequences/ENST00000679008_REJ.N.fasta,data/coding_sequences/ENST00000679008_REJ.C.fasta
19443,ZDBF2,zinc finger DBF-type containing 2,ENSG00000204186,ENST00000374423,2,7065,3.8491121661845775,False,True,ZDBF2 [ENST00000374423],Human,data/coding_sequences/ENST00000374423_CDS.fasta,data/coding_sequences/ENST00000374423_REJ.N.fasta,data/coding_sequences/ENST00000374423_REJ.C.fasta
88793,ZDBF2,zinc finger DBF-type containing 2,ENSG00000204186,ENST00000611847,2,7059,3.8487431818956837,False,True,ZDBF2 [ENST00000611847],Human,data/coding_sequences/ENST00000611847_CDS.fasta,data/coding_sequences/ENST00000611847_REJ.N.fasta,data/coding_sequences/ENST00000611847_REJ.C.fasta
99114,ZDBF2,zinc finger DBF-type containing 2,ENSG00000283649,ENST00000637549,CHR_HSCHR2_6_CTG7_2,7059,3.8487431818956837,False,True,ZDBF2 [ENST00000637549],Human,data/coding_sequences/ENST00000637549_CDS.fasta,data/coding_sequences/ENST00000637549_REJ.N.fasta,data/coding_sequences/ENST00000637549_REJ.C.fasta
106374,ZDBF2,zinc finger DBF-type containing 2,ENSG00000283649,ENST00000649768,CHR_HSCHR2_6_CTG7_2,7065,3.8491121661845775,False,True,ZDBF2 [ENST00000649768],Human,data/coding_sequences/ENST00000649768_CDS.fasta,data/coding_sequences/ENST00000649768_REJ.N.fasta,data/coding_sequences/ENST00000649768_REJ.C.fasta
106210,ZDBF2,zinc finger DBF-type containing 2,ENSG00000204186,ENST00000649650,2,7065,3.8491121661845775,False,True,ZDBF2 [ENST00000649650],Human,data/coding_sequences/ENST00000649650_CDS.fasta,data/coding_sequences/ENST00000649650_REJ.N.fasta,data/coding_sequences/ENST00000649650_REJ.C.fasta
99984,ZDBF2,zinc finger DBF-type containing 2,ENSG00000283649,ENST00000636761,CHR_HSCHR2_6_CTG7_2,7065,3.8491121661845775,False,True,ZDBF2 [ENST00000636761],Human,data/coding_sequences/ENST00000636761_CDS.fasta,data/coding_sequences/ENST00000636761_REJ.N.fasta,data/coding_sequences/ENST00000636761_REJ.C.fasta
23688,ZFC3H1,zinc finger C3H1-type containing,ENSG00000133858,ENST00000378743,12,5970,3.775974331129369,False,True,ZFC3H1 [ENST00000378743],Human,data/coding_sequences/ENST00000378743_CDS.fasta,data/coding_sequences/ENST00000378743_REJ.N.fasta,data/coding_sequences/ENST00000378743_REJ.C.fasta
73701,ZFC3H1,zinc finger C3H1-type containing,ENSG00000133858,ENST00000552994,12,5733,3.758381941774675,False,True,ZFC3H1 [ENST00000552994],Human,data/coding_sequences/ENST00000552994_CDS.fasta,data/coding_sequences/ENST00000552994_REJ.N.fasta,data/coding_sequences/ENST00000552994_REJ.C.fasta
33869,ZFHX2,zinc finger homeobox 2,ENSG00000136367,ENST00000419474,14,7719,3.887561040930009,False,True,ZFHX2 [ENST00000419474],Human,data/coding_sequences/ENST00000419474_CDS.fasta,data/coding_sequences/ENST00000419474_REJ.N.fasta,data/coding_sequences/ENST00000419474_REJ.C.fasta
63744,ZFHX4,zinc finger homeobox 4,ENSG00000091656,ENST00000523885,8,4996,3.6986224297020978,False,True,ZFHX4 [ENST00000523885],Human,data/coding_sequences/ENST00000523885_CDS.fasta,data/coding_sequences/ENST00000523885_REJ.N.fasta,data/coding_sequences/ENST00000523885_REJ.C.fasta
56808,ZFYVE16,zinc finger FYVE-type containing 16,ENSG00000039319,ENST00000505560,5,4620,3.6646419755561257,False,True,ZFYVE16 [ENST00000505560],Human,data/coding_sequences/ENST00000505560_CDS.fasta,data/coding_sequences/ENST00000505560_REJ.N.fasta,data/coding_sequences/ENST00000505560_REJ.C.fasta
12002,ZFYVE16,zinc finger FYVE-type containing 16,ENSG00000039319,ENST00000338008,5,4620,3.6646419755561257,False,True,ZFYVE16 [ENST00000338008],Human,data/coding_sequences/ENST00000338008_CDS.fasta,data/coding_sequences/ENST00000338008_REJ.N.fasta,data/coding_sequences/ENST00000338008_REJ.C.fasta
61312,ZFYVE16,zinc finger FYVE-type containing 16,ENSG00000039319,ENST00000510158,5,4620,3.6646419755561257,False,True,ZFYVE16 [ENST00000510158],Human,data/coding_sequences/ENST00000510158_CDS.fasta,data/coding_sequences/ENST00000510158_REJ.N.fasta,data/coding_sequences/ENST00000510158_REJ.C.fasta
109367,ZFYVE26,zinc finger FYVE-type containing 26,ENSG00000072121,ENST00000676512,14,7638,3.882979654037299,True,True,ZFYVE26 [ENST00000676512],Human,data/coding_sequences/ENST00000676512_CDS.fasta,data/coding_sequences/ENST00000676512_REJ.N.fasta,data/coding_sequences/ENST00000676512_REJ.C.fasta
9842,ZFYVE26,zinc finger FYVE-type containing 26,ENSG00000072121,ENST00000347230,14,7620,3.8819549713396007,True,True,ZFYVE26 [ENST00000347230],Human,data/coding_sequences/ENST00000347230_CDS.fasta,data/coding_sequences/ENST00000347230_REJ.N.fasta,data/coding_sequences/ENST00000347230_REJ.C.fasta
110260,ZFYVE26,zinc finger FYVE-type containing 26,ENSG00000072121,ENST00000678386,14,7665,3.884512159190394,True,True,ZFYVE26 [ENST00000678386],Human,data/coding_sequences/ENST00000678386_CDS.fasta,data/coding_sequences/ENST00000678386_REJ.N.fasta,data/coding_sequences/ENST00000678386_REJ.C.fasta
109826,ZFYVE26,zinc finger FYVE-type containing 26,ENSG00000072121,ENST00000676620,14,7542,3.8774865280696016,True,True,ZFYVE26 [ENST00000676620],Human,data/coding_sequences/ENST00000676620_CDS.fasta,data/coding_sequences/ENST00000676620_REJ.N.fasta,data/coding_sequences/ENST00000676620_REJ.C.fasta
75879,ZFYVE26,zinc finger FYVE-type containing 26,ENSG00000072121,ENST00000555452,14,6678,3.824646414718352,True,True,ZFYVE26 [ENST00000555452],Human,data/coding_sequences/ENST00000555452_CDS.fasta,data/coding_sequences/ENST00000555452_REJ.N.fasta,data/coding_sequences/ENST00000555452_REJ.C.fasta
44443,ZGRF1,zinc finger GRF-type containing 1,ENSG00000138658,ENST00000445203,4,6315,3.8003733548913496,False,True,ZGRF1 [ENST00000445203],Human,data/coding_sequences/ENST00000445203_CDS.fasta,data/coding_sequences/ENST00000445203_REJ.N.fasta,data/coding_sequences/ENST00000445203_REJ.C.fasta
56436,ZGRF1,zinc finger GRF-type containing 1,ENSG00000138658,ENST00000505019,4,6315,3.8003733548913496,False,True,ZGRF1 [ENST00000505019],Human,data/coding_sequences/ENST00000505019_CDS.fasta,data/coding_sequences/ENST00000505019_REJ.N.fasta,data/coding_sequences/ENST00000505019_REJ.C.fasta
5122,ZMYM4,zinc finger MYM-type containing 4,ENSG00000146463,ENST00000314607,1,4647,3.6671726724788685,False,True,ZMYM4 [ENST00000314607],Human,data/coding_sequences/ENST00000314607_CDS.fasta,data/coding_sequences/ENST00000314607_REJ.N.fasta,data/coding_sequences/ENST00000314607_REJ.C.fasta
82400,ZNF106,zinc finger protein 106,ENSG00000103994,ENST00000564754,15,5721,3.757471947765668,False,True,ZNF106 [ENST00000564754],Human,data/coding_sequences/ENST00000564754_CDS.fasta,data/coding_sequences/ENST00000564754_REJ.N.fasta,data/coding_sequences/ENST00000564754_REJ.C.fasta
3859,ZNF106,zinc finger protein 106,ENSG00000103994,ENST00000263805,15,5652,3.752202153176521,False,True,ZNF106 [ENST00000263805],Human,data/coding_sequences/ENST00000263805_CDS.fasta,data/coding_sequences/ENST00000263805_REJ.N.fasta,data/coding_sequences/ENST00000263805_REJ.C.fasta
47170,ZNF142,zinc finger protein 142,ENSG00000115568,ENST00000449707,2,5064,3.7044936970092985,True,True,ZNF142 [ENST00000449707],Human,data/coding_sequences/ENST00000449707_CDS.fasta,data/coding_sequences/ENST00000449707_REJ.N.fasta,data/coding_sequences/ENST00000449707_REJ.C.fasta
32819,ZNF142,zinc finger protein 142,ENSG00000115568,ENST00000411696,2,5664,3.7531232446817127,True,True,ZNF142 [ENST00000411696],Human,data/coding_sequences/ENST00000411696_CDS.fasta,data/coding_sequences/ENST00000411696_REJ.N.fasta,data/coding_sequences/ENST00000411696_REJ.C.fasta
13099,ZNF236,zinc finger protein 236,ENSG00000130856,ENST00000320610,18,5544,3.7438232216037504,False,True,ZNF236 [ENST00000320610],Human,data/coding_sequences/ENST00000320610_CDS.fasta,data/coding_sequences/ENST00000320610_REJ.N.fasta,data/coding_sequences/ENST00000320610_REJ.C.fasta
2400,ZNF236,zinc finger protein 236,ENSG00000130856,ENST00000253159,18,5538,3.743352951409556,False,True,ZNF236 [ENST00000253159],Human,data/coding_sequences/ENST00000253159_CDS.fasta,data/coding_sequences/ENST00000253159_REJ.N.fasta,data/coding_sequences/ENST00000253159_REJ.C.fasta
71520,ZNF236,zinc finger protein 236,ENSG00000130856,ENST00000543926,18,4677,3.669967369908504,False,True,ZNF236 [ENST00000543926],Human,data/coding_sequences/ENST00000543926_CDS.fasta,data/coding_sequences/ENST00000543926_REJ.N.fasta,data/coding_sequences/ENST00000543926_REJ.C.fasta
120568,ZNF292,zinc finger protein 292,ENSG00000188994,ENST00000699914,6,6989,3.8444150404738244,True,True,ZNF292 [ENST00000699914],Human,data/coding_sequences/ENST00000699914_CDS.fasta,data/coding_sequences/ENST00000699914_REJ.N.fasta,data/coding_sequences/ENST00000699914_REJ.C.fasta
14329,ZNF318,zinc finger protein 318,ENSG00000171467,ENST00000361428,6,6840,3.835056101720116,False,True,ZNF318 [ENST00000361428],Human,data/coding_sequences/ENST00000361428_CDS.fasta,data/coding_sequences/ENST00000361428_REJ.N.fasta,data/coding_sequences/ENST00000361428_REJ.C.fasta
82278,ZNF407,zinc finger protein 407,ENSG00000215421,ENST00000577538,18,5448,3.736237098904729,True,True,ZNF407 [ENST00000577538],Human,data/coding_sequences/ENST00000577538_CDS.fasta,data/coding_sequences/ENST00000577538_REJ.N.fasta,data/coding_sequences/ENST00000577538_REJ.C.fasta
6462,ZNF407,zinc finger protein 407,ENSG00000215421,ENST00000309902,18,4983,3.697490887171057,True,True,ZNF407 [ENST00000309902],Human,data/coding_sequences/ENST00000309902_CDS.fasta,data/coding_sequences/ENST00000309902_REJ.N.fasta,data/coding_sequences/ENST00000309902_REJ.C.fasta
84364,ZNF407,zinc finger protein 407,ENSG00000215421,ENST00000582337,18,4983,3.697490887171057,True,True,ZNF407 [ENST00000582337],Human,data/coding_sequences/ENST00000582337_CDS.fasta,data/coding_sequences/ENST00000582337_REJ.N.fasta,data/coding_sequences/ENST00000582337_REJ.C.fasta
8150,ZNF407,zinc finger protein 407,ENSG00000215421,ENST00000299687,18,6747,3.8291107101552946,True,True,ZNF407 [ENST00000299687],Human,data/coding_sequences/ENST00000299687_CDS.fasta,data/coding_sequences/ENST00000299687_REJ.N.fasta,data/coding_sequences/ENST00000299687_REJ.C.fasta
7767,ZNF462,zinc finger protein 462,ENSG00000148143,ENST00000277225,9,7521,3.876275588677879,True,True,ZNF462 [ENST00000277225],Human,data/coding_sequences/ENST00000277225_CDS.fasta,data/coding_sequences/ENST00000277225_REJ.N.fasta,data/coding_sequences/ENST00000277225_REJ.C.fasta
60733,ZNF608,zinc finger protein 608,ENSG00000168916,ENST00000513986,5,4539,3.656960182742849,False,True,ZNF608 [ENST00000513986],Human,data/coding_sequences/ENST00000513986_CDS.fasta,data/coding_sequences/ENST00000513986_REJ.N.fasta,data/coding_sequences/ENST00000513986_REJ.C.fasta
6948,ZNF608,zinc finger protein 608,ENSG00000168916,ENST00000306315,5,4539,3.656960182742849,False,True,ZNF608 [ENST00000306315],Human,data/coding_sequences/ENST00000306315_CDS.fasta,data/coding_sequences/ENST00000306315_REJ.N.fasta,data/coding_sequences/ENST00000306315_REJ.C.fasta
33379,ZNF638,zinc finger protein 638,ENSG00000075292,ENST00000409544,2,5937,3.7735670489260587,False,True,ZNF638 [ENST00000409544],Human,data/coding_sequences/ENST00000409544_CDS.fasta,data/coding_sequences/ENST00000409544_REJ.N.fasta,data/coding_sequences/ENST00000409544_REJ.C.fasta
4459,ZNF638,zinc finger protein 638,ENSG00000075292,ENST00000264447,2,5937,3.7735670489260587,False,True,ZNF638 [ENST00000264447],Human,data/coding_sequences/ENST00000264447_CDS.fasta,data/coding_sequences/ENST00000264447_REJ.N.fasta,data/coding_sequences/ENST00000264447_REJ.C.fasta
31112,ZNF646,zinc finger protein 646,ENSG00000167395,ENST00000394979,16,5490,3.739572344450092,False,True,ZNF646 [ENST00000394979],Human,data/coding_sequences/ENST00000394979_CDS.fasta,data/coding_sequences/ENST00000394979_REJ.N.fasta,data/coding_sequences/ENST00000394979_REJ.C.fasta
5966,ZNF646,zinc finger protein 646,ENSG00000167395,ENST00000300850,16,5499,3.7402837196818792,False,True,ZNF646 [ENST00000300850],Human,data/coding_sequences/ENST00000300850_CDS.fasta,data/coding_sequences/ENST00000300850_REJ.N.fasta,data/coding_sequences/ENST00000300850_REJ.C.fasta
101110,ZNF831,zinc finger protein 831,ENSG00000124203,ENST00000637017,20,5034,3.701913211212344,False,True,ZNF831 [ENST00000637017],Human,data/coding_sequences/ENST00000637017_CDS.fasta,data/coding_sequences/ENST00000637017_REJ.N.fasta,data/coding_sequences/ENST00000637017_REJ.C.fasta
22018,ZNF831,zinc finger protein 831,ENSG00000124203,ENST00000371030,20,5034,3.701913211212344,False,True,ZNF831 [ENST00000371030],Human,data/coding_sequences/ENST00000371030_CDS.fasta,data/coding_sequences/ENST00000371030_REJ.N.fasta,data/coding_sequences/ENST00000371030_REJ.C.fasta
29514,ZNFX1,zinc finger NFX1-type containing 1,ENSG00000124201,ENST00000396105,20,5757,3.760196229455134,True,True,ZNFX1 [ENST00000396105],Human,data/coding_sequences/ENST00000396105_CDS.fasta,data/coding_sequences/ENST00000396105_REJ.N.fasta,data/coding_sequences/ENST00000396105_REJ.C.fasta
21813,ZNFX1,zinc finger NFX1-type containing 1,ENSG00000124201,ENST00000371752,20,5757,3.760196229455134,True,True,ZNFX1 [ENST00000371752],Human,data/coding_sequences/ENST00000371752_CDS.fasta,data/coding_sequences/ENST00000371752_REJ.N.fasta,data/coding_sequences/ENST00000371752_REJ.C.fasta
88724,ZSWIM8,zinc finger SWIM-type containing 8,ENSG00000214655,ENST00000605216,10,5514,3.741466761769755,False,True,ZSWIM8 [ENST00000605216],Human,data/coding_sequences/ENST00000605216_CDS.fasta,data/coding_sequences/ENST00000605216_REJ.N.fasta,data/coding_sequences/ENST00000605216_REJ.C.fasta
88399,ZSWIM8,zinc finger SWIM-type containing 8,ENSG00000214655,ENST00000604729,10,5505,3.7407573233077707,False,True,ZSWIM8 [ENST00000604729],Human,data/coding_sequences/ENST00000604729_CDS.fasta,data/coding_sequences/ENST00000604729_REJ.N.fasta,data/coding_sequences/ENST00000604729_REJ.C.fasta
89592,ZSWIM8,zinc finger SWIM-type containing 8,ENSG00000214655,ENST00000603114,10,5391,3.7316693318286362,False,True,ZSWIM8 [ENST00000603114],Human,data/coding_sequences/ENST00000603114_CDS.fasta,data/coding_sequences/ENST00000603114_REJ.N.fasta,data/coding_sequences/ENST00000603114_REJ.C.fasta
90202,ZSWIM8,zinc finger SWIM-type containing 8,ENSG00000214655,ENST00000604524,10,4968,3.6961815871685237,False,True,ZSWIM8 [ENST00000604524],Human,data/coding_sequences/ENST00000604524_CDS.fasta,data/coding_sequences/ENST00000604524_REJ.N.fasta,data/coding_sequences/ENST00000604524_REJ.C.fasta
28305,ZSWIM8,zinc finger SWIM-type containing 8,ENSG00000214655,ENST00000398706,10,5529,3.7426465899387362,False,True,ZSWIM8 [ENST00000398706],Human,data/coding_sequences/ENST00000398706_CDS.fasta,data/coding_sequences/ENST00000398706_REJ.N.fasta,data/coding_sequences/ENST00000398706_REJ.C.fasta
