ID,Symbol,Name,ENSG,ENST,Chromosome,Length,log10(Length),Disease Associated,Oversized,Search Name
85293,TTN,titin,ENSG00000155657,ENST00000589042,2,107976,5.033327234877173,True,True,TTN [ENST00000589042]
85639,TTN,titin,ENSG00000155657,ENST00000591111,2,103053,5.013060639147558,True,True,TTN [ENST00000591111]
13388,TTN,titin,ENSG00000155657,ENST00000342992,2,100272,5.001179677355895,True,True,TTN [ENST00000342992]
11399,TTN,titin,ENSG00000155657,ENST00000342175,2,81357,4.9103949258111115,True,True,TTN [ENST00000342175]
17060,TTN,titin,ENSG00000155657,ENST00000359218,2,81156,4.9093206334729675,True,True,TTN [ENST00000359218]
45332,TTN,titin,ENSG00000155657,ENST00000460472,2,80781,4.907309225063157,True,True,TTN [ENST00000460472]
111105,BRD2,bromodomain containing 2,ENSG00000235307,ENST00000675333,CHR_HSCHR6_MHC_SSTO_CTG1,51210,4.709354775834396,False,True,BRD2 [ENST00000675333]
109815,BRD2,bromodomain containing 2,ENSG00000235307,ENST00000675761,CHR_HSCHR6_MHC_SSTO_CTG1,50448,4.702843953403829,False,True,BRD2 [ENST00000675761]
30390,MUC16,"mucin 16, cell surface associated",ENSG00000181143,ENST00000397910,19,43524,4.6387288016280595,False,True,MUC16 [ENST00000397910]
112702,OBSCN,"obscurin, cytoskeletal calmodulin and titin-interacting RhoGEF",ENSG00000154358,ENST00000680850,1,26778,4.427778137224173,False,True,OBSCN [ENST00000680850]
81161,OBSCN,"obscurin, cytoskeletal calmodulin and titin-interacting RhoGEF",ENSG00000154358,ENST00000570156,1,26772,4.4276808163314625,False,True,OBSCN [ENST00000570156]
17463,SYNE1,spectrin repeat containing nuclear envelope protein 1,ENSG00000131018,ENST00000367255,6,26394,4.421505212360507,True,True,SYNE1 [ENST00000367255]
36491,SYNE1,spectrin repeat containing nuclear envelope protein 1,ENSG00000131018,ENST00000423061,6,26250,4.419129307741976,True,True,SYNE1 [ENST00000423061]
29176,NEB,nebulin,ENSG00000183091,ENST00000397345,2,25578,4.407866583030776,True,True,NEB [ENST00000397345]
39759,NEB,nebulin,ENSG00000183091,ENST00000427231,2,25578,4.407866583030776,True,True,NEB [ENST00000427231]
106663,OBSCN,"obscurin, cytoskeletal calmodulin and titin-interacting RhoGEF",ENSG00000154358,ENST00000662438,1,25452,4.405721914564187,False,True,OBSCN [ENST00000662438]
46514,MUC19,"mucin 19, oligomeric",ENSG00000205592,ENST00000454784,12,24669,4.392151544978823,False,True,MUC19 [ENST00000454784]
99019,OBSCN,"obscurin, cytoskeletal calmodulin and titin-interacting RhoGEF",ENSG00000154358,ENST00000636476,1,23910,4.378579576115775,False,True,OBSCN [ENST00000636476]
34125,OBSCN,"obscurin, cytoskeletal calmodulin and titin-interacting RhoGEF",ENSG00000154358,ENST00000422127,1,23907,4.378525081544915,False,True,OBSCN [ENST00000422127]
112162,DST,dystonin,ENSG00000151914,ENST00000680361,6,23457,4.370272467849528,True,True,DST [ENST00000680361]
79589,MACF1,microtubule actin crosslinking factor 1,ENSG00000127603,ENST00000567887,1,22779,4.357534654597579,True,True,MACF1 [ENST00000567887]
75563,MACF1,microtubule actin crosslinking factor 1,ENSG00000127603,ENST00000564288,1,22668,4.355413203969459,True,True,MACF1 [ENST00000564288]
16686,DST,dystonin,ENSG00000151914,ENST00000361203,6,22386,4.349976499424472,True,True,DST [ENST00000361203]
96456,MUC4,"mucin 4, cell surface associated",ENSG00000277585,ENST00000626947,CHR_HSCHR3_1_CTG3,22257,4.347466625800622,False,True,MUC4 [ENST00000626947]
20065,MACF1,microtubule actin crosslinking factor 1,ENSG00000127603,ENST00000372915,1,22158,4.345530558034622,True,True,MACF1 [ENST00000372915]
97956,MUC4,"mucin 4, cell surface associated",ENSG00000277585,ENST00000629882,CHR_HSCHR3_1_CTG3,22101,4.344411924574547,False,True,MUC4 [ENST00000629882]
9737,CCDC168,coiled-coil domain containing 168,ENSG00000175820,ENST00000322527,13,21246,4.327277177141755,False,True,CCDC168 [ENST00000322527]
95411,MUC4,"mucin 4, cell surface associated",ENSG00000277585,ENST00000627146,CHR_HSCHR3_1_CTG3,21231,4.326970450324921,False,True,MUC4 [ENST00000627146]
37044,FSIP2,fibrous sheath interacting protein 2,ENSG00000188738,ENST00000424728,2,20724,4.316473583615084,True,True,FSIP2 [ENST00000424728]
75440,SYNE2,spectrin repeat containing nuclear envelope protein 2,ENSG00000054654,ENST00000555002,14,20724,4.316473583615084,True,True,SYNE2 [ENST00000555002]
15312,SYNE2,spectrin repeat containing nuclear envelope protein 2,ENSG00000054654,ENST00000358025,14,20724,4.316473583615084,True,True,SYNE2 [ENST00000358025]
10244,SYNE2,spectrin repeat containing nuclear envelope protein 2,ENSG00000054654,ENST00000344113,14,20658,4.3150882730883175,True,True,SYNE2 [ENST00000344113]
74556,SYNE2,spectrin repeat containing nuclear envelope protein 2,ENSG00000054654,ENST00000554584,14,20457,4.310841945164296,True,True,SYNE2 [ENST00000554584]
30733,NEB,nebulin,ENSG00000183091,ENST00000409198,2,20010,4.301247088636211,True,True,NEB [ENST00000409198]
7218,OBSCN,"obscurin, cytoskeletal calmodulin and titin-interacting RhoGEF",ENSG00000154358,ENST00000284548,1,19863,4.29804484260098,False,True,OBSCN [ENST00000284548]
95133,MUC4,"mucin 4, cell surface associated",ENSG00000277585,ENST00000628818,CHR_HSCHR3_1_CTG3,19551,4.291168975715262,False,True,MUC4 [ENST00000628818]
96360,MUC4,"mucin 4, cell surface associated",ENSG00000277585,ENST00000631201,CHR_HSCHR3_1_CTG3,19395,4.2876897839360755,False,True,MUC4 [ENST00000631201]
96638,MUC4,"mucin 4, cell surface associated",ENSG00000277585,ENST00000627603,CHR_HSCHR3_1_CTG3,19353,4.2867482966137125,False,True,MUC4 [ENST00000627603]
95638,MUC4,"mucin 4, cell surface associated",ENSG00000277585,ENST00000627165,CHR_HSCHR3_1_CTG3,19347,4.286613631657004,False,True,MUC4 [ENST00000627165]
96564,MUC4,"mucin 4, cell surface associated",ENSG00000277585,ENST00000629163,CHR_HSCHR3_1_CTG3,19311,4.285804763848632,False,True,MUC4 [ENST00000629163]
95908,MUC4,"mucin 4, cell surface associated",ENSG00000277585,ENST00000630966,CHR_HSCHR3_1_CTG3,19311,4.285804763848632,False,True,MUC4 [ENST00000630966]
98086,MUC4,"mucin 4, cell surface associated",ENSG00000277585,ENST00000625840,CHR_HSCHR3_1_CTG3,19221,4.283775978711523,False,True,MUC4 [ENST00000625840]
27324,ADGRV1,adhesion G protein-coupled receptor V1,ENSG00000164199,ENST00000405460,5,18921,4.276944085712982,True,True,ADGRV1 [ENST00000405460]
26256,AHNAK,AHNAK nucleoprotein,ENSG00000124942,ENST00000378024,11,17673,4.2473102774556555,False,True,AHNAK [ENST00000378024]
13837,AHNAK2,AHNAK nucleoprotein 2,ENSG00000185567,ENST00000333244,14,17388,4.240249631518799,False,True,AHNAK2 [ENST00000333244]
65806,MUC5B,"mucin 5B, oligomeric mucus/gel-forming",ENSG00000117983,ENST00000529681,11,17289,4.237769874301018,False,True,MUC5B [ENST00000529681]
93261,MUC5AC,"mucin 5AC, oligomeric mucus/gel-forming",ENSG00000215182,ENST00000621226,11,16965,4.2295538639811365,False,True,MUC5AC [ENST00000621226]
98601,MUC5AC,"mucin 5AC, oligomeric mucus/gel-forming",ENSG00000283158,ENST00000636567,CHR_HG107_PATCH,16965,4.2295538639811365,False,True,MUC5AC [ENST00000636567]
21824,NBPF20,NBPF member 20,ENSG00000162825,ENST00000369373,1,16941,4.228939042456542,False,True,NBPF20 [ENST00000369373]
119473,NBPF20,NBPF member 20,ENSG00000162825,ENST00000698833,1,16938,4.2288621285305625,False,True,NBPF20 [ENST00000698833]
8127,HMCN1,hemicentin 1,ENSG00000143341,ENST00000271588,1,16908,4.2280922391569815,False,True,HMCN1 [ENST00000271588]
17587,TTN,titin,ENSG00000155657,ENST00000360870,2,16815,4.225696871650654,True,True,TTN [ENST00000360870]
107673,MDN1,midasin AAA ATPase 1,ENSG00000288121,ENST00000672983,CHR_HG2121_PATCH,16791,4.225076561626392,False,True,MDN1 [ENST00000672983]
108496,MDN1,midasin AAA ATPase 1,ENSG00000288121,ENST00000673332,CHR_HG2121_PATCH,16791,4.225076561626392,False,True,MDN1 [ENST00000673332]
20925,MDN1,midasin AAA ATPase 1,ENSG00000112159,ENST00000369393,6,16791,4.225076561626392,False,True,MDN1 [ENST00000369393]
47392,DST,dystonin,ENSG00000151914,ENST00000449297,6,16683,4.222274149796562,True,True,DST [ENST00000449297]
116096,KMT2D,lysine methyltransferase 2D,ENSG00000167548,ENST00000683543,12,16662,4.221727130133901,True,True,KMT2D [ENST00000683543]
114963,KMT2D,lysine methyltransferase 2D,ENSG00000167548,ENST00000685166,12,16623,4.220709404879567,True,True,KMT2D [ENST00000685166]
4864,DST,dystonin,ENSG00000151914,ENST00000312431,6,16614,4.220474206129218,True,True,DST [ENST00000312431]
7374,KMT2D,lysine methyltransferase 2D,ENSG00000167548,ENST00000301067,12,16614,4.220474206129218,True,True,KMT2D [ENST00000301067]
116424,KMT2D,lysine methyltransferase 2D,ENSG00000167548,ENST00000692637,12,16611,4.2203957782315955,True,True,KMT2D [ENST00000692637]
35089,DST,dystonin,ENSG00000151914,ENST00000421834,6,16494,4.2173259902271125,True,True,DST [ENST00000421834]
24600,MUC12,"mucin 12, cell surface associated",ENSG00000205277,ENST00000379442,7,16437,4.215822555154372,False,True,MUC12 [ENST00000379442]
16357,MACF1,microtubule actin crosslinking factor 1,ENSG00000127603,ENST00000361689,1,16293,4.21200105751229,True,True,MACF1 [ENST00000361689]
65574,DST,dystonin,ENSG00000151914,ENST00000520645,6,16269,4.211360859155118,True,True,DST [ENST00000520645]
49976,MUC4,"mucin 4, cell surface associated",ENSG00000145113,ENST00000463781,3,16239,4.210559281810724,False,True,MUC4 [ENST00000463781]
96762,FCGBP,Fc gamma binding protein,ENSG00000281123,ENST00000628705,CHR_HG2021_PATCH,16218,4.209997296082369,False,True,FCGBP [ENST00000628705]
99347,FCGBP,Fc gamma binding protein,ENSG00000281123,ENST00000639918,CHR_HG2021_PATCH,16218,4.209997296082369,False,True,FCGBP [ENST00000639918]
41668,C2orf16,chromosome 2 open reading frame 16,ENSG00000221843,ENST00000447166,2,16167,4.208629438315688,False,True,C2orf16 [ENST00000447166]
96594,MUC4,"mucin 4, cell surface associated",ENSG00000278468,ENST00000626248,CHR_HSCHR3_4_CTG3,16161,4.208468230265617,False,True,MUC4 [ENST00000626248]
97044,MUC4,"mucin 4, cell surface associated",ENSG00000273984,ENST00000629947,CHR_HSCHR3_7_CTG3,16158,4.208387603795154,False,True,MUC4 [ENST00000629947]
93427,MUC4,"mucin 4, cell surface associated",ENSG00000273822,ENST00000621966,CHR_HSCHR3_3_CTG3,16158,4.208387603795154,False,True,MUC4 [ENST00000621966]
95541,MUC4,"mucin 4, cell surface associated",ENSG00000278303,ENST00000631334,CHR_HSCHR3_5_CTG3,16158,4.208387603795154,False,True,MUC4 [ENST00000631334]
95430,MUC4,"mucin 4, cell surface associated",ENSG00000273984,ENST00000631008,CHR_HSCHR3_7_CTG3,16158,4.208387603795154,False,True,MUC4 [ENST00000631008]
94691,MUC4,"mucin 4, cell surface associated",ENSG00000276613,ENST00000617056,CHR_HSCHR3_8_CTG3,16158,4.208387603795154,False,True,MUC4 [ENST00000617056]
108745,MACF1,microtubule actin crosslinking factor 1,ENSG00000127603,ENST00000671089,1,16140,4.2079035303860515,True,True,MACF1 [ENST00000671089]
21434,DST,dystonin,ENSG00000151914,ENST00000370788,6,16128,4.207580514765431,True,True,DST [ENST00000370788]
53141,MUC4,"mucin 4, cell surface associated",ENSG00000145113,ENST00000475231,3,16083,4.206367061944969,False,True,MUC4 [ENST00000475231]
66533,MUC12,"mucin 12, cell surface associated",ENSG00000205277,ENST00000536621,7,16008,4.204337075628155,False,True,MUC12 [ENST00000536621]
96804,MUC4,"mucin 4, cell surface associated",ENSG00000278468,ENST00000627791,CHR_HSCHR3_4_CTG3,16005,4.204255678480151,False,True,MUC4 [ENST00000627791]
95439,MUC4,"mucin 4, cell surface associated",ENSG00000273984,ENST00000627295,CHR_HSCHR3_7_CTG3,16002,4.20417426607352,False,True,MUC4 [ENST00000627295]
88329,MUC4,"mucin 4, cell surface associated",ENSG00000273822,ENST00000610962,CHR_HSCHR3_3_CTG3,16002,4.20417426607352,False,True,MUC4 [ENST00000610962]
92889,MUC4,"mucin 4, cell surface associated",ENSG00000276613,ENST00000612796,CHR_HSCHR3_8_CTG3,16002,4.20417426607352,False,True,MUC4 [ENST00000612796]
97314,MUC4,"mucin 4, cell surface associated",ENSG00000278303,ENST00000629154,CHR_HSCHR3_5_CTG3,16002,4.20417426607352,False,True,MUC4 [ENST00000629154]
91141,MUC4,"mucin 4, cell surface associated",ENSG00000277585,ENST00000617794,CHR_HSCHR3_1_CTG3,15945,4.202624523578978,False,True,MUC4 [ENST00000617794]
57095,RNF213,ring finger protein 213,ENSG00000173821,ENST00000508628,17,15771,4.197859231738088,False,True,RNF213 [ENST00000508628]
107172,USH2A,usherin,ENSG00000042781,ENST00000674083,1,15681,4.195373754817413,True,True,USH2A [ENST00000674083]
83102,RNF213,ring finger protein 213,ENSG00000173821,ENST00000582970,17,15624,4.193792230279798,False,True,RNF213 [ENST00000582970]
7689,USH2A,usherin,ENSG00000042781,ENST00000307340,1,15609,4.193375080615699,True,True,USH2A [ENST00000307340]
18666,UBR4,ubiquitin protein ligase E3 component n-recognin 4,ENSG00000127481,ENST00000375254,1,15552,4.1917862475822,False,True,UBR4 [ENST00000375254]
103205,MUC2,"mucin 2, oligomeric mucus/gel-forming",ENSG00000284971,ENST00000645631,CHR_HG107_PATCH,15519,4.190863733128745,False,True,MUC2 [ENST00000645631]
103926,MUC2,"mucin 2, oligomeric mucus/gel-forming",ENSG00000284971,ENST00000643422,CHR_HG107_PATCH,15519,4.190863733128745,False,True,MUC2 [ENST00000643422]
2044,DST,dystonin,ENSG00000151914,ENST00000244364,6,15516,4.190779770928019,True,True,DST [ENST00000244364]
13680,PCLO,piccolo presynaptic cytomatrix protein,ENSG00000186472,ENST00000333891,7,15429,4.1883377790407526,False,True,PCLO [ENST00000333891]
99212,HYDIN,HYDIN axonemal central pair apparatus protein,ENSG00000283022,ENST00000635381,CHR_HSCHR16_4_CTG3_1,15366,4.186560828852073,True,True,HYDIN [ENST00000635381]
25923,HYDIN,HYDIN axonemal central pair apparatus protein,ENSG00000157423,ENST00000393567,16,15366,4.186560828852073,True,True,HYDIN [ENST00000393567]
113749,BLTP1,bridge-like lipid transfer protein family member 1,ENSG00000138688,ENST00000679879,4,15282,4.184180195347259,False,True,BLTP1 [ENST00000679879]
92257,EPPK1,epiplakin 1,ENSG00000261150,ENST00000615648,8,15267,4.183753705592957,False,True,EPPK1 [ENST00000615648]
112827,HMCN2,hemicentin 2,ENSG00000148357,ENST00000683500,9,15240,4.1829849670035815,False,True,HMCN2 [ENST00000683500]
51629,MUC4,"mucin 4, cell surface associated",ENSG00000145113,ENST00000478156,3,15213,4.182214865267536,False,True,MUC4 [ENST00000478156]
79757,EPPK1,epiplakin 1,ENSG00000261150,ENST00000568225,8,15192,4.181614951728961,False,True,EPPK1 [ENST00000568225]
97083,HMCN2,hemicentin 2,ENSG00000148357,ENST00000624552,9,15183,4.1813575920284505,False,True,HMCN2 [ENST00000624552]
44651,ABCA13,ATP binding cassette subfamily A member 13,ENSG00000179869,ENST00000435803,7,15177,4.18118593412823,False,True,ABCA13 [ENST00000435803]
97317,MUC4,"mucin 4, cell surface associated",ENSG00000278468,ENST00000625238,CHR_HSCHR3_4_CTG3,15135,4.179982425292592,False,True,MUC4 [ENST00000625238]
97837,MUC4,"mucin 4, cell surface associated",ENSG00000273984,ENST00000626664,CHR_HSCHR3_7_CTG3,15132,4.179896332620706,False,True,MUC4 [ENST00000626664]
97190,MUC4,"mucin 4, cell surface associated",ENSG00000276613,ENST00000628987,CHR_HSCHR3_8_CTG3,15132,4.179896332620706,False,True,MUC4 [ENST00000628987]
96550,MUC4,"mucin 4, cell surface associated",ENSG00000278303,ENST00000628045,CHR_HSCHR3_5_CTG3,15132,4.179896332620706,False,True,MUC4 [ENST00000628045]
97424,MUC4,"mucin 4, cell surface associated",ENSG00000273822,ENST00000626427,CHR_HSCHR3_3_CTG3,15132,4.179896332620706,False,True,MUC4 [ENST00000626427]
14690,RYR1,ryanodine receptor 1,ENSG00000196218,ENST00000359596,19,15117,4.179465613075431,True,True,RYR1 [ENST00000359596]
17058,RYR1,ryanodine receptor 1,ENSG00000196218,ENST00000355481,19,15102,4.1790344659320064,True,True,RYR1 [ENST00000355481]
2670,BLTP1,bridge-like lipid transfer protein family member 1,ENSG00000138688,ENST00000264501,4,15018,4.176612099991867,False,True,BLTP1 [ENST00000264501]
24558,FAT4,FAT atypical cadherin 4,ENSG00000196159,ENST00000394329,4,14952,4.174699288370776,True,True,FAT4 [ENST00000394329]
92866,MUC4,"mucin 4, cell surface associated",ENSG00000273984,ENST00000614666,CHR_HSCHR3_7_CTG3,14907,4.173390251465195,False,True,MUC4 [ENST00000614666]
91169,MUC4,"mucin 4, cell surface associated",ENSG00000278303,ENST00000615271,CHR_HSCHR3_5_CTG3,14907,4.173390251465195,False,True,MUC4 [ENST00000615271]
113835,KMT2C,lysine methyltransferase 2C,ENSG00000055609,ENST00000682283,7,14907,4.173390251465195,True,True,KMT2C [ENST00000682283]
14427,RYR2,ryanodine receptor 2,ENSG00000198626,ENST00000366574,1,14904,4.173302841888186,True,True,RYR2 [ENST00000366574]
35780,PCLO,piccolo presynaptic cytomatrix protein,ENSG00000186472,ENST00000423517,7,14808,4.1704964057448475,False,True,PCLO [ENST00000423517]
3950,KMT2C,lysine methyltransferase 2C,ENSG00000055609,ENST00000262189,7,14736,4.168379612852774,True,True,KMT2C [ENST00000262189]
23811,BLTP1,bridge-like lipid transfer protein family member 1,ENSG00000138688,ENST00000388738,4,14673,4.1665189175409445,False,True,BLTP1 [ENST00000388738]
92114,RYR3,ryanodine receptor 3,ENSG00000198838,ENST00000622037,15,14622,4.165006779568368,True,True,RYR3 [ENST00000622037]
96172,RYR3,ryanodine receptor 3,ENSG00000198838,ENST00000634891,15,14613,4.164739384291432,True,True,RYR3 [ENST00000634891]
25137,RYR3,ryanodine receptor 3,ENSG00000198838,ENST00000389232,15,14610,4.164650215934297,True,True,RYR3 [ENST00000389232]
34501,RYR3,ryanodine receptor 3,ENSG00000198838,ENST00000415757,15,14598,4.164293359314462,True,True,RYR3 [ENST00000415757]
43168,HERC1,HECT and RLD domain containing E3 ubiquitin protein ligase family member 1,ENSG00000103657,ENST00000443617,15,14586,4.163936209226979,True,True,HERC1 [ENST00000443617]
97735,RYR3,ryanodine receptor 3,ENSG00000198838,ENST00000634418,15,14580,4.163757523981956,True,True,RYR3 [ENST00000634418]
32545,BIRC6,baculoviral IAP repeat containing 6,ENSG00000115760,ENST00000421745,2,14574,4.163578765188774,False,True,BIRC6 [ENST00000421745]
120297,BIRC6,baculoviral IAP repeat containing 6,ENSG00000115760,ENST00000700518,2,14523,4.162056337360552,False,True,BIRC6 [ENST00000700518]
119162,BIRC6,baculoviral IAP repeat containing 6,ENSG00000115760,ENST00000700519,2,14514,4.161787118745523,False,True,BIRC6 [ENST00000700519]
2815,HERC2,HECT and RLD domain containing E3 ubiquitin protein ligase 2,ENSG00000128731,ENST00000261609,15,14505,4.161517733138683,True,True,HERC2 [ENST00000261609]
115885,MYCBP2,MYC binding protein 2,ENSG00000005810,ENST00000683697,13,14319,4.155912689085906,False,True,MYCBP2 [ENST00000683697]
114085,KMT2C,lysine methyltransferase 2C,ENSG00000055609,ENST00000679882,7,14289,4.155001836231253,True,True,KMT2C [ENST00000679882]
1614,DNHD1,dynein heavy chain domain 1,ENSG00000179532,ENST00000254579,11,14262,4.154180432111824,False,True,DNHD1 [ENST00000254579]
112996,MYCBP2,MYC binding protein 2,ENSG00000005810,ENST00000682321,13,14259,4.154089069014421,False,True,MYCBP2 [ENST00000682321]
16384,MYCBP2,MYC binding protein 2,ENSG00000005810,ENST00000357337,13,14217,4.152807963419064,False,True,MYCBP2 [ENST00000357337]
96807,MUC6,"mucin 6, oligomeric mucus/gel-forming",ENSG00000277518,ENST00000627256,CHR_HSCHR11_2_CTG1,14143,4.1505415413740865,False,True,MUC6 [ENST00000627256]
10411,DNAH8,dynein axonemal heavy chain 8,ENSG00000124721,ENST00000327475,6,14124,4.149957708891059,True,True,DNAH8 [ENST00000327475]
115871,MYCBP2,MYC binding protein 2,ENSG00000005810,ENST00000683823,13,14103,4.149311505907915,False,True,MYCBP2 [ENST00000683823]
8362,STARD9,StAR related lipid transfer domain containing 9,ENSG00000159433,ENST00000290607,15,14103,4.149311505907915,False,True,STARD9 [ENST00000290607]
12386,PLEC,plectin,ENSG00000178209,ENST00000322810,8,14055,4.1478308499434595,True,True,PLEC [ENST00000322810]
74032,MYCBP2,MYC binding protein 2,ENSG00000005810,ENST00000544440,13,14037,4.147274299911842,False,True,MYCBP2 [ENST00000544440]
112940,DYNC1H1,dynein cytoplasmic 1 heavy chain 1,ENSG00000197102,ENST00000681574,14,14019,4.1467170357439755,True,True,DYNC1H1 [ENST00000681574]
116989,MYCBP2,MYC binding protein 2,ENSG00000005810,ENST00000695079,13,13998,4.146065989177396,False,True,MYCBP2 [ENST00000695079]
105034,LRP2,LDL receptor related protein 2,ENSG00000081479,ENST00000649046,2,13968,4.1451342263614945,True,True,LRP2 [ENST00000649046]
14485,DYNC1H1,dynein cytoplasmic 1 heavy chain 1,ENSG00000197102,ENST00000360184,14,13941,4.144293927198531,True,True,DYNC1H1 [ENST00000360184]
114334,DYNC1H1,dynein cytoplasmic 1 heavy chain 1,ENSG00000197102,ENST00000679720,14,13914,4.143451999021631,True,True,DYNC1H1 [ENST00000679720]
115245,MYCBP2,MYC binding protein 2,ENSG00000005810,ENST00000684354,13,13905,4.143170993200179,False,True,MYCBP2 [ENST00000684354]
2598,DNAH5,dynein axonemal heavy chain 5,ENSG00000039139,ENST00000265104,5,13875,4.142232991794714,True,True,DNAH5 [ENST00000265104]
111951,DNAH14,dynein axonemal heavy chain 14,ENSG00000185842,ENST00000682510,1,13854,4.14157518330082,False,True,DNAH14 [ENST00000682510]
113227,DNAH5,dynein axonemal heavy chain 5,ENSG00000039139,ENST00000681290,5,13830,4.140822180109311,True,True,DNAH5 [ENST00000681290]
116516,MYCBP2,MYC binding protein 2,ENSG00000005810,ENST00000695080,13,13830,4.140822180109311,False,True,MYCBP2 [ENST00000695080]
104790,DYNC1H1,dynein cytoplasmic 1 heavy chain 1,ENSG00000197102,ENST00000644881,14,13815,4.14035088925253,True,True,DYNC1H1 [ENST00000644881]
22598,LRP1B,LDL receptor related protein 1B,ENSG00000168702,ENST00000389484,2,13800,4.139879086401237,False,True,LRP1B [ENST00000389484]
103101,DYNC1H1,dynein cytoplasmic 1 heavy chain 1,ENSG00000197102,ENST00000645149,14,13794,4.1396902216529226,True,True,DYNC1H1 [ENST00000645149]
62565,PLEC,plectin,ENSG00000178209,ENST00000528025,8,13776,4.139123134109579,True,True,PLEC [ENST00000528025]
107427,DNAH10,dynein axonemal heavy chain 10,ENSG00000197653,ENST00000673944,12,13770,4.138933940256924,True,True,DNAH10 [ENST00000673944]
65837,FAT3,FAT atypical cadherin 3,ENSG00000165323,ENST00000525166,11,13770,4.138933940256924,False,True,FAT3 [ENST00000525166]
113104,SACS,sacsin molecular chaperone,ENSG00000151835,ENST00000682944,13,13767,4.138839312414322,True,True,SACS [ENST00000682944]
43151,FAT1,FAT atypical cadherin 1,ENSG00000083857,ENST00000441802,4,13767,4.138839312414322,False,True,FAT1 [ENST00000441802]
26119,SACS,sacsin molecular chaperone,ENSG00000151835,ENST00000382292,13,13740,4.137986732723531,True,True,SACS [ENST00000382292]
43512,PLEC,plectin,ENSG00000178209,ENST00000436759,8,13725,4.13751235312213,True,True,PLEC [ENST00000436759]
64871,PLEC,plectin,ENSG00000178209,ENST00000527096,8,13713,4.137132476008993,True,True,PLEC [ENST00000527096]
114433,PLEC,plectin,ENSG00000178209,ENST00000685198,8,13695,4.1365620365899805,True,True,PLEC [ENST00000685198]
1879,APOB,apolipoprotein B,ENSG00000084674,ENST00000233242,2,13692,4.136466890465839,True,True,APOB [ENST00000233242]
28283,FAT3,FAT atypical cadherin 3,ENSG00000165323,ENST00000409404,11,13674,4.135895575564019,False,True,FAT3 [ENST00000409404]
16029,PLEC,plectin,ENSG00000178209,ENST00000357649,8,13656,4.135323508106677,True,True,PLEC [ENST00000357649]
14529,PLEC,plectin,ENSG00000178209,ENST00000354589,8,13644,4.13494171073536,True,True,PLEC [ENST00000354589]
13579,PLEC,plectin,ENSG00000178209,ENST00000345136,8,13644,4.13494171073536,True,True,PLEC [ENST00000345136]
2107,LRP1,LDL receptor related protein 1,ENSG00000123384,ENST00000243077,12,13635,4.134655142277649,False,True,LRP1 [ENST00000243077]
116350,MYCBP2,MYC binding protein 2,ENSG00000005810,ENST00000695081,13,13614,4.133985746268579,False,True,MYCBP2 [ENST00000695081]
14367,PLEC,plectin,ENSG00000178209,ENST00000356346,8,13602,4.133602770510161,True,True,PLEC [ENST00000356346]
29794,DNAH10,dynein axonemal heavy chain 10,ENSG00000197653,ENST00000409039,12,13599,4.13350697377835,True,True,DNAH10 [ENST00000409039]
14640,PLEC,plectin,ENSG00000178209,ENST00000354958,8,13578,4.132835804338372,True,True,PLEC [ENST00000354958]
117530,PLEC,plectin,ENSG00000178209,ENST00000693060,8,13575,4.132739838260885,True,True,PLEC [ENST00000693060]
34021,DNAH11,dynein axonemal heavy chain 11,ENSG00000105877,ENST00000409508,7,13551,4.131971345281056,True,True,DNAH11 [ENST00000409508]
29650,PLEC,plectin,ENSG00000178209,ENST00000398774,8,13548,4.131875187972593,True,True,PLEC [ENST00000398774]
43569,DNAH14,dynein axonemal heavy chain 14,ENSG00000185842,ENST00000439375,1,13548,4.131875187972593,False,True,DNAH14 [ENST00000439375]
39945,DNAH14,dynein axonemal heavy chain 14,ENSG00000185842,ENST00000430092,1,13548,4.131875187972593,False,True,DNAH14 [ENST00000430092]
113293,DYNC1H1,dynein cytoplasmic 1 heavy chain 1,ENSG00000197102,ENST00000681822,14,13545,4.131779009369187,True,True,DYNC1H1 [ENST00000681822]
52050,MUC4,"mucin 4, cell surface associated",ENSG00000145113,ENST00000477756,3,13533,4.131394081817373,False,True,MUC4 [ENST00000477756]
7720,MUC17,"mucin 17, cell surface associated",ENSG00000169876,ENST00000306151,7,13482,4.129754322802772,False,True,MUC17 [ENST00000306151]
104236,TNXB,tenascin XB,ENSG00000168477,ENST00000647633,6,13476,4.1295610023090825,True,True,TNXB [ENST00000647633]
16247,DNAH8,dynein axonemal heavy chain 8,ENSG00000124721,ENST00000359357,6,13473,4.129464309782377,True,True,DNAH8 [ENST00000359357]
3839,DNAH9,dynein axonemal heavy chain 9,ENSG00000007174,ENST00000262442,17,13461,4.129077324252736,True,True,DNAH9 [ENST00000262442]
95565,MUC4,"mucin 4, cell surface associated",ENSG00000278468,ENST00000627411,CHR_HSCHR3_4_CTG3,13455,4.128883702099773,False,True,MUC4 [ENST00000627411]
97822,MUC4,"mucin 4, cell surface associated",ENSG00000273822,ENST00000625520,CHR_HSCHR3_3_CTG3,13452,4.128786858642598,False,True,MUC4 [ENST00000625520]
96989,MUC4,"mucin 4, cell surface associated",ENSG00000276613,ENST00000629006,CHR_HSCHR3_8_CTG3,13452,4.128786858642598,False,True,MUC4 [ENST00000629006]
97580,MUC4,"mucin 4, cell surface associated",ENSG00000273984,ENST00000627203,CHR_HSCHR3_7_CTG3,13452,4.128786858642598,False,True,MUC4 [ENST00000627203]
98144,MUC4,"mucin 4, cell surface associated",ENSG00000278303,ENST00000626727,CHR_HSCHR3_5_CTG3,13452,4.128786858642598,False,True,MUC4 [ENST00000626727]
101489,DNAH10,dynein axonemal heavy chain 10,ENSG00000197653,ENST00000638045,12,13416,4.1276230495980295,True,True,DNAH10 [ENST00000638045]
25801,DNAH17,dynein axonemal heavy chain 17,ENSG00000187775,ENST00000389840,17,13389,4.126748141560192,True,True,DNAH17 [ENST00000389840]
111892,DYNC1H1,dynein cytoplasmic 1 heavy chain 1,ENSG00000197102,ENST00000680313,14,13380,4.1264561134318045,True,True,DYNC1H1 [ENST00000680313]
51452,MUC4,"mucin 4, cell surface associated",ENSG00000145113,ENST00000480843,3,13377,4.126358727069269,False,True,MUC4 [ENST00000480843]
116191,PLEC,plectin,ENSG00000178209,ENST00000687971,8,13362,4.1258714674176815,True,True,PLEC [ENST00000687971]
50308,MUC4,"mucin 4, cell surface associated",ENSG00000145113,ENST00000470451,3,13335,4.124993020025895,False,True,MUC4 [ENST00000470451]
50725,MUC4,"mucin 4, cell surface associated",ENSG00000145113,ENST00000462323,3,13329,4.124797567960534,False,True,MUC4 [ENST00000462323]
21668,MACF1,microtubule actin crosslinking factor 1,ENSG00000127603,ENST00000372925,1,13305,4.124014878887408,True,True,MACF1 [ENST00000372925]
95482,MUC4,"mucin 4, cell surface associated",ENSG00000278468,ENST00000630579,CHR_HSCHR3_4_CTG3,13299,4.123818986018997,False,True,MUC4 [ENST00000630579]
95813,MUC4,"mucin 4, cell surface associated",ENSG00000273822,ENST00000630459,CHR_HSCHR3_3_CTG3,13296,4.123721006440036,False,True,MUC4 [ENST00000630459]
96003,MUC4,"mucin 4, cell surface associated",ENSG00000276613,ENST00000630081,CHR_HSCHR3_8_CTG3,13296,4.123721006440036,False,True,MUC4 [ENST00000630081]
98045,MUC4,"mucin 4, cell surface associated",ENSG00000278303,ENST00000628806,CHR_HSCHR3_5_CTG3,13296,4.123721006440036,False,True,MUC4 [ENST00000628806]
97334,MUC4,"mucin 4, cell surface associated",ENSG00000273984,ENST00000631279,CHR_HSCHR3_7_CTG3,13296,4.123721006440036,False,True,MUC4 [ENST00000631279]
50958,MUC4,"mucin 4, cell surface associated",ENSG00000145113,ENST00000466475,3,13293,4.123623004751274,False,True,MUC4 [ENST00000466475]
52181,MUC4,"mucin 4, cell surface associated",ENSG00000145113,ENST00000479406,3,13293,4.123623004751274,False,True,MUC4 [ENST00000479406]
81751,DNAH2,dynein axonemal heavy chain 2,ENSG00000183914,ENST00000572933,17,13284,4.1233288669263475,True,True,DNAH2 [ENST00000572933]
23656,DNAH2,dynein axonemal heavy chain 2,ENSG00000183914,ENST00000389173,17,13284,4.1233288669263475,True,True,DNAH2 [ENST00000389173]
96746,MUC4,"mucin 4, cell surface associated",ENSG00000278468,ENST00000630183,CHR_HSCHR3_4_CTG3,13257,4.122445256281956,False,True,MUC4 [ENST00000630183]
113612,HECTD4,HECT domain E3 ubiquitin protein ligase 4,ENSG00000173064,ENST00000682272,12,13257,4.122445256281956,True,True,HECTD4 [ENST00000682272]
97349,MUC4,"mucin 4, cell surface associated",ENSG00000273984,ENST00000626878,CHR_HSCHR3_7_CTG3,13254,4.122346966255079,False,True,MUC4 [ENST00000626878]
95760,MUC4,"mucin 4, cell surface associated",ENSG00000276613,ENST00000628062,CHR_HSCHR3_8_CTG3,13254,4.122346966255079,False,True,MUC4 [ENST00000628062]
96032,MUC4,"mucin 4, cell surface associated",ENSG00000273822,ENST00000629021,CHR_HSCHR3_3_CTG3,13254,4.122346966255079,False,True,MUC4 [ENST00000629021]
96099,MUC4,"mucin 4, cell surface associated",ENSG00000278303,ENST00000627334,CHR_HSCHR3_5_CTG3,13254,4.122346966255079,False,True,MUC4 [ENST00000627334]
96347,MUC4,"mucin 4, cell surface associated",ENSG00000278468,ENST00000629594,CHR_HSCHR3_4_CTG3,13251,4.122248653978054,False,True,MUC4 [ENST00000629594]
23851,HECTD4,HECT domain E3 ubiquitin protein ligase 4,ENSG00000173064,ENST00000377560,12,13251,4.122248653978054,True,True,HECTD4 [ENST00000377560]
97618,MUC4,"mucin 4, cell surface associated",ENSG00000276613,ENST00000627236,CHR_HSCHR3_8_CTG3,13248,4.122150319440805,False,True,MUC4 [ENST00000627236]
96299,MUC4,"mucin 4, cell surface associated",ENSG00000273984,ENST00000625421,CHR_HSCHR3_7_CTG3,13248,4.122150319440805,False,True,MUC4 [ENST00000625421]
97496,MUC4,"mucin 4, cell surface associated",ENSG00000278303,ENST00000631351,CHR_HSCHR3_5_CTG3,13248,4.122150319440805,False,True,MUC4 [ENST00000631351]
98001,MUC4,"mucin 4, cell surface associated",ENSG00000273822,ENST00000626318,CHR_HSCHR3_3_CTG3,13248,4.122150319440805,False,True,MUC4 [ENST00000626318]
46351,DNAH9,dynein axonemal heavy chain 9,ENSG00000007174,ENST00000454412,17,13233,4.12165831249807,True,True,DNAH9 [ENST00000454412]
113344,DYNC1H1,dynein cytoplasmic 1 heavy chain 1,ENSG00000197102,ENST00000680120,14,13227,4.121461353545985,True,True,DYNC1H1 [ENST00000680120]
97379,MUC4,"mucin 4, cell surface associated",ENSG00000278468,ENST00000628685,CHR_HSCHR3_4_CTG3,13215,4.1210671674677295,False,True,MUC4 [ENST00000628685]
96388,MUC4,"mucin 4, cell surface associated",ENSG00000278468,ENST00000631360,CHR_HSCHR3_4_CTG3,13215,4.1210671674677295,False,True,MUC4 [ENST00000631360]
95788,MUC4,"mucin 4, cell surface associated",ENSG00000278303,ENST00000628289,CHR_HSCHR3_5_CTG3,13212,4.120968565019377,False,True,MUC4 [ENST00000628289]
97007,MUC4,"mucin 4, cell surface associated",ENSG00000273984,ENST00000627476,CHR_HSCHR3_7_CTG3,13212,4.120968565019377,False,True,MUC4 [ENST00000627476]
96809,MUC4,"mucin 4, cell surface associated",ENSG00000273822,ENST00000626905,CHR_HSCHR3_3_CTG3,13212,4.120968565019377,False,True,MUC4 [ENST00000626905]
98141,MUC4,"mucin 4, cell surface associated",ENSG00000276613,ENST00000630037,CHR_HSCHR3_8_CTG3,13212,4.120968565019377,False,True,MUC4 [ENST00000630037]
96157,MUC4,"mucin 4, cell surface associated",ENSG00000276613,ENST00000625407,CHR_HSCHR3_8_CTG3,13212,4.120968565019377,False,True,MUC4 [ENST00000625407]
96725,MUC4,"mucin 4, cell surface associated",ENSG00000278303,ENST00000628970,CHR_HSCHR3_5_CTG3,13212,4.120968565019377,False,True,MUC4 [ENST00000628970]
95376,MUC4,"mucin 4, cell surface associated",ENSG00000273822,ENST00000628931,CHR_HSCHR3_3_CTG3,13212,4.120968565019377,False,True,MUC4 [ENST00000628931]
96248,MUC4,"mucin 4, cell surface associated",ENSG00000273822,ENST00000625430,CHR_HSCHR3_3_CTG3,13212,4.120968565019377,False,True,MUC4 [ENST00000625430]
98035,MUC4,"mucin 4, cell surface associated",ENSG00000273984,ENST00000630127,CHR_HSCHR3_7_CTG3,13212,4.120968565019377,False,True,MUC4 [ENST00000630127]
51211,MUC4,"mucin 4, cell surface associated",ENSG00000145113,ENST00000477086,3,13203,4.120672623282608,False,True,MUC4 [ENST00000477086]
96526,MUC4,"mucin 4, cell surface associated",ENSG00000273822,ENST00000631078,CHR_HSCHR3_3_CTG3,13182,4.119981307304154,False,True,MUC4 [ENST00000631078]
17726,HSPG2,heparan sulfate proteoglycan 2,ENSG00000142798,ENST00000374695,1,13176,4.119783586161698,True,True,HSPG2 [ENST00000374695]
93584,VPS13D,vacuolar protein sorting 13 homolog D,ENSG00000048707,ENST00000620676,1,13167,4.1194868355646355,True,True,VPS13D [ENST00000620676]
7233,ANK3,ankyrin 3,ENSG00000151150,ENST00000280772,10,13134,4.118397011951576,True,True,ANK3 [ENST00000280772]
2646,HUWE1,"HECT, UBA and WWE domain containing E3 ubiquitin protein ligase 1",ENSG00000086758,ENST00000262854,X,13125,4.1180993120779945,True,True,HUWE1 [ENST00000262854]
12891,HUWE1,"HECT, UBA and WWE domain containing E3 ubiquitin protein ligase 1",ENSG00000086758,ENST00000342160,X,13125,4.1180993120779945,True,True,HUWE1 [ENST00000342160]
97759,MUC4,"mucin 4, cell surface associated",ENSG00000278468,ENST00000628330,CHR_HSCHR3_4_CTG3,13125,4.1180993120779945,False,True,MUC4 [ENST00000628330]
96784,MUC4,"mucin 4, cell surface associated",ENSG00000276613,ENST00000629793,CHR_HSCHR3_8_CTG3,13122,4.11800003342128,False,True,MUC4 [ENST00000629793]
96924,MUC4,"mucin 4, cell surface associated",ENSG00000273822,ENST00000629873,CHR_HSCHR3_3_CTG3,13122,4.11800003342128,False,True,MUC4 [ENST00000629873]
97683,MUC4,"mucin 4, cell surface associated",ENSG00000273822,ENST00000629826,CHR_HSCHR3_3_CTG3,13122,4.11800003342128,False,True,MUC4 [ENST00000629826]
96206,MUC4,"mucin 4, cell surface associated",ENSG00000278303,ENST00000627391,CHR_HSCHR3_5_CTG3,13122,4.11800003342128,False,True,MUC4 [ENST00000627391]
95623,MUC4,"mucin 4, cell surface associated",ENSG00000273984,ENST00000630325,CHR_HSCHR3_7_CTG3,13122,4.11800003342128,False,True,MUC4 [ENST00000630325]
96096,MUC4,"mucin 4, cell surface associated",ENSG00000273822,ENST00000626113,CHR_HSCHR3_3_CTG3,13122,4.11800003342128,False,True,MUC4 [ENST00000626113]
97274,MUC4,"mucin 4, cell surface associated",ENSG00000273822,ENST00000631097,CHR_HSCHR3_3_CTG3,13122,4.11800003342128,False,True,MUC4 [ENST00000631097]
89289,HUWE1,"HECT, UBA and WWE domain containing E3 ubiquitin protein ligase 1",ENSG00000086758,ENST00000612484,X,13098,4.117204986092783,True,True,HUWE1 [ENST00000612484]
94066,VPS13D,vacuolar protein sorting 13 homolog D,ENSG00000048707,ENST00000613099,1,13092,4.1170059966359664,True,True,VPS13D [ENST00000613099]
3292,FAT2,FAT atypical cadherin 2,ENSG00000086570,ENST00000261800,5,13050,4.1156105116743,True,True,FAT2 [ENST00000261800]
98814,UNC13B,unc-13 homolog B,ENSG00000198722,ENST00000635942,9,13023,4.114711040558363,False,True,UNC13B [ENST00000635942]
105679,DYNC2H1,dynein cytoplasmic 2 heavy chain 1,ENSG00000187240,ENST00000650373,11,12945,4.112102054770891,True,True,DYNC2H1 [ENST00000650373]
20858,DYNC2H1,dynein cytoplasmic 2 heavy chain 1,ENSG00000187240,ENST00000375735,11,12924,4.111396949345607,True,True,DYNC2H1 [ENST00000375735]
4234,PKD1,"polycystin 1, transient receptor potential channel interacting",ENSG00000008710,ENST00000262304,16,12912,4.110993517377995,True,True,PKD1 [ENST00000262304]
121096,HUWE1,"HECT, UBA and WWE domain containing E3 ubiquitin protein ligase 1",ENSG00000086758,ENST00000704099,X,12909,4.1108926008022175,True,True,HUWE1 [ENST00000704099]
38445,PKD1,"polycystin 1, transient receptor potential channel interacting",ENSG00000008710,ENST00000423118,16,12909,4.1108926008022175,True,True,PKD1 [ENST00000423118]
71023,HECTD4,HECT domain E3 ubiquitin protein ligase 4,ENSG00000173064,ENST00000550722,12,12855,4.109072080978879,True,True,HECTD4 [ENST00000550722]
31332,DNAH1,dynein axonemal heavy chain 1,ENSG00000114841,ENST00000420323,3,12798,4.107142105833073,True,True,DNAH1 [ENST00000420323]
24263,MUC17,"mucin 17, cell surface associated",ENSG00000169876,ENST00000379439,7,12789,4.106836587366795,False,True,MUC17 [ENST00000379439]
20222,TNXB,tenascin XB,ENSG00000168477,ENST00000375244,6,12735,4.104998949299634,True,True,TNXB [ENST00000375244]
101909,TNXB,tenascin XB,ENSG00000168477,ENST00000644971,6,12735,4.104998949299634,True,True,TNXB [ENST00000644971]
26261,PKHD1L1,PKHD1 like 1,ENSG00000205038,ENST00000378402,8,12732,4.104896629948965,False,True,PKHD1L1 [ENST00000378402]
71326,TNXB,tenascin XB,ENSG00000233323,ENST00000549232,CHR_HSCHR6_MHC_COX_CTG1,12729,4.104794286486278,True,True,TNXB [ENST00000549232]
72784,TNXB,tenascin XB,ENSG00000231608,ENST00000550212,CHR_HSCHR6_MHC_DBB_CTG1,12729,4.104794286486278,True,True,TNXB [ENST00000550212]
74035,TNXB,tenascin XB,ENSG00000206258,ENST00000548649,CHR_HSCHR6_MHC_MCF_CTG1,12729,4.104794286486278,True,True,TNXB [ENST00000548649]
112542,DYNC1H1,dynein cytoplasmic 1 heavy chain 1,ENSG00000197102,ENST00000680715,14,12705,4.103974669386388,True,True,DYNC1H1 [ENST00000680715]
35805,TNXB,tenascin XB,ENSG00000206258,ENST00000424718,CHR_HSCHR6_MHC_MCF_CTG1,12669,4.10274233614457,True,True,TNXB [ENST00000424718]
43364,TNXB,tenascin XB,ENSG00000231608,ENST00000440248,CHR_HSCHR6_MHC_DBB_CTG1,12669,4.10274233614457,True,True,TNXB [ENST00000440248]
23659,TNXB,tenascin XB,ENSG00000233323,ENST00000383159,CHR_HSCHR6_MHC_COX_CTG1,12669,4.10274233614457,True,True,TNXB [ENST00000383159]
91779,FCGBP,Fc gamma binding protein,ENSG00000275395,ENST00000616721,19,12615,4.1008872548535935,False,True,FCGBP [ENST00000616721]
45962,DNAH8,dynein axonemal heavy chain 8,ENSG00000124721,ENST00000449981,6,12567,4.099231615080882,True,True,DNAH8 [ENST00000449981]
55555,ANK2,ankyrin 2,ENSG00000145362,ENST00000506344,4,12552,4.0987129305788805,True,True,ANK2 [ENST00000506344]
118394,BLTP1,bridge-like lipid transfer protein family member 1,ENSG00000138688,ENST00000693420,4,12549,4.098609119300293,False,True,BLTP1 [ENST00000693420]
112521,DYNC1H1,dynein cytoplasmic 1 heavy chain 1,ENSG00000197102,ENST00000681010,14,12540,4.098297536494697,True,True,DYNC1H1 [ENST00000681010]
110272,DYNC1H1,dynein cytoplasmic 1 heavy chain 1,ENSG00000197102,ENST00000679486,14,12525,4.097777734539283,True,True,DYNC1H1 [ENST00000679486]
91175,ALMS1,ALMS1 centrosome and basal body associated protein,ENSG00000116127,ENST00000613296,2,12507,4.09715314984596,True,True,ALMS1 [ENST00000613296]
22301,DNAH6,dynein axonemal heavy chain 6,ENSG00000115423,ENST00000389394,2,12477,4.096110175084596,False,True,DNAH6 [ENST00000389394]
115232,DNAH3,dynein axonemal heavy chain 3,ENSG00000158486,ENST00000685858,16,12393,4.093176449696249,False,True,DNAH3 [ENST00000685858]
4907,PRKDC,"protein kinase, DNA-activated, catalytic subunit",ENSG00000253729,ENST00000314191,8,12387,4.092966137594365,True,True,PRKDC [ENST00000314191]
54843,ALMS1,ALMS1 centrosome and basal body associated protein,ENSG00000116127,ENST00000484298,2,12381,4.092755723597079,True,True,ALMS1 [ENST00000484298]
4503,DNAH3,dynein axonemal heavy chain 3,ENSG00000158486,ENST00000261383,16,12351,4.091702121717148,False,True,DNAH3 [ENST00000261383]
11648,PRKDC,"protein kinase, DNA-activated, catalytic subunit",ENSG00000253729,ENST00000338368,8,12294,4.089693208784839,True,True,PRKDC [ENST00000338368]
19874,PKHD1,PKHD1 ciliary IPT domain containing fibrocystin/polyductin,ENSG00000170927,ENST00000371117,6,12225,4.087248867795658,True,True,PKHD1 [ENST00000371117]
119750,DNAH3,dynein axonemal heavy chain 3,ENSG00000158486,ENST00000698260,16,12213,4.086822357099062,False,True,DNAH3 [ENST00000698260]
40663,CMYA5,cardiomyopathy associated 5,ENSG00000164309,ENST00000446378,5,12210,4.086715663944882,False,True,CMYA5 [ENST00000446378]
115053,ALMS1,ALMS1 centrosome and basal body associated protein,ENSG00000116127,ENST00000684548,2,12198,4.086288629021682,True,True,ALMS1 [ENST00000684548]
19886,FLG,filaggrin,ENSG00000143631,ENST00000368799,1,12186,4.085861173788451,True,True,FLG [ENST00000368799]
112075,KMT2C,lysine methyltransferase 2C,ENSG00000055609,ENST00000683200,7,12165,4.085112113266837,True,True,KMT2C [ENST00000683200]
112561,ALMS1,ALMS1 centrosome and basal body associated protein,ENSG00000116127,ENST00000682859,2,12126,4.083717563898948,True,True,ALMS1 [ENST00000682859]
95799,MUC6,"mucin 6, oligomeric mucus/gel-forming",ENSG00000277281,ENST00000627926,CHR_HSCHR11_3_CTG1,12123,4.08361010516231,False,True,MUC6 [ENST00000627926]
5318,DNAH7,dynein axonemal heavy chain 7,ENSG00000118997,ENST00000312428,2,12075,4.08188713942355,True,True,DNAH7 [ENST00000312428]
16854,VPS13B,vacuolar protein sorting 13 homolog B,ENSG00000132549,ENST00000358544,8,12069,4.0816712872909235,True,True,VPS13B [ENST00000358544]
61816,FRAS1,Fraser extracellular matrix complex subunit 1,ENSG00000138759,ENST00000512123,4,12039,4.080590414453501,True,True,FRAS1 [ENST00000512123]
113265,ALMS1,ALMS1 centrosome and basal body associated protein,ENSG00000116127,ENST00000682565,2,12018,4.07983219967722,True,True,ALMS1 [ENST00000682565]
113634,DYNC1H1,dynein cytoplasmic 1 heavy chain 1,ENSG00000197102,ENST00000681123,14,12006,4.079398339019855,True,True,DYNC1H1 [ENST00000681123]
16112,VPS13B,vacuolar protein sorting 13 homolog B,ENSG00000132549,ENST00000357162,8,11994,4.0789640445017605,True,True,VPS13B [ENST00000357162]
116507,KMT2A,lysine methyltransferase 2A,ENSG00000118058,ENST00000691053,11,11991,4.078855402979768,True,True,KMT2A [ENST00000691053]
107431,ANK2,ankyrin 2,ENSG00000145362,ENST00000672209,4,11988,4.078746734273607,True,True,ANK2 [ENST00000672209]
108111,ANK2,ankyrin 2,ENSG00000145362,ENST00000672240,4,11955,4.077549580451794,True,True,ANK2 [ENST00000672240]
107135,ANK2,ankyrin 2,ENSG00000145362,ENST00000671971,4,11919,4.076239819775025,True,True,ANK2 [ENST00000671971]
67247,KMT2A,lysine methyltransferase 2A,ENSG00000118058,ENST00000534358,11,11919,4.076239819775025,True,True,KMT2A [ENST00000534358]
22983,KMT2A,lysine methyltransferase 2A,ENSG00000118058,ENST00000389506,11,11910,4.075911761482778,True,True,KMT2A [ENST00000389506]
113275,DYNC1H1,dynein cytoplasmic 1 heavy chain 1,ENSG00000197102,ENST00000681066,14,11901,4.075583455193813,True,True,DYNC1H1 [ENST00000681066]
104642,DYNC1H1,dynein cytoplasmic 1 heavy chain 1,ENSG00000197102,ENST00000645039,14,11898,4.075473964588946,True,True,DYNC1H1 [ENST00000645039]
107264,ANK2,ankyrin 2,ENSG00000145362,ENST00000673298,4,11895,4.075364446373285,True,True,ANK2 [ENST00000673298]
57604,ANK2,ankyrin 2,ENSG00000145362,ENST00000503423,4,11886,4.0750357259221905,True,True,ANK2 [ENST00000503423]
56534,DNAH12,dynein axonemal heavy chain 12,ENSG00000174844,ENST00000495027,3,11883,4.074926097123956,False,True,DNAH12 [ENST00000495027]
15742,ANK2,ankyrin 2,ENSG00000145362,ENST00000357077,4,11874,4.07459704459004,True,True,ANK2 [ENST00000357077]
81094,ZNF469,zinc finger protein 469,ENSG00000225614,ENST00000565624,16,11862,4.074157919697316,True,True,ZNF469 [ENST00000565624]
107947,ANK2,ankyrin 2,ENSG00000145362,ENST00000673363,4,11820,4.072617476545236,True,True,ANK2 [ENST00000673363]
108675,ANK2,ankyrin 2,ENSG00000145362,ENST00000672830,4,11811,4.072286669509892,True,True,ANK2 [ENST00000672830]
108267,ANK2,ankyrin 2,ENSG00000145362,ENST00000672068,4,11805,4.072065991414746,True,True,ANK2 [ENST00000672068]
113752,DYNC1H1,dynein cytoplasmic 1 heavy chain 1,ENSG00000197102,ENST00000679629,14,11802,4.071955610302981,True,True,DYNC1H1 [ENST00000679629]
14576,AKAP9,A-kinase anchoring protein 9,ENSG00000127914,ENST00000359028,7,11796,4.0717347638797605,False,True,AKAP9 [ENST00000359028]
106125,KMT2A,lysine methyltransferase 2A,ENSG00000118058,ENST00000649699,11,11796,4.0717347638797605,True,True,KMT2A [ENST00000649699]
6350,BSN,bassoon presynaptic cytomatrix protein,ENSG00000164061,ENST00000296452,3,11781,4.071182155990081,False,True,BSN [ENST00000296452]
42406,ZNF469,zinc finger protein 469,ENSG00000225614,ENST00000437464,16,11778,4.07107154998365,True,True,ZNF469 [ENST00000437464]
2582,ANK2,ankyrin 2,ENSG00000145362,ENST00000264366,4,11775,4.070960915800934,True,True,ANK2 [ENST00000264366]
108634,ANK2,ankyrin 2,ENSG00000145362,ENST00000672502,4,11775,4.070960915800934,True,True,ANK2 [ENST00000672502]
113554,AKAP9,A-kinase anchoring protein 9,ENSG00000127914,ENST00000681412,7,11772,4.070850253427573,False,True,AKAP9 [ENST00000681412]
111948,AKAP9,A-kinase anchoring protein 9,ENSG00000127914,ENST00000680534,7,11763,4.070518097019869,False,True,AKAP9 [ENST00000680534]
108942,ANK2,ankyrin 2,ENSG00000145362,ENST00000671809,4,11748,4.069963937850763,True,True,ANK2 [ENST00000671809]
113440,AKAP9,A-kinase anchoring protein 9,ENSG00000127914,ENST00000681722,7,11748,4.069963937850763,False,True,AKAP9 [ENST00000681722]
14921,AKAP9,A-kinase anchoring protein 9,ENSG00000127914,ENST00000356239,7,11724,4.069075809766398,False,True,AKAP9 [ENST00000356239]
108952,ANK2,ankyrin 2,ENSG00000145362,ENST00000672090,4,11712,4.068631063714316,True,True,ANK2 [ENST00000672090]
113850,AKAP9,A-kinase anchoring protein 9,ENSG00000127914,ENST00000680766,7,11700,4.068185861746161,False,True,AKAP9 [ENST00000680766]
107446,ANK2,ankyrin 2,ENSG00000145362,ENST00000671906,4,11688,4.06774020292624,True,True,ANK2 [ENST00000671906]
107607,ANK2,ankyrin 2,ENSG00000145362,ENST00000672251,4,11676,4.067294086315977,True,True,ANK2 [ENST00000672251]
110535,AKAP9,A-kinase anchoring protein 9,ENSG00000127914,ENST00000679521,7,11670,4.06707085604537,False,True,AKAP9 [ENST00000679521]
108325,ANK2,ankyrin 2,ENSG00000145362,ENST00000673573,4,11649,4.06628864526571,True,True,ANK2 [ENST00000673573]
108818,ANK2,ankyrin 2,ENSG00000145362,ENST00000673555,4,11640,4.065952980313869,True,True,ANK2 [ENST00000673555]
113999,AKAP9,A-kinase anchoring protein 9,ENSG00000127914,ENST00000680181,7,11631,4.0656170557268725,False,True,AKAP9 [ENST00000680181]
107993,ANK2,ankyrin 2,ENSG00000145362,ENST00000671882,4,11625,4.065392961561992,True,True,ANK2 [ENST00000671882]
45790,TRRAP,transformation/transcription domain associated protein,ENSG00000196367,ENST00000456197,7,11622,4.065280871102755,True,True,TRRAP [ENST00000456197]
107534,ANK2,ankyrin 2,ENSG00000145362,ENST00000672934,4,11613,4.064944426038617,True,True,ANK2 [ENST00000672934]
107927,ANK2,ankyrin 2,ENSG00000145362,ENST00000673109,4,11589,4.0640459628644825,True,True,ANK2 [ENST00000673109]
112530,AKAP9,A-kinase anchoring protein 9,ENSG00000127914,ENST00000680513,7,11583,4.063821056343712,False,True,AKAP9 [ENST00000680513]
15711,TRRAP,transformation/transcription domain associated protein,ENSG00000196367,ENST00000359863,7,11580,4.063708559391418,True,True,TRRAP [ENST00000359863]
91871,ALMS1,ALMS1 centrosome and basal body associated protein,ENSG00000116127,ENST00000614410,2,11580,4.063708559391418,True,True,ALMS1 [ENST00000614410]
112726,ALMS1,ALMS1 centrosome and basal body associated protein,ENSG00000116127,ENST00000682801,2,11559,4.062920263732663,True,True,ALMS1 [ENST00000682801]
112803,AKAP9,A-kinase anchoring protein 9,ENSG00000127914,ENST00000680072,7,11547,4.062469165814253,False,True,AKAP9 [ENST00000680072]
108812,ANK2,ankyrin 2,ENSG00000145362,ENST00000672930,4,11547,4.062469165814253,True,True,ANK2 [ENST00000672930]
42418,TRRAP,transformation/transcription domain associated protein,ENSG00000196367,ENST00000446306,7,11547,4.062469165814253,True,True,TRRAP [ENST00000446306]
105666,NBPF19,NBPF member 19,ENSG00000271383,ENST00000651566,1,11532,4.06190463371617,False,True,NBPF19 [ENST00000651566]
92234,,"novel protein, identical to neuroblastoma breakpoint family, member 19 NBPF19",ENSG00000286185,ENST00000621744,1,11532,4.06190463371617,False,True, [ENST00000621744]
102715,BIRC6,baculoviral IAP repeat containing 6,ENSG00000115760,ENST00000648282,2,11527,4.061716293159897,False,True,BIRC6 [ENST00000648282]
108645,XIRP2,xin actin binding repeat containing 2,ENSG00000163092,ENST00000672671,2,11514,4.061226225119115,False,True,XIRP2 [ENST00000672671]
14217,TRRAP,transformation/transcription domain associated protein,ENSG00000196367,ENST00000355540,7,11493,4.0604334067027406,True,True,TRRAP [ENST00000355540]
30903,SACS,sacsin molecular chaperone,ENSG00000151835,ENST00000402364,13,11490,4.0603200286882855,True,True,SACS [ENST00000402364]
112130,AKAP9,A-kinase anchoring protein 9,ENSG00000127914,ENST00000680952,7,11484,4.060093183824469,False,True,AKAP9 [ENST00000680952]
114015,AKAP9,A-kinase anchoring protein 9,ENSG00000127914,ENST00000679821,7,11466,4.059411937438656,False,True,AKAP9 [ENST00000679821]
106942,ANK2,ankyrin 2,ENSG00000145362,ENST00000673334,4,11463,4.059298292408071,True,True,ANK2 [ENST00000673334]
23676,LYST,lysosomal trafficking regulator,ENSG00000143669,ENST00000389793,1,11406,4.057133367249087,True,True,LYST [ENST00000389793]
85467,NBPF10,NBPF member 10,ENSG00000271425,ENST00000583866,1,11388,4.056447458474917,False,True,NBPF10 [ENST00000583866]
110470,AKAP9,A-kinase anchoring protein 9,ENSG00000127914,ENST00000679457,7,11322,4.053923150548575,False,True,AKAP9 [ENST00000679457]
113445,DYNC1H1,dynein cytoplasmic 1 heavy chain 1,ENSG00000197102,ENST00000681283,14,11277,4.0521935804334746,True,True,DYNC1H1 [ENST00000681283]
102699,VPS13C,vacuolar protein sorting 13 homolog C,ENSG00000129003,ENST00000644861,15,11262,4.0516155230049895,True,True,VPS13C [ENST00000644861]
1530,VPS13C,vacuolar protein sorting 13 homolog C,ENSG00000129003,ENST00000249837,15,11133,4.046612209068446,True,True,VPS13C [ENST00000249837]
11311,IGFN1,immunoglobulin like and fibronectin type III domain containing 1,ENSG00000163395,ENST00000335211,1,11127,4.0463780880482725,False,True,IGFN1 [ENST00000335211]
6871,CSMD3,CUB and Sushi multiple domains 3,ENSG00000164796,ENST00000297405,8,11124,4.046260980192122,False,True,CSMD3 [ENST00000297405]
3939,ZFHX3,zinc finger homeobox 3,ENSG00000140836,ENST00000268489,16,11112,4.045792232729559,True,True,ZFHX3 [ENST00000268489]
99949,ZFHX3,zinc finger homeobox 3,ENSG00000140836,ENST00000641206,16,11112,4.045792232729559,True,True,ZFHX3 [ENST00000641206]
2132,LAMA5,laminin subunit alpha 5,ENSG00000130702,ENST00000252999,20,11088,4.044853217267732,True,True,LAMA5 [ENST00000252999]
14670,DMD,dystrophin,ENSG00000198947,ENST00000357033,X,11058,4.043676585602717,True,True,DMD [ENST00000357033]
24149,DMD,dystrophin,ENSG00000198947,ENST00000378677,X,11046,4.043205038887658,True,True,DMD [ENST00000378677]
13873,SPTBN5,"spectrin beta, non-erythrocytic 5",ENSG00000137877,ENST00000320955,15,11025,4.0423785981398765,False,True,SPTBN5 [ENST00000320955]
113107,VPS13B,vacuolar protein sorting 13 homolog B,ENSG00000132549,ENST00000682153,8,11016,4.042023927248867,True,True,VPS13B [ENST00000682153]
112917,DYNC1H1,dynein cytoplasmic 1 heavy chain 1,ENSG00000197102,ENST00000680137,14,11007,4.04166896647561,True,True,DYNC1H1 [ENST00000680137]
12307,CSMD3,CUB and Sushi multiple domains 3,ENSG00000164796,ENST00000343508,8,11004,4.041550581717646,False,True,CSMD3 [ENST00000343508]
20817,SPEN,spen family transcriptional repressor,ENSG00000065526,ENST00000375759,1,10995,4.0411952336968096,True,True,SPEN [ENST00000375759]
41684,SMG1,SMG1 nonsense mediated mRNA decay associated PI3K related kinase,ENSG00000157106,ENST00000446231,16,10986,4.04083959468534,False,True,SMG1 [ENST00000446231]
103754,DYNC1H1,dynein cytoplasmic 1 heavy chain 1,ENSG00000197102,ENST00000643508,14,10926,4.038461196178564,True,True,DYNC1H1 [ENST00000643508]
19421,CSMD2,CUB and Sushi multiple domains 2,ENSG00000121904,ENST00000373381,1,10896,4.03726709456871,False,True,CSMD2 [ENST00000373381]
102876,VPS13C,vacuolar protein sorting 13 homolog C,ENSG00000129003,ENST00000645819,15,10887,4.036908222920219,True,True,VPS13C [ENST00000645819]
24323,CUBN,cubilin,ENSG00000107611,ENST00000377833,10,10872,4.036309443724438,True,True,CUBN [ENST00000377833]
105165,ZFHX4,zinc finger homeobox 4,ENSG00000091656,ENST00000651372,8,10851,4.035469763481282,False,True,ZFHX4 [ENST00000651372]
92897,CSMD2,CUB and Sushi multiple domains 2,ENSG00000121904,ENST00000619121,1,10776,4.03245758271493,False,True,CSMD2 [ENST00000619121]
59363,ZFHX4,zinc finger homeobox 4,ENSG00000091656,ENST00000518282,8,10773,4.032336659845735,False,True,ZFHX4 [ENST00000518282]
28369,VPS13C,vacuolar protein sorting 13 homolog C,ENSG00000129003,ENST00000395898,15,10758,4.0317315399458264,True,True,VPS13C [ENST00000395898]
112141,DYNC1H1,dynein cytoplasmic 1 heavy chain 1,ENSG00000197102,ENST00000680200,14,10731,4.030640194868632,True,True,DYNC1H1 [ENST00000680200]
17749,SVEP1,"sushi, von Willebrand factor type A, EGF and pentraxin domain containing 1",ENSG00000165124,ENST00000374469,9,10716,4.030032704936171,False,True,SVEP1 [ENST00000374469]
60474,CSMD1,CUB and Sushi multiple domains 1,ENSG00000183117,ENST00000520002,8,10698,4.029302593558998,False,True,CSMD1 [ENST00000520002]
87499,CSMD1,CUB and Sushi multiple domains 1,ENSG00000183117,ENST00000602557,8,10698,4.029302593558998,False,True,CSMD1 [ENST00000602557]
99993,CSMD1,CUB and Sushi multiple domains 1,ENSG00000183117,ENST00000635120,8,10695,4.029180788907547,False,True,CSMD1 [ENST00000635120]
112807,ASPM,assembly factor for spindle microtubules,ENSG00000066279,ENST00000680265,1,10656,4.027594211826226,True,True,ASPM [ENST00000680265]
79751,SMG1,SMG1 nonsense mediated mRNA decay associated PI3K related kinase,ENSG00000157106,ENST00000565324,16,10656,4.027594211826226,False,True,SMG1 [ENST00000565324]
27951,XIRP2,xin actin binding repeat containing 2,ENSG00000163092,ENST00000409195,2,10650,4.027349607774757,False,True,XIRP2 [ENST00000409195]
112229,DYNC1H1,dynein cytoplasmic 1 heavy chain 1,ENSG00000197102,ENST00000680874,14,10644,4.027104865879351,True,True,DYNC1H1 [ENST00000680874]
30517,USP34,ubiquitin specific peptidase 34,ENSG00000115464,ENST00000398571,2,10641,4.0269824431916055,False,True,USP34 [ENST00000398571]
45878,CSMD3,CUB and Sushi multiple domains 3,ENSG00000164796,ENST00000455883,8,10617,4.026001817357177,False,True,CSMD3 [ENST00000455883]
103739,MYO15A,myosin XVA,ENSG00000091536,ENST00000647165,17,10593,4.025018972282759,True,True,MYO15A [ENST00000647165]
8761,WDFY3,WD repeat and FYVE domain containing 3,ENSG00000163625,ENST00000295888,4,10581,4.024526714387152,False,True,WDFY3 [ENST00000295888]
43331,DNAH14,dynein axonemal heavy chain 14,ENSG00000185842,ENST00000445597,1,10524,4.022180839413665,False,True,DNAH14 [ENST00000445597]
19658,CSMD2,CUB and Sushi multiple domains 2,ENSG00000121904,ENST00000373388,1,10464,4.019697730980192,False,True,CSMD2 [ENST00000373388]
17317,ASPM,assembly factor for spindle microtubules,ENSG00000066279,ENST00000367409,1,10434,4.018450832386356,True,True,ASPM [ENST00000367409]
14371,KMT2C,lysine methyltransferase 2C,ENSG00000055609,ENST00000360104,7,10431,4.018325945402921,True,True,KMT2C [ENST00000360104]
112148,ASPM,assembly factor for spindle microtubules,ENSG00000066279,ENST00000680710,1,10410,4.017450729510536,True,True,ASPM [ENST00000680710]
35711,RELN,reelin,ENSG00000189056,ENST00000424685,7,10410,4.017450729510536,True,True,RELN [ENST00000424685]
113783,RELN,reelin,ENSG00000189056,ENST00000681034,7,10398,4.01694981309756,True,True,RELN [ENST00000681034]
37472,RELN,reelin,ENSG00000189056,ENST00000428762,7,10383,4.01632285401379,True,True,RELN [ENST00000428762]
13487,RELN,reelin,ENSG00000189056,ENST00000343529,7,10377,4.016071816734024,True,True,RELN [ENST00000343529]
62820,PLEC,plectin,ENSG00000178209,ENST00000527303,8,10344,4.014688511872338,True,True,PLEC [ENST00000527303]
21563,UTRN,utrophin,ENSG00000152818,ENST00000367545,6,10302,4.01292154554456,False,True,UTRN [ENST00000367545]
96465,SZT2,SZT2 subunit of KICSTOR complex,ENSG00000198198,ENST00000634258,1,10299,4.012795058145413,True,True,SZT2 [ENST00000634258]
24641,BRCA2,BRCA2 DNA repair associated,ENSG00000139618,ENST00000380152,13,10257,4.011020355516257,True,True,BRCA2 [ENST00000380152]
113558,BRCA2,BRCA2 DNA repair associated,ENSG00000139618,ENST00000680887,13,10257,4.011020355516257,True,True,BRCA2 [ENST00000680887]
73765,BRCA2,BRCA2 DNA repair associated,ENSG00000139618,ENST00000544455,13,10257,4.011020355516257,True,True,BRCA2 [ENST00000544455]
4054,VCAN,versican,ENSG00000038427,ENST00000265077,5,10191,4.008216801589691,True,True,VCAN [ENST00000265077]
13809,PKHD1,PKHD1 ciliary IPT domain containing fibrocystin/polyductin,ENSG00000170927,ENST00000340994,6,10191,4.008216801589691,True,True,PKHD1 [ENST00000340994]
27545,CSMD1,CUB and Sushi multiple domains 1,ENSG00000183117,ENST00000400186,8,10167,4.007192823557041,False,True,CSMD1 [ENST00000400186]
89999,CSMD1,CUB and Sushi multiple domains 1,ENSG00000183117,ENST00000602723,8,10167,4.007192823557041,False,True,CSMD1 [ENST00000602723]
77746,SZT2,SZT2 subunit of KICSTOR complex,ENSG00000198198,ENST00000562955,1,10128,4.00552369267328,True,True,SZT2 [ENST00000562955]
97600,XIRP2,xin actin binding repeat containing 2,ENSG00000163092,ENST00000628543,2,10125,4.005395031886706,False,True,XIRP2 [ENST00000628543]
17591,DCHS2,dachsous cadherin-related 2,ENSG00000197410,ENST00000357232,4,10116,4.0050088206723675,False,True,DCHS2 [ENST00000357232]
99377,DCHS2,dachsous cadherin-related 2,ENSG00000284227,ENST00000639062,CHR_HSCHR4_12_CTG12,10116,4.0050088206723675,False,True,DCHS2 [ENST00000639062]
1060,CDH23,cadherin related 23,ENSG00000107736,ENST00000224721,10,10065,4.002813779224673,True,True,CDH23 [ENST00000224721]
113726,FRAS1,Fraser extracellular matrix complex subunit 1,ENSG00000138759,ENST00000682513,4,10050,4.002166061756507,True,True,FRAS1 [ENST00000682513]
116897,PCNT,pericentrin,ENSG00000160299,ENST00000695558,21,10044,4.001906704040885,True,True,PCNT [ENST00000695558]
16647,PCNT,pericentrin,ENSG00000160299,ENST00000359568,21,10011,4.000477461374455,True,True,PCNT [ENST00000359568]
8371,LAMA3,laminin subunit alpha 3,ENSG00000053747,ENST00000313654,18,10002,4.000086850211649,True,True,LAMA3 [ENST00000313654]
29715,XIRP2,xin actin binding repeat containing 2,ENSG00000163092,ENST00000409273,2,9984,3.9993045723383487,False,True,XIRP2 [ENST00000409273]
107779,UNC80,"unc-80 homolog, NALCN channel complex subunit",ENSG00000144406,ENST00000673920,2,9975,3.998912904358786,True,True,UNC80 [ENST00000673920]
26106,MUC3A,"mucin 3A, cell surface associated",ENSG00000169894,ENST00000379458,7,9972,3.998782269831736,False,True,MUC3A [ENST00000379458]
116707,,novel lipoprotein amino terminal region containing protein,ENSG00000188897,ENST00000696174,16,9963,3.9983901303180476,False,True, [ENST00000696174]
254,CELSR3,cadherin EGF LAG seven-pass G-type receptor 3,ENSG00000008300,ENST00000164024,3,9939,3.9973426906016223,False,True,CELSR3 [ENST00000164024]
5232,DCHS1,dachsous cadherin-related 1,ENSG00000166341,ENST00000299441,11,9897,3.995503570265006,True,True,DCHS1 [ENST00000299441]
38071,TNXB,tenascin XB,ENSG00000229353,ENST00000424713,CHR_HSCHR6_MHC_QBL_CTG1,9891,3.9952402018628153,True,True,TNXB [ENST00000424713]
28551,LAMA3,laminin subunit alpha 3,ENSG00000053747,ENST00000399516,18,9834,3.992730203954143,True,True,LAMA3 [ENST00000399516]
25517,GOLGB1,golgin B1,ENSG00000173230,ENST00000393667,3,9810,3.9916690073799486,False,True,GOLGB1 [ENST00000393667]
8482,SPEG,striated muscle enriched protein kinase,ENSG00000072195,ENST00000312358,2,9804,3.99140330258004,True,True,SPEG [ENST00000312358]
90259,,novel lipoprotein amino terminal region containing protein,ENSG00000188897,ENST00000598234,16,9801,3.9912703891951,False,True, [ENST00000598234]
52277,MUC3A,"mucin 3A, cell surface associated",ENSG00000169894,ENST00000483366,7,9798,3.991137435120312,False,True,MUC3A [ENST00000483366]
91341,GOLGB1,golgin B1,ENSG00000173230,ENST00000614479,3,9795,3.991004440330755,False,True,GOLGB1 [ENST00000614479]
9966,GOLGB1,golgin B1,ENSG00000173230,ENST00000340645,3,9780,3.9903388547876015,False,True,GOLGB1 [ENST00000340645]
40954,UNC80,"unc-80 homolog, NALCN channel complex subunit",ENSG00000144406,ENST00000439458,2,9777,3.9902056151848067,True,True,UNC80 [ENST00000439458]
20987,MKI67,marker of proliferation Ki-67,ENSG00000148773,ENST00000368654,10,9771,3.9899390132845354,False,True,MKI67 [ENST00000368654]
107309,UNC80,"unc-80 homolog, NALCN channel complex subunit",ENSG00000144406,ENST00000673951,2,9771,3.9899390132845354,True,True,UNC80 [ENST00000673951]
106407,CPLANE1,ciliogenesis and planar polarity effector complex subunit 1,ENSG00000197603,ENST00000651892,5,9756,3.989271791641693,True,True,CPLANE1 [ENST00000651892]
108112,FAT4,FAT atypical cadherin 4,ENSG00000196159,ENST00000674496,4,9723,3.9878002857518724,True,True,FAT4 [ENST00000674496]
8636,UNC80,"unc-80 homolog, NALCN channel complex subunit",ENSG00000144406,ENST00000272845,2,9705,3.9869955397243815,True,True,UNC80 [ENST00000272845]
3366,SRCAP,Snf2 related CREBBP activator protein,ENSG00000080603,ENST00000262518,16,9693,3.9864582127373063,True,True,SRCAP [ENST00000262518]
34599,SRCAP,Snf2 related CREBBP activator protein,ENSG00000080603,ENST00000411466,16,9693,3.9864582127373063,True,True,SRCAP [ENST00000411466]
120856,SRCAP,Snf2 related CREBBP activator protein,ENSG00000080603,ENST00000706321,16,9693,3.9864582127373063,True,True,SRCAP [ENST00000706321]
5649,RANBP2,RAN binding protein 2,ENSG00000153201,ENST00000283195,2,9675,3.985650973690949,False,True,RANBP2 [ENST00000283195]
54556,GOLGB1,golgin B1,ENSG00000173230,ENST00000494517,3,9672,3.9855162878527155,False,True,GOLGB1 [ENST00000494517]
9279,FAT4,FAT atypical cadherin 4,ENSG00000196159,ENST00000335110,4,9669,3.985381560231997,True,True,FAT4 [ENST00000335110]
113054,KMT2C,lysine methyltransferase 2C,ENSG00000055609,ENST00000680877,7,9636,3.983896791326306,True,True,KMT2C [ENST00000680877]
60,VPS13D,vacuolar protein sorting 13 homolog D,ENSG00000048707,ENST00000011700,1,9633,3.983761560286165,True,True,VPS13D [ENST00000011700]
92029,LAMA2,laminin subunit alpha 2,ENSG00000196569,ENST00000618192,6,9633,3.983761560286165,True,True,LAMA2 [ENST00000618192]
110310,KMT2C,lysine methyltransferase 2C,ENSG00000055609,ENST00000679560,7,9624,3.9833556143317885,True,True,KMT2C [ENST00000679560]
115000,KMT2C,lysine methyltransferase 2C,ENSG00000055609,ENST00000684261,7,9621,3.983220214648103,True,True,KMT2C [ENST00000684261]
56716,CPLANE1,ciliogenesis and planar polarity effector complex subunit 1,ENSG00000197603,ENST00000508244,5,9594,3.9819997141298784,True,True,CPLANE1 [ENST00000508244]
96363,DNAH10,dynein axonemal heavy chain 10,ENSG00000281935,ENST00000631855,CHR_HSCHR12_6_CTG2_1,9591,3.98186389099135,True,True,DNAH10 [ENST00000631855]
25155,CFAP47,cilia and flagella associated protein 47,ENSG00000165164,ENST00000378653,X,9564,3.9806395674437374,True,True,CFAP47 [ENST00000378653]
13048,WDFY4,WDFY family member 4,ENSG00000128815,ENST00000325239,10,9555,3.9802306913910317,False,True,WDFY4 [ENST00000325239]
6217,COL6A3,collagen type VI alpha 3 chain,ENSG00000163359,ENST00000295550,2,9534,3.9792751475910233,True,True,COL6A3 [ENST00000295550]
101044,TEX15,"testis expressed 15, meiosis and synapsis associated",ENSG00000133863,ENST00000638951,8,9531,3.9791384695468097,True,True,TEX15 [ENST00000638951]
16734,VPS13A,vacuolar protein sorting 13 homolog A,ENSG00000197969,ENST00000360280,9,9525,3.978864984347657,True,True,VPS13A [ENST00000360280]
102894,TEX15,"testis expressed 15, meiosis and synapsis associated",ENSG00000133863,ENST00000643185,8,9519,3.9785913268200748,True,True,TEX15 [ENST00000643185]
8755,FREM2,FRAS1 related extracellular matrix 2,ENSG00000150893,ENST00000280481,13,9510,3.978180516937414,True,True,FREM2 [ENST00000280481]
18118,EYS,eyes shut homolog,ENSG00000188107,ENST00000370621,6,9498,3.9776321652459994,True,True,EYS [ENST00000370621]
83779,BPTF,bromodomain PHD finger transcription factor,ENSG00000171634,ENST00000582467,17,9477,3.976670880624811,True,True,BPTF [ENST00000582467]
56874,EYS,eyes shut homolog,ENSG00000188107,ENST00000503581,6,9435,3.97474190450095,True,True,EYS [ENST00000503581]
15888,HTT,huntingtin,ENSG00000197386,ENST00000355072,4,9429,3.9744656357372423,True,True,HTT [ENST00000355072]
53122,PCNT,pericentrin,ENSG00000160299,ENST00000480896,21,9420,3.9740509027928774,True,True,PCNT [ENST00000480896]
21703,VPS13A,vacuolar protein sorting 13 homolog A,ENSG00000197969,ENST00000376636,9,9408,3.973497308732063,True,True,VPS13A [ENST00000376636]
115493,ALMS1,ALMS1 centrosome and basal body associated protein,ENSG00000116127,ENST00000684460,2,9408,3.973497308732063,True,True,ALMS1 [ENST00000684460]
15699,REV3L,"REV3 like, DNA directed polymerase zeta catalytic subunit",ENSG00000009413,ENST00000358835,6,9393,3.972804322336578,False,True,REV3L [ENST00000358835]
18669,REV3L,"REV3 like, DNA directed polymerase zeta catalytic subunit",ENSG00000009413,ENST00000368802,6,9393,3.972804322336578,False,True,REV3L [ENST00000368802]
24068,EP400,E1A binding protein p400,ENSG00000183495,ENST00000389561,12,9372,3.971832279924925,False,True,EP400 [ENST00000389561]
35166,LAMA2,laminin subunit alpha 2,ENSG00000196569,ENST00000421865,6,9369,3.971693238949861,True,True,LAMA2 [ENST00000421865]
92367,LAMA2,laminin subunit alpha 2,ENSG00000196569,ENST00000617695,6,9357,3.9711366294768062,True,True,LAMA2 [ENST00000617695]
19279,CEP350,centrosomal protein 350,ENSG00000135837,ENST00000367607,1,9354,3.9709973655724853,False,True,CEP350 [ENST00000367607]
110960,AKAP9,A-kinase anchoring protein 9,ENSG00000127914,ENST00000679448,7,9351,3.9708580569965024,False,True,AKAP9 [ENST00000679448]
32448,CEP350,centrosomal protein 350,ENSG00000135837,ENST00000417046,1,9351,3.9708580569965024,False,True,CEP350 [ENST00000417046]
15118,CENPF,centromere protein F,ENSG00000117724,ENST00000366955,1,9345,3.970579305714851,True,True,CENPF [ENST00000366955]
120814,MGA,MAX dimerization protein MGA,ENSG00000174197,ENST00000703841,15,9345,3.970579305714851,False,True,MGA [ENST00000703841]
52198,GOLGB1,golgin B1,ENSG00000173230,ENST00000472475,3,9306,3.9687630481972485,False,True,GOLGB1 [ENST00000472475]
117632,GOLGB1,golgin B1,ENSG00000173230,ENST00000695017,3,9303,3.968623020956989,False,True,GOLGB1 [ENST00000695017]
118611,GOLGB1,golgin B1,ENSG00000173230,ENST00000694958,3,9303,3.968623020956989,False,True,GOLGB1 [ENST00000694958]
55934,BOD1L1,biorientation of chromosomes in cell division 1 like 1,ENSG00000038219,ENST00000507943,4,9297,3.9683428309589455,False,True,BOD1L1 [ENST00000507943]
10938,TRIO,trio Rho guanine nucleotide exchange factor,ENSG00000038382,ENST00000344204,5,9294,3.9682026681428497,True,True,TRIO [ENST00000344204]
103312,MYO15B,myosin XVB,ENSG00000266714,ENST00000645453,17,9291,3.968062460076449,False,True,MYO15B [ENST00000645453]
63851,CFAP54,cilia and flagella associated protein 54,ENSG00000188596,ENST00000524981,12,9291,3.968062460076449,False,True,CFAP54 [ENST00000524981]
103785,VPS13A,vacuolar protein sorting 13 homolog A,ENSG00000197969,ENST00000643348,9,9288,3.9679222067305173,True,True,VPS13A [ENST00000643348]
15571,DNAH12,dynein axonemal heavy chain 12,ENSG00000174844,ENST00000351747,3,9279,3.9675011747228415,False,True,DNAH12 [ENST00000351747]
21400,PRUNE2,prune homolog 2 with BCH domain,ENSG00000106772,ENST00000376718,9,9267,3.966939163021113,False,True,PRUNE2 [ENST00000376718]
112513,HTT,huntingtin,ENSG00000197386,ENST00000681528,4,9261,3.9666578842017577,True,True,HTT [ENST00000681528]
19536,ADGRG4,adhesion G protein-coupled receptor G4,ENSG00000156920,ENST00000370652,X,9243,3.965812953036603,False,True,ADGRG4 [ENST00000370652]
26166,ADGRG4,adhesion G protein-coupled receptor G4,ENSG00000156920,ENST00000394143,X,9243,3.965812953036603,False,True,ADGRG4 [ENST00000394143]
23867,LAMA1,laminin subunit alpha 1,ENSG00000101680,ENST00000389658,18,9228,3.9651075858490556,True,True,LAMA1 [ENST00000389658]
102243,VPS13A,vacuolar protein sorting 13 homolog A,ENSG00000197969,ENST00000645632,9,9210,3.964259630196849,True,True,VPS13A [ENST00000645632]
117976,GOLGB1,golgin B1,ENSG00000173230,ENST00000695037,3,9204,3.963976609996606,False,True,GOLGB1 [ENST00000695037]
117553,GOLGB1,golgin B1,ENSG00000173230,ENST00000695008,3,9198,3.963693405238019,False,True,GOLGB1 [ENST00000695008]
602,MGA,MAX dimerization protein MGA,ENSG00000174197,ENST00000219905,15,9198,3.963693405238019,False,True,MGA [ENST00000219905]
10132,COL12A1,collagen type XII alpha 1 chain,ENSG00000111799,ENST00000322507,6,9192,3.9634100156802288,True,True,COL12A1 [ENST00000322507]
53925,COL12A1,collagen type XII alpha 1 chain,ENSG00000111799,ENST00000483888,6,9189,3.963268251526235,True,True,COL12A1 [ENST00000483888]
44421,PRUNE2,prune homolog 2 with BCH domain,ENSG00000106772,ENST00000443509,9,9189,3.963268251526235,False,True,PRUNE2 [ENST00000443509]
40776,DST,dystonin,ENSG00000151914,ENST00000439203,6,9180,3.9628426812012423,True,True,DST [ENST00000439203]
88836,RYR1,ryanodine receptor 1,ENSG00000196218,ENST00000599547,19,9180,3.9628426812012423,True,True,RYR1 [ENST00000599547]
78007,DMXL2,Dmx like 2,ENSG00000104093,ENST00000560891,15,9177,3.962700731704341,True,True,DMXL2 [ENST00000560891]
104502,FRY,FRY microtubule binding protein,ENSG00000073910,ENST00000647500,13,9177,3.962700731704341,False,True,FRY [ENST00000647500]
48739,ATM,ATM serine/threonine kinase,ENSG00000149311,ENST00000452508,11,9171,3.962416693445751,True,True,ATM [ENST00000452508]
111137,ATM,ATM serine/threonine kinase,ENSG00000149311,ENST00000675843,11,9171,3.962416693445751,True,True,ATM [ENST00000675843]
113010,HTT,huntingtin,ENSG00000197386,ENST00000680956,4,9171,3.962416693445751,True,True,HTT [ENST00000680956]
8350,ATM,ATM serine/threonine kinase,ENSG00000149311,ENST00000278616,11,9171,3.962416693445751,True,True,ATM [ENST00000278616]
120950,CENPF,centromere protein F,ENSG00000117724,ENST00000706765,1,9168,3.962274604623315,True,True,CENPF [ENST00000706765]
26183,,novel transcript,ENSG00000282034,ENST00000380361,16,9162,3.9619902874400648,False,True, [ENST00000380361]
42955,REV3L,"REV3 like, DNA directed polymerase zeta catalytic subunit",ENSG00000009413,ENST00000435970,6,9159,3.9618480590183243,False,True,REV3L [ENST00000435970]
108,BOD1L1,biorientation of chromosomes in cell division 1 like 1,ENSG00000038219,ENST00000040738,4,9156,3.9617057840025054,False,True,BOD1L1 [ENST00000040738]
67067,DMXL1,Dmx like 1,ENSG00000172869,ENST00000539542,5,9147,3.961278679085043,False,True,DMXL1 [ENST00000539542]
12085,BPTF,bromodomain PHD finger transcription factor,ENSG00000171634,ENST00000321892,17,9141,3.960993708942336,True,True,BPTF [ENST00000321892]
26517,MAP1A,microtubule associated protein 1A,ENSG00000166963,ENST00000382031,15,9126,3.960280464436642,False,True,MAP1A [ENST00000382031]
71859,DMXL2,Dmx like 2,ENSG00000104093,ENST00000543779,15,9114,3.95970902424643,True,True,DMXL2 [ENST00000543779]
2460,DMXL2,Dmx like 2,ENSG00000104093,ENST00000251076,15,9111,3.9595660466379274,True,True,DMXL2 [ENST00000251076]
121434,CEP350,centrosomal protein 350,ENSG00000135837,ENST00000706234,1,9108,3.9594230219431052,False,True,CEP350 [ENST00000706234]
7708,DMXL1,Dmx like 1,ENSG00000172869,ENST00000311085,5,9084,3.9582771255476974,False,True,DMXL1 [ENST00000311085]
53712,GOLGB1,golgin B1,ENSG00000173230,ENST00000489400,3,9081,3.9581336756762355,False,True,GOLGB1 [ENST00000489400]
107533,CELSR1,cadherin EGF LAG seven-pass G-type receptor 1,ENSG00000075275,ENST00000674500,22,9060,3.957128197676813,True,True,CELSR1 [ENST00000674500]
98651,FRY,FRY microtubule binding protein,ENSG00000073910,ENST00000642040,13,9051,3.956696564894651,False,True,FRY [ENST00000642040]
2995,CELSR1,cadherin EGF LAG seven-pass G-type receptor 1,ENSG00000075275,ENST00000262738,22,9045,3.9564085711958326,True,True,CELSR1 [ENST00000262738]
16008,FRYL,FRY like transcription coactivator,ENSG00000075539,ENST00000358350,4,9042,3.9562645026982755,False,True,FRYL [ENST00000358350]
72342,FRY,FRY microtubule binding protein,ENSG00000073910,ENST00000542859,13,9042,3.9562645026982755,False,True,FRY [ENST00000542859]
16469,OBSCN,"obscurin, cytoskeletal calmodulin and titin-interacting RhoGEF",ENSG00000154358,ENST00000366704,1,9033,3.9558320102324216,False,True,OBSCN [ENST00000366704]
31811,NEB,nebulin,ENSG00000183091,ENST00000413693,2,9024,3.955399086639267,True,True,NEB [ENST00000413693]
56651,FRYL,FRY like transcription coactivator,ENSG00000075539,ENST00000507873,4,9024,3.955399086639267,False,True,FRYL [ENST00000507873]
60695,WDFY3,WD repeat and FYVE domain containing 3,ENSG00000163625,ENST00000514711,4,9021,3.95525468282018,False,True,WDFY3 [ENST00000514711]
117236,GOLGB1,golgin B1,ENSG00000173230,ENST00000695018,3,9009,3.9546765869186435,False,True,GOLGB1 [ENST00000695018]
102462,BPTF,bromodomain PHD finger transcription factor,ENSG00000171634,ENST00000644067,17,9009,3.9546765869186435,True,True,BPTF [ENST00000644067]
39437,CHD7,chromodomain helicase DNA binding protein 7,ENSG00000171316,ENST00000423902,8,8994,3.9539528832319233,True,True,CHD7 [ENST00000423902]
91713,NBPF14,NBPF member 14,ENSG00000270629,ENST00000619423,1,8967,3.952647169758943,False,True,NBPF14 [ENST00000619423]
34552,COL12A1,collagen type XII alpha 1 chain,ENSG00000111799,ENST00000416123,6,8964,3.9525018478630236,True,True,COL12A1 [ENST00000416123]
114299,KALRN,kalirin RhoGEF kinase,ENSG00000160145,ENST00000682506,3,8961,3.9523564773237907,False,True,KALRN [ENST00000682506]
14170,KALRN,kalirin RhoGEF kinase,ENSG00000160145,ENST00000360013,3,8961,3.9523564773237907,False,True,KALRN [ENST00000360013]
11688,CSMD3,CUB and Sushi multiple domains 3,ENSG00000164796,ENST00000339701,8,8934,3.9510459481358198,False,True,CSMD3 [ENST00000339701]
15658,COL6A3,collagen type VI alpha 3 chain,ENSG00000163359,ENST00000353578,2,8916,3.9501700598082,True,True,COL6A3 [ENST00000353578]
22673,CRYBG3,crystallin beta-gamma domain containing 3,ENSG00000080200,ENST00000389622,3,8913,3.9500239065233265,False,True,CRYBG3 [ENST00000389622]
110391,ASH1L,ASH1 like histone lysine methyltransferase,ENSG00000116539,ENST00000679133,1,8910,3.949877704036875,True,True,ASH1L [ENST00000679133]
102880,TRANK1,tetratricopeptide repeat and ankyrin repeat containing 1,ENSG00000168016,ENST00000645898,3,8910,3.949877704036875,False,True,TRANK1 [ENST00000645898]
20615,ASH1L,ASH1 like histone lysine methyltransferase,ENSG00000116539,ENST00000368346,1,8910,3.949877704036875,True,True,ASH1L [ENST00000368346]
113898,DYNC1H1,dynein cytoplasmic 1 heavy chain 1,ENSG00000197102,ENST00000679910,14,8910,3.949877704036875,True,True,DYNC1H1 [ENST00000679910]
30887,TNRC18,trinucleotide repeat containing 18,ENSG00000182095,ENST00000399537,7,8907,3.949731452315707,False,True,TNRC18 [ENST00000399537]
39890,TNRC18,trinucleotide repeat containing 18,ENSG00000182095,ENST00000430969,7,8907,3.949731452315707,False,True,TNRC18 [ENST00000430969]
10460,CSMD1,CUB and Sushi multiple domains 1,ENSG00000183117,ENST00000335551,8,8904,3.949585151326652,False,True,CSMD1 [ENST00000335551]
22800,NBEA,neurobeachin,ENSG00000172915,ENST00000379939,13,8904,3.949585151326652,True,True,NBEA [ENST00000379939]
118374,GOLGB1,golgin B1,ENSG00000173230,ENST00000694977,3,8901,3.9494388010365045,False,True,GOLGB1 [ENST00000694977]
111662,ASH1L,ASH1 like histone lysine methyltransferase,ENSG00000116539,ENST00000679097,1,8895,3.949145952419944,True,True,ASH1L [ENST00000679097]
24972,ASH1L,ASH1 like histone lysine methyltransferase,ENSG00000116539,ENST00000392403,1,8895,3.949145952419944,True,True,ASH1L [ENST00000392403]
110475,ASH1L,ASH1 like histone lysine methyltransferase,ENSG00000116539,ENST00000678117,1,8895,3.949145952419944,True,True,ASH1L [ENST00000678117]
111330,ASH1L,ASH1 like histone lysine methyltransferase,ENSG00000116539,ENST00000677213,1,8895,3.949145952419944,True,True,ASH1L [ENST00000677213]
103502,FRY,FRY microtubule binding protein,ENSG00000073910,ENST00000645780,13,8892,3.948999454026953,False,True,FRY [ENST00000645780]
111072,ASH1L,ASH1 like histone lysine methyltransferase,ENSG00000116539,ENST00000677825,1,8892,3.948999454026953,True,True,ASH1L [ENST00000677825]
23407,ZZEF1,zinc finger ZZ-type and EF-hand domain containing 1,ENSG00000074755,ENST00000381638,17,8886,3.948706308904852,False,True,ZZEF1 [ENST00000381638]
118583,GOLGB1,golgin B1,ENSG00000173230,ENST00000694973,3,8880,3.948412965778601,False,True,GOLGB1 [ENST00000694973]
15257,KALRN,kalirin RhoGEF kinase,ENSG00000160145,ENST00000354186,3,8868,3.9478256844424506,False,True,KALRN [ENST00000354186]
112571,KMT2C,lysine methyltransferase 2C,ENSG00000055609,ENST00000680969,7,8856,3.9472376078706666,True,True,KMT2C [ENST00000680969]
20632,TACC2,transforming acidic coiled-coil containing protein 2,ENSG00000138162,ENST00000369005,10,8847,3.9467960272714606,False,True,TACC2 [ENST00000369005]
13094,TACC2,transforming acidic coiled-coil containing protein 2,ENSG00000138162,ENST00000334433,10,8847,3.9467960272714606,False,True,TACC2 [ENST00000334433]
27636,NBEA,neurobeachin,ENSG00000172915,ENST00000400445,13,8841,3.9465013905695874,True,True,NBEA [ENST00000400445]
111958,COL7A1,collagen type VII alpha 1 chain,ENSG00000114270,ENST00000681320,3,8835,3.946206553842783,True,True,COL7A1 [ENST00000681320]
10118,COL7A1,collagen type VII alpha 1 chain,ENSG00000114270,ENST00000328333,3,8835,3.946206553842783,True,True,COL7A1 [ENST00000328333]
113759,DYNC1H1,dynein cytoplasmic 1 heavy chain 1,ENSG00000197102,ENST00000680808,14,8826,3.9457639231111736,True,True,DYNC1H1 [ENST00000680808]
38069,TRANK1,tetratricopeptide repeat and ankyrin repeat containing 1,ENSG00000168016,ENST00000429976,3,8778,3.9433955765089546,False,True,TRANK1 [ENST00000429976]
30582,OTOG,otogelin,ENSG00000188162,ENST00000399391,11,8778,3.9433955765089546,True,True,OTOG [ENST00000399391]
4622,CELSR2,cadherin EGF LAG seven-pass G-type receptor 2,ENSG00000143126,ENST00000271332,1,8772,3.9430986230054854,False,True,CELSR2 [ENST00000271332]
4815,BPTF,bromodomain PHD finger transcription factor,ENSG00000171634,ENST00000306378,17,8763,3.942652811693212,True,True,BPTF [ENST00000306378]
27905,OTOG,otogelin,ENSG00000188162,ENST00000399397,11,8742,3.9416108021536336,True,True,OTOG [ENST00000399397]
3726,FBN2,fibrillin 2,ENSG00000138829,ENST00000262464,5,8739,3.94146173934733,True,True,FBN2 [ENST00000262464]
42858,WDR87,WD repeat domain 87,ENSG00000171804,ENST00000447313,19,8739,3.94146173934733,False,True,WDR87 [ENST00000447313]
109015,ASH1L,ASH1 like histone lysine methyltransferase,ENSG00000116539,ENST00000679333,1,8715,3.940267391446012,True,True,ASH1L [ENST00000679333]
112383,DYNC1H1,dynein cytoplasmic 1 heavy chain 1,ENSG00000197102,ENST00000681311,14,8697,3.9393694700746598,True,True,DYNC1H1 [ENST00000681311]
102669,PRRC2C,proline rich coiled-coil 2C,ENSG00000117523,ENST00000647382,1,8697,3.9393694700746598,False,True,PRRC2C [ENST00000647382]
29381,CHD9,chromodomain helicase DNA binding protein 9,ENSG00000177200,ENST00000398510,16,8694,3.939219635854818,False,True,CHD9 [ENST00000398510]
45993,CHD9,chromodomain helicase DNA binding protein 9,ENSG00000177200,ENST00000447540,16,8694,3.939219635854818,False,True,CHD9 [ENST00000447540]
19322,MKI67,marker of proliferation Ki-67,ENSG00000148773,ENST00000368653,10,8691,3.939069749923424,False,True,MKI67 [ENST00000368653]
82120,CHD9,chromodomain helicase DNA binding protein 9,ENSG00000177200,ENST00000564845,16,8646,3.9368152311976328,False,True,CHD9 [ENST00000564845]
114612,DYNC1H1,dynein cytoplasmic 1 heavy chain 1,ENSG00000197102,ENST00000684561,14,8646,3.9368152311976328,True,True,DYNC1H1 [ENST00000684561]
80056,CHD9,chromodomain helicase DNA binding protein 9,ENSG00000177200,ENST00000566029,16,8646,3.9368152311976328,False,True,CHD9 [ENST00000566029]
112697,HTT,huntingtin,ENSG00000197386,ENST00000680239,4,8643,3.9366645130000752,True,True,HTT [ENST00000680239]
58472,TACC2,transforming acidic coiled-coil containing protein 2,ENSG00000138162,ENST00000515273,10,8628,3.9359101364305076,False,True,TACC2 [ENST00000515273]
24171,ADGRG4,adhesion G protein-coupled receptor G4,ENSG00000156920,ENST00000394141,X,8628,3.9359101364305076,False,True,ADGRG4 [ENST00000394141]
46100,TACC2,transforming acidic coiled-coil containing protein 2,ENSG00000138162,ENST00000453444,10,8628,3.9359101364305076,False,True,TACC2 [ENST00000453444]
7981,WDR87,WD repeat domain 87,ENSG00000171804,ENST00000303868,19,8622,3.9356080185178692,False,True,WDR87 [ENST00000303868]
12835,FBN1,fibrillin 1,ENSG00000166147,ENST00000316623,15,8616,3.9353056902899253,True,True,FBN1 [ENST00000316623]
22844,DSP,desmoplakin,ENSG00000096696,ENST00000379802,6,8616,3.9353056902899253,True,True,DSP [ENST00000379802]
117907,GOLGB1,golgin B1,ENSG00000173230,ENST00000694979,3,8613,3.9351544472161684,False,True,GOLGB1 [ENST00000694979]
117786,GOLGB1,golgin B1,ENSG00000173230,ENST00000695006,3,8604,3.934700401715425,False,True,GOLGB1 [ENST00000695006]
108193,PIEZO2,piezo type mechanosensitive ion channel component 2,ENSG00000154864,ENST00000674853,18,8598,3.9343974407809883,True,True,PIEZO2 [ENST00000674853]
53439,GOLGB1,golgin B1,ENSG00000173230,ENST00000491690,3,8598,3.9343974407809883,False,True,GOLGB1 [ENST00000491690]
15344,LRBA,LPS responsive beige-like anchor protein,ENSG00000198589,ENST00000357115,4,8592,3.9340942683554805,True,True,LRBA [ENST00000357115]
116987,PKD1L1,"polycystin 1 like 1, transient receptor potential channel interacting",ENSG00000158683,ENST00000690269,7,8586,3.93379088414342,True,True,PKD1L1 [ENST00000690269]
12354,BPTF,bromodomain PHD finger transcription factor,ENSG00000171634,ENST00000342579,17,8580,3.9334872878487053,True,True,BPTF [ENST00000342579]
115556,ALMS1,ALMS1 centrosome and basal body associated protein,ENSG00000116127,ENST00000684656,2,8577,3.9333354100776514,True,True,ALMS1 [ENST00000684656]
105535,LRBA,LPS responsive beige-like anchor protein,ENSG00000198589,ENST00000651695,4,8574,3.933183479174614,True,True,LRBA [ENST00000651695]
80630,MGA,MAX dimerization protein MGA,ENSG00000174197,ENST00000566586,15,8571,3.9330314951024055,False,True,MGA [ENST00000566586]
105551,LRBA,LPS responsive beige-like anchor protein,ENSG00000198589,ENST00000651943,4,8559,3.932423026376739,True,True,LRBA [ENST00000651943]
105489,FBN3,fibrillin 3,ENSG00000142449,ENST00000651877,19,8556,3.9322707758994904,False,True,FBN3 [ENST00000651877]
60213,LRBA,LPS responsive beige-like anchor protein,ENSG00000198589,ENST00000510413,4,8556,3.9322707758994904,True,True,LRBA [ENST00000510413]
21894,HRNR,hornerin,ENSG00000197915,ENST00000368801,1,8553,3.9321184720291225,False,True,HRNR [ENST00000368801]
116553,NF1,neurofibromin 1,ENSG00000196712,ENST00000691014,17,8550,3.931966114728173,True,True,NF1 [ENST00000691014]
5804,PKD1L1,"polycystin 1 like 1, transient receptor potential channel interacting",ENSG00000158683,ENST00000289672,7,8550,3.931966114728173,True,True,PKD1L1 [ENST00000289672]
1587,MEGF8,multiple EGF like domains 8,ENSG00000105429,ENST00000251268,19,8538,3.931356150467928,True,True,MEGF8 [ENST00000251268]
4058,APC,APC regulator of WNT signaling pathway,ENSG00000134982,ENST00000257430,5,8532,3.9310508467773912,True,True,APC [ENST00000257430]
56543,APC,APC regulator of WNT signaling pathway,ENSG00000134982,ENST00000508376,5,8532,3.9310508467773912,True,True,APC [ENST00000508376]
17324,NF1,neurofibromin 1,ENSG00000196712,ENST00000358273,17,8520,3.9304395947667,True,True,NF1 [ENST00000358273]
42772,PDZD2,PDZ domain containing 2,ENSG00000133401,ENST00000438447,5,8520,3.9304395947667,False,True,PDZD2 [ENST00000438447]
67732,WNK1,WNK lysine deficient protein kinase 1,ENSG00000060237,ENST00000530271,12,8502,3.929521100631104,True,True,WNK1 [ENST00000530271]
1220,MXRA5,matrix remodeling associated 5,ENSG00000101825,ENST00000217939,X,8487,3.9287542021766533,False,True,MXRA5 [ENST00000217939]
58756,TACC2,transforming acidic coiled-coil containing protein 2,ENSG00000138162,ENST00000515603,10,8481,3.928447063209182,False,True,TACC2 [ENST00000515603]
91095,NBPF14,NBPF member 14,ENSG00000270629,ENST00000614999,1,8460,3.9273703630390235,False,True,NBPF14 [ENST00000614999]
21140,PRRC2C,proline rich coiled-coil 2C,ENSG00000117523,ENST00000367742,1,8460,3.9273703630390235,False,True,PRRC2C [ENST00000367742]
15352,NF1,neurofibromin 1,ENSG00000196712,ENST00000356175,17,8457,3.9272163305912646,True,True,NF1 [ENST00000356175]
37717,PRRC2C,proline rich coiled-coil 2C,ENSG00000117523,ENST00000426496,1,8454,3.9270622434930003,False,True,PRRC2C [ENST00000426496]
14646,AKAP13,A-kinase anchoring protein 13,ENSG00000170776,ENST00000361243,15,8454,3.9270622434930003,False,True,AKAP13 [ENST00000361243]
97553,MUC2,"mucin 2, oligomeric mucus/gel-forming",ENSG00000278466,ENST00000630886,CHR_HSCHR11_3_CTG1,8454,3.9270622434930003,False,True,MUC2 [ENST00000630886]
10869,PRRC2C,proline rich coiled-coil 2C,ENSG00000117523,ENST00000338920,1,8454,3.9270622434930003,False,True,PRRC2C [ENST00000338920]
4166,VWF,von Willebrand factor,ENSG00000110799,ENST00000261405,12,8442,3.9264453478183894,True,True,VWF [ENST00000261405]
24046,AKAP13,A-kinase anchoring protein 13,ENSG00000170776,ENST00000394518,15,8442,3.9264453478183894,False,True,AKAP13 [ENST00000394518]
91040,ZAN,zonadhesin,ENSG00000146839,ENST00000618565,7,8439,3.9262909868848634,False,True,ZAN [ENST00000618565]
92309,ZAN,zonadhesin,ENSG00000146839,ENST00000613979,7,8439,3.9262909868848634,False,True,ZAN [ENST00000613979]
87502,FBN3,fibrillin 3,ENSG00000142449,ENST00000600128,19,8430,3.9258275746247424,False,True,FBN3 [ENST00000600128]
90566,FBN3,fibrillin 3,ENSG00000142449,ENST00000601739,19,8430,3.9258275746247424,False,True,FBN3 [ENST00000601739]
6594,FBN3,fibrillin 3,ENSG00000142449,ENST00000270509,19,8430,3.9258275746247424,False,True,FBN3 [ENST00000270509]
116465,NF1,neurofibromin 1,ENSG00000196712,ENST00000696138,17,8424,3.9255183581774302,True,True,NF1 [ENST00000696138]
7652,NIPBL,NIPBL cohesin loading factor,ENSG00000164190,ENST00000282516,5,8415,3.9250541203118425,True,True,NIPBL [ENST00000282516]
6195,MAP1A,microtubule associated protein 1A,ENSG00000166963,ENST00000300231,15,8412,3.9248992640142837,False,True,MAP1A [ENST00000300231]
62794,UBR5,ubiquitin protein ligase E3 component n-recognin 5,ENSG00000104517,ENST00000520539,8,8400,3.9242792860618816,False,True,UBR5 [ENST00000520539]
971,UBR5,ubiquitin protein ligase E3 component n-recognin 5,ENSG00000104517,ENST00000220959,8,8397,3.924124153185825,False,True,UBR5 [ENST00000220959]
114859,PKD1L1,"polycystin 1 like 1, transient receptor potential channel interacting",ENSG00000158683,ENST00000685709,7,8382,3.9233476564978256,True,True,PKD1L1 [ENST00000685709]
62751,UBR5,ubiquitin protein ligase E3 component n-recognin 5,ENSG00000104517,ENST00000521922,8,8379,3.9231921904206675,False,True,UBR5 [ENST00000521922]
116935,GOLGB1,golgin B1,ENSG00000173230,ENST00000695036,3,8376,3.923036668670786,False,True,GOLGB1 [ENST00000695036]
27252,ZFHX3,zinc finger homeobox 3,ENSG00000140836,ENST00000397992,16,8370,3.92272545799326,True,True,ZFHX3 [ENST00000397992]
3785,TEX15,"testis expressed 15, meiosis and synapsis associated",ENSG00000133863,ENST00000256246,8,8370,3.92272545799326,True,True,TEX15 [ENST00000256246]
3222,UTP20,UTP20 small subunit processome component,ENSG00000120800,ENST00000261637,12,8358,3.922102366807607,False,True,UTP20 [ENST00000261637]
11074,MEGF8,multiple EGF like domains 8,ENSG00000105429,ENST00000334370,19,8337,3.9210098014970343,True,True,MEGF8 [ENST00000334370]
84301,PIEZO2,piezo type mechanosensitive ion channel component 2,ENSG00000154864,ENST00000580640,18,8334,3.9208534961212593,True,True,PIEZO2 [ENST00000580640]
58409,TENM2,teneurin transmembrane protein 2,ENSG00000145934,ENST00000518659,5,8325,3.9203842421783577,False,True,TENM2 [ENST00000518659]
7212,TENM4,teneurin transmembrane protein 4,ENSG00000149256,ENST00000278550,11,8310,3.919601023784111,True,True,TENM4 [ENST00000278550]
1188,TG,thyroglobulin,ENSG00000042832,ENST00000220616,8,8307,3.9194442104652367,True,True,TG [ENST00000220616]
109005,CEP290,centrosomal protein 290,ENSG00000198707,ENST00000675476,12,8301,3.9191304138606142,True,True,CEP290 [ENST00000675476]
37985,BPTF,bromodomain PHD finger transcription factor,ENSG00000171634,ENST00000424123,17,8295,3.9188163903603797,True,True,BPTF [ENST00000424123]
106554,ITPR1,"inositol 1,4,5-trisphosphate receptor type 1",ENSG00000150995,ENST00000649015,3,8277,3.917872955198848,True,True,ITPR1 [ENST00000649015]
44779,NBEAL2,neurobeachin like 2,ENSG00000160796,ENST00000450053,3,8265,3.9172428579074663,True,True,NBEAL2 [ENST00000450053]
52437,MGAM,maltase-glucoamylase,ENSG00000257335,ENST00000475668,7,8262,3.9170851906405675,False,True,MGAM [ENST00000475668]
6167,SRRM2,serine/arginine repetitive matrix 2,ENSG00000167978,ENST00000301740,16,8259,3.9169274661129925,False,True,SRRM2 [ENST00000301740]
57253,PIEZO2,piezo type mechanosensitive ion channel component 2,ENSG00000154864,ENST00000503781,18,8259,3.9169274661129925,True,True,PIEZO2 [ENST00000503781]
82220,SRRM2,serine/arginine repetitive matrix 2,ENSG00000167978,ENST00000576924,16,8259,3.9169274661129925,False,True,SRRM2 [ENST00000576924]
17477,ITPR1,"inositol 1,4,5-trisphosphate receptor type 1",ENSG00000150995,ENST00000354582,3,8253,3.916611845109346,True,True,ITPR1 [ENST00000354582]
103596,ITPR1,"inositol 1,4,5-trisphosphate receptor type 1",ENSG00000150995,ENST00000648266,3,8250,3.916453948549925,True,True,ITPR1 [ENST00000648266]
105090,ITPR1,"inositol 1,4,5-trisphosphate receptor type 1",ENSG00000150995,ENST00000650294,3,8235,3.9156636035057732,True,True,ITPR1 [ENST00000650294]
40867,ITPR1,"inositol 1,4,5-trisphosphate receptor type 1",ENSG00000150995,ENST00000443694,3,8232,3.9155053617543767,True,True,ITPR1 [ENST00000443694]
110019,CEP290,centrosomal protein 290,ENSG00000198707,ENST00000675833,12,8208,3.9142373477677412,True,True,CEP290 [ENST00000675833]
113720,DYNC1H1,dynein cytoplasmic 1 heavy chain 1,ENSG00000197102,ENST00000680423,14,8208,3.9142373477677412,True,True,DYNC1H1 [ENST00000680423]
117145,GOLGB1,golgin B1,ENSG00000173230,ENST00000695120,3,8208,3.9142373477677412,False,True,GOLGB1 [ENST00000695120]
101957,ITPR1,"inositol 1,4,5-trisphosphate receptor type 1",ENSG00000150995,ENST00000648309,3,8205,3.914078585389112,True,True,ITPR1 [ENST00000648309]
35676,PRUNE2,prune homolog 2 with BCH domain,ENSG00000106772,ENST00000428286,9,8193,3.913442954859396,False,True,PRUNE2 [ENST00000428286]
104578,DYNC1H1,dynein cytoplasmic 1 heavy chain 1,ENSG00000197102,ENST00000645114,14,8181,3.912806392661292,True,True,DYNC1H1 [ENST00000645114]
21390,TENM1,teneurin transmembrane protein 1,ENSG00000009694,ENST00000371130,X,8178,3.912647106218317,False,True,TENM1 [ENST00000371130]
13865,FLNC,filamin C,ENSG00000128591,ENST00000325888,7,8178,3.912647106218317,True,True,FLNC [ENST00000325888]
18683,ZNF292,zinc finger protein 292,ENSG00000188994,ENST00000369577,6,8172,3.91232835796041,True,True,ZNF292 [ENST00000369577]
114919,NBEAL1,neurobeachin like 1,ENSG00000144426,ENST00000683969,2,8172,3.91232835796041,False,True,NBEAL1 [ENST00000683969]
93856,ZAN,zonadhesin,ENSG00000146839,ENST00000620596,7,8166,3.9120093755869783,False,True,ZAN [ENST00000620596]
73746,ZAN,zonadhesin,ENSG00000146839,ENST00000546292,7,8166,3.9120093755869783,False,True,ZAN [ENST00000546292]
105683,NBEAL2,neurobeachin like 2,ENSG00000160796,ENST00000651747,3,8163,3.9118497964994203,True,True,NBEAL2 [ENST00000651747]
10461,ZNF292,zinc finger protein 292,ENSG00000188994,ENST00000339907,6,8157,3.9115304623071627,True,True,ZNF292 [ENST00000339907]
22457,HIVEP1,HIVEP zinc finger 1,ENSG00000095951,ENST00000379388,6,8157,3.9115304623071627,False,True,HIVEP1 [ENST00000379388]
69133,HIVEP1,HIVEP zinc finger 1,ENSG00000095951,ENST00000541134,6,8154,3.911370707116138,False,True,HIVEP1 [ENST00000541134]
113555,KMT2C,lysine methyltransferase 2C,ENSG00000055609,ENST00000681033,7,8151,3.9112108931375533,True,True,KMT2C [ENST00000681033]
17963,CHD6,chromodomain helicase DNA binding protein 6,ENSG00000124177,ENST00000373233,20,8148,3.9110510203281263,False,True,CHD6 [ENST00000373233]
31473,KMT2B,lysine methyltransferase 2B,ENSG00000272333,ENST00000420124,19,8148,3.9110510203281263,True,True,KMT2B [ENST00000420124]
20286,CFAP46,cilia and flagella associated protein 46,ENSG00000171811,ENST00000368586,10,8148,3.9110510203281263,False,True,CFAP46 [ENST00000368586]
38024,TENM1,teneurin transmembrane protein 1,ENSG00000009694,ENST00000422452,X,8145,3.910891088644528,False,True,TENM1 [ENST00000422452]
14152,ITPR1,"inositol 1,4,5-trisphosphate receptor type 1",ENSG00000150995,ENST00000357086,3,8133,3.910250772300148,True,True,ITPR1 [ENST00000357086]
116498,UNC79,"unc-79 homolog, NALCN channel complex subunit",ENSG00000133958,ENST00000695012,14,8124,3.9097699147327694,False,True,UNC79 [ENST00000695012]
3631,CENPE,centromere protein E,ENSG00000138778,ENST00000265148,4,8106,3.908806599405674,False,True,CENPE [ENST00000265148]
26310,ITPR2,"inositol 1,4,5-trisphosphate receptor type 2",ENSG00000123104,ENST00000381340,12,8106,3.908806599405674,False,True,ITPR2 [ENST00000381340]
60622,TENM3,teneurin transmembrane protein 3,ENSG00000218336,ENST00000511685,4,8100,3.90848501887865,True,True,TENM3 [ENST00000511685]
48632,NIPBL,NIPBL cohesin loading factor,ENSG00000164190,ENST00000448238,5,8094,3.9081632000555477,True,True,NIPBL [ENST00000448238]
41117,NSD1,nuclear receptor binding SET domain protein 1,ENSG00000165671,ENST00000439151,5,8091,3.9080022011725535,True,True,NSD1 [ENST00000439151]
44672,ITPR1,"inositol 1,4,5-trisphosphate receptor type 1",ENSG00000150995,ENST00000456211,3,8088,3.9078411425829445,True,True,ITPR1 [ENST00000456211]
48090,NBEAL1,neurobeachin like 1,ENSG00000144426,ENST00000449802,2,8085,3.90768002424242,False,True,NBEAL1 [ENST00000449802]
107551,KMT2B,lysine methyltransferase 2B,ENSG00000272333,ENST00000673918,19,8082,3.9075188461066293,True,True,KMT2B [ENST00000673918]
10502,FLNC,filamin C,ENSG00000128591,ENST00000346177,7,8079,3.9073576081311727,True,True,FLNC [ENST00000346177]
119874,TASOR2,transcription activation suppressor family member 2,ENSG00000108021,ENST00000699051,10,8076,3.9071963102716016,False,True,TASOR2 [ENST00000699051]
71536,ZAN,zonadhesin,ENSG00000146839,ENST00000542585,7,8070,3.90687353472207,False,True,ZAN [ENST00000542585]
5387,PIEZO2,piezo type mechanosensitive ion channel component 2,ENSG00000154864,ENST00000302079,18,8070,3.90687353472207,True,True,PIEZO2 [ENST00000302079]
117851,UNC79,"unc-79 homolog, NALCN channel complex subunit",ENSG00000133958,ENST00000695013,14,8058,3.906227263052359,False,True,UNC79 [ENST00000695013]
1022,SETX,senataxin,ENSG00000107290,ENST00000224140,9,8034,3.904931827395653,True,True,SETX [ENST00000224140]
12409,DST,dystonin,ENSG00000151914,ENST00000340834,6,8031,3.904769625906595,True,True,DST [ENST00000340834]
89661,ITPR3,"inositol 1,4,5-trisphosphate receptor type 3",ENSG00000096433,ENST00000605930,6,8016,3.9039577085231705,True,True,ITPR3 [ENST00000605930]
6708,GCN1,GCN1 activator of EIF2AK4,ENSG00000089154,ENST00000300648,12,8016,3.9039577085231705,False,True,GCN1 [ENST00000300648]
19336,ITPR3,"inositol 1,4,5-trisphosphate receptor type 3",ENSG00000096433,ENST00000374316,6,8016,3.9039577085231705,True,True,ITPR3 [ENST00000374316]
119752,TASOR2,transcription activation suppressor family member 2,ENSG00000108021,ENST00000699050,10,7998,3.9029813997975027,False,True,TASOR2 [ENST00000699050]
9025,ANKRD11,ankyrin repeat domain containing 11,ENSG00000167522,ENST00000301030,16,7992,3.902655475217926,True,True,ANKRD11 [ENST00000301030]
99239,ANKRD11,ankyrin repeat domain containing 11,ENSG00000167522,ENST00000642600,16,7992,3.902655475217926,True,True,ANKRD11 [ENST00000642600]
23554,ANKRD11,ankyrin repeat domain containing 11,ENSG00000167522,ENST00000378330,16,7992,3.902655475217926,True,True,ANKRD11 [ENST00000378330]
117558,GOLGB1,golgin B1,ENSG00000173230,ENST00000694974,3,7974,3.9016762313263755,False,True,GOLGB1 [ENST00000694974]
72118,UNC79,"unc-79 homolog, NALCN channel complex subunit",ENSG00000133958,ENST00000553484,14,7974,3.9016762313263755,False,True,UNC79 [ENST00000553484]
118308,GOLGB1,golgin B1,ENSG00000173230,ENST00000695014,3,7974,3.9016762313263755,False,True,GOLGB1 [ENST00000695014]
95777,UNC79,"unc-79 homolog, NALCN channel complex subunit",ENSG00000276416,ENST00000629588,CHR_HSCHR14_7_CTG1,7974,3.9016762313263755,False,True,UNC79 [ENST00000629588]
116779,GOLGB1,golgin B1,ENSG00000173230,ENST00000695015,3,7974,3.9016762313263755,False,True,GOLGB1 [ENST00000695015]
114003,NBEAL1,neurobeachin like 1,ENSG00000144426,ENST00000682108,2,7968,3.901349325415642,False,True,NBEAL1 [ENST00000682108]
58809,TENM2,teneurin transmembrane protein 2,ENSG00000145934,ENST00000519204,5,7962,3.901022173248079,False,True,TENM2 [ENST00000519204]
49439,HELZ2,helicase with zinc finger 2,ENSG00000130589,ENST00000467148,20,7950,3.9003671286564705,False,True,HELZ2 [ENST00000467148]
17974,DST,dystonin,ENSG00000151914,ENST00000370765,6,7950,3.9003671286564705,True,True,DST [ENST00000370765]
91106,BRCA2,BRCA2 DNA repair associated,ENSG00000139618,ENST00000614259,13,7950,3.9003671286564705,True,True,BRCA2 [ENST00000614259]
106057,NIPBL,NIPBL cohesin loading factor,ENSG00000164190,ENST00000652901,5,7950,3.9003671286564705,True,True,NIPBL [ENST00000652901]
118390,GOLGB1,golgin B1,ENSG00000173230,ENST00000695119,3,7947,3.9002032130168933,False,True,GOLGB1 [ENST00000695119]
18525,FLNA,filamin A,ENSG00000196924,ENST00000369850,X,7944,3.900039235487325,True,True,FLNA [ENST00000369850]
102652,TASOR2,transcription activation suppressor family member 2,ENSG00000108021,ENST00000645567,10,7938,3.8997110945711446,False,True,TASOR2 [ENST00000645567]
15032,ATR,ATR serine/threonine kinase,ENSG00000175054,ENST00000350721,3,7935,3.899546931090867,True,True,ATR [ENST00000350721]
66177,WNK1,WNK lysine deficient protein kinase 1,ENSG00000060237,ENST00000537687,12,7929,3.899218417851373,True,True,WNK1 [ENST00000537687]
15785,FLNA,filamin A,ENSG00000196924,ENST00000360319,X,7920,3.8987251815894934,True,True,FLNA [ENST00000360319]
85878,BAHCC1,BAH domain and coiled-coil containing 1,ENSG00000266074,ENST00000584436,17,7920,3.8987251815894934,False,True,BAHCC1 [ENST00000584436]
99069,CFAP46,cilia and flagella associated protein 46,ENSG00000171811,ENST00000639072,10,7914,3.898396045930009,False,True,CFAP46 [ENST00000639072]
96278,UNC79,"unc-79 homolog, NALCN channel complex subunit",ENSG00000276416,ENST00000627404,CHR_HSCHR14_7_CTG1,7908,3.8980666606416348,False,True,UNC79 [ENST00000627404]
23102,UNC79,"unc-79 homolog, NALCN channel complex subunit",ENSG00000133958,ENST00000393151,14,7908,3.8980666606416348,False,True,UNC79 [ENST00000393151]
13240,WNK1,WNK lysine deficient protein kinase 1,ENSG00000060237,ENST00000340908,12,7905,3.8979018742682277,True,True,WNK1 [ENST00000340908]
54774,FLNB,filamin B,ENSG00000136068,ENST00000490882,3,7902,3.8977370253454273,True,True,FLNB [ENST00000490882]
3561,TEP1,telomerase associated protein 1,ENSG00000129566,ENST00000262715,14,7884,3.8967466156074058,False,True,TEP1 [ENST00000262715]
16005,BDP1,"B double prime 1, subunit of RNA polymerase III transcription initiation factor IIIB",ENSG00000145734,ENST00000358731,5,7875,3.896250562461638,False,True,BDP1 [ENST00000358731]
38205,ADGRV1,adhesion G protein-coupled receptor V1,ENSG00000164199,ENST00000425867,5,7875,3.896250562461638,True,True,ADGRV1 [ENST00000425867]
69757,ZAN,zonadhesin,ENSG00000146839,ENST00000538115,7,7875,3.896250562461638,False,True,ZAN [ENST00000538115]
93464,BDP1,"B double prime 1, subunit of RNA polymerase III transcription initiation factor IIIB",ENSG00000273873,ENST00000617085,CHR_HSCHR5_2_CTG1_1,7875,3.896250562461638,False,True,BDP1 [ENST00000617085]
90253,BDP1,"B double prime 1, subunit of RNA polymerase III transcription initiation factor IIIB",ENSG00000274803,ENST00000611966,CHR_HSCHR5_1_CTG1_1,7875,3.896250562461638,False,True,BDP1 [ENST00000611966]
26892,MAST4,microtubule associated serine/threonine kinase family member 4,ENSG00000069020,ENST00000403625,5,7872,3.896085085423285,False,True,MAST4 [ENST00000403625]
4582,IGSF10,immunoglobulin superfamily member 10,ENSG00000152580,ENST00000282466,3,7872,3.896085085423285,False,True,IGSF10 [ENST00000282466]
17952,FLNA,filamin A,ENSG00000196924,ENST00000369856,X,7863,3.8955882756662628,True,True,FLNA [ENST00000369856]
5451,USP24,ubiquitin specific peptidase 24,ENSG00000162402,ENST00000294383,1,7863,3.8955882756662628,False,True,USP24 [ENST00000294383]
54889,USP24,ubiquitin specific peptidase 24,ENSG00000162402,ENST00000484447,1,7857,3.8952567531448947,False,True,USP24 [ENST00000484447]
66025,ANKHD1-EIF4EBP3,ANKHD1-EIF4EBP3 readthrough,ENSG00000254996,ENST00000532219,5,7854,3.8950908969343994,False,True,ANKHD1-EIF4EBP3 [ENST00000532219]
4707,COL6A5,collagen type VI alpha 5 chain,ENSG00000172752,ENST00000312481,3,7848,3.894758994371892,False,True,COL6A5 [ENST00000312481]
18919,COL6A5,collagen type VI alpha 5 chain,ENSG00000172752,ENST00000373157,3,7845,3.8945929479229555,False,True,COL6A5 [ENST00000373157]
117543,TENM2,teneurin transmembrane protein 2,ENSG00000145934,ENST00000695886,5,7842,3.894426837964188,False,True,TENM2 [ENST00000695886]
76424,HECTD1,HECT domain E3 ubiquitin protein ligase 1,ENSG00000092148,ENST00000553700,14,7833,3.893928126542607,False,True,HECTD1 [ENST00000553700]
28146,HECTD1,HECT domain E3 ubiquitin protein ligase 1,ENSG00000092148,ENST00000399332,14,7833,3.893928126542607,False,True,HECTD1 [ENST00000399332]
87583,HECTD1,HECT domain E3 ubiquitin protein ligase 1,ENSG00000092148,ENST00000611816,14,7827,3.893595333819883,False,True,HECTD1 [ENST00000611816]
109335,BAHCC1,BAH domain and coiled-coil containing 1,ENSG00000266074,ENST00000675386,17,7827,3.893595333819883,False,True,BAHCC1 [ENST00000675386]
16548,ANKRD17,ankyrin repeat domain 17,ENSG00000132466,ENST00000358602,4,7812,3.892762234615817,True,True,ANKRD17 [ENST00000358602]
6218,FLNB,filamin B,ENSG00000136068,ENST00000295956,3,7809,3.892595422828898,True,True,FLNB [ENST00000295956]
72368,ZAN,zonadhesin,ENSG00000146839,ENST00000546213,7,7806,3.8924285469452298,False,True,ZAN [ENST00000546213]
11783,CEP295,centrosomal protein 295,ENSG00000166004,ENST00000325212,11,7806,3.8924285469452298,False,True,CEP295 [ENST00000325212]
77152,UNC79,"unc-79 homolog, NALCN channel complex subunit",ENSG00000133958,ENST00000555664,14,7791,3.891593204348965,False,True,UNC79 [ENST00000555664]
96684,UNC79,"unc-79 homolog, NALCN channel complex subunit",ENSG00000276416,ENST00000629205,CHR_HSCHR14_7_CTG1,7791,3.891593204348965,False,True,UNC79 [ENST00000629205]
5457,ABCA12,ATP binding cassette subfamily A member 12,ENSG00000144452,ENST00000272895,2,7788,3.8914259428479943,True,True,ABCA12 [ENST00000272895]
116046,NSD1,nuclear receptor binding SET domain protein 1,ENSG00000165671,ENST00000687453,5,7782,3.8910912264677235,True,True,NSD1 [ENST00000687453]
37128,FLNB,filamin B,ENSG00000136068,ENST00000429972,3,7776,3.890756251918218,True,True,FLNB [ENST00000429972]
3922,POLQ,DNA polymerase theta,ENSG00000051341,ENST00000264233,3,7773,3.890588667705487,False,True,POLQ [ENST00000264233]
102768,CHD8,chromodomain helicase DNA binding protein 8,ENSG00000100888,ENST00000646647,14,7746,3.8890774926500637,True,True,CHD8 [ENST00000646647]
104010,CHD8,chromodomain helicase DNA binding protein 8,ENSG00000100888,ENST00000643469,14,7746,3.8890774926500637,True,True,CHD8 [ENST00000643469]
76345,CHD8,chromodomain helicase DNA binding protein 8,ENSG00000100888,ENST00000557364,14,7746,3.8890774926500637,True,True,CHD8 [ENST00000557364]
25831,CENPE,centromere protein E,ENSG00000138778,ENST00000380026,4,7743,3.8889092592635315,False,True,CENPE [ENST00000380026]
106867,ATR,ATR serine/threonine kinase,ENSG00000175054,ENST00000661310,3,7743,3.8889092592635315,True,True,ATR [ENST00000661310]
7674,EPG5,ectopic P-granules 5 autophagy tethering factor,ENSG00000152223,ENST00000282041,18,7740,3.8887409606828927,True,True,EPG5 [ENST00000282041]
15036,FLNB,filamin B,ENSG00000136068,ENST00000358537,3,7737,3.8885725968576,True,True,FLNB [ENST00000358537]
117142,EPG5,ectopic P-granules 5 autophagy tethering factor,ENSG00000152223,ENST00000696489,18,7737,3.8885725968576,True,True,EPG5 [ENST00000696489]
116431,TENM2,teneurin transmembrane protein 2,ENSG00000145934,ENST00000695961,5,7734,3.8884041677370464,False,True,TENM2 [ENST00000695961]
55431,LRBA,LPS responsive beige-like anchor protein,ENSG00000198589,ENST00000507224,4,7728,3.8880671134074367,True,True,LRBA [ENST00000507224]
120836,USP9X,ubiquitin specific peptidase 9 X-linked,ENSG00000124486,ENST00000703987,X,7728,3.8880671134074367,True,True,USP9X [ENST00000703987]
81873,MGA,MAX dimerization protein MGA,ENSG00000174197,ENST00000570161,15,7723,3.8877860348383715,False,True,MGA [ENST00000570161]
33869,ZFHX2,zinc finger homeobox 2,ENSG00000136367,ENST00000419474,14,7719,3.887561040930009,False,True,ZFHX2 [ENST00000419474]
9458,USP9X,ubiquitin specific peptidase 9 X-linked,ENSG00000124486,ENST00000324545,X,7713,3.887223331362523,True,True,USP9X [ENST00000324545]
52388,COL6A3,collagen type VI alpha 3 chain,ENSG00000163359,ENST00000472056,2,7713,3.887223331362523,True,True,COL6A3 [ENST00000472056]
9558,STAB1,stabilin 1,ENSG00000010327,ENST00000321725,3,7713,3.887223331362523,False,True,STAB1 [ENST00000321725]
27747,MYO18B,myosin XVIIIB,ENSG00000133454,ENST00000407587,22,7707,3.8868853589860084,True,True,MYO18B [ENST00000407587]
74807,ACAN,aggrecan,ENSG00000157766,ENST00000560601,15,7707,3.8868853589860084,True,True,ACAN [ENST00000560601]
69008,MYO18B,myosin XVIIIB,ENSG00000133454,ENST00000536101,22,7704,3.8867162741164782,True,True,MYO18B [ENST00000536101]
12613,MYO18B,myosin XVIIIB,ENSG00000133454,ENST00000335473,22,7704,3.8867162741164782,True,True,MYO18B [ENST00000335473]
17247,SPTBN4,"spectrin beta, non-erythrocytic 4",ENSG00000160460,ENST00000352632,19,7695,3.8862086241674976,True,True,SPTBN4 [ENST00000352632]
34179,SETD2,"SET domain containing 2, histone lysine methyltransferase",ENSG00000181555,ENST00000409792,3,7695,3.8862086241674976,True,True,SETD2 [ENST00000409792]
88514,SPTBN4,"spectrin beta, non-erythrocytic 4",ENSG00000160460,ENST00000598249,19,7695,3.8862086241674976,True,True,SPTBN4 [ENST00000598249]
116761,HECTD1,HECT domain E3 ubiquitin protein ligase 1,ENSG00000092148,ENST00000692835,14,7692,3.8860392755664424,False,True,HECTD1 [ENST00000692835]
111997,FLNB,filamin B,ENSG00000136068,ENST00000682871,3,7689,3.8858698609039064,True,True,FLNB [ENST00000682871]
121499,USP9X,ubiquitin specific peptidase 9 X-linked,ENSG00000124486,ENST00000703986,X,7680,3.885361220031512,True,True,USP9X [ENST00000703986]
121173,TLN1,talin 1,ENSG00000137076,ENST00000706939,9,7677,3.885191540606848,False,True,TLN1 [ENST00000706939]
106255,USP9Y,ubiquitin specific peptidase 9 Y-linked,ENSG00000114374,ENST00000651177,Y,7668,3.884682104206025,True,True,USP9Y [ENST00000651177]
10811,USP9Y,ubiquitin specific peptidase 9 Y-linked,ENSG00000114374,ENST00000338981,Y,7668,3.884682104206025,True,True,USP9Y [ENST00000338981]
105319,NOTCH1,notch receptor 1,ENSG00000148400,ENST00000651671,9,7668,3.884682104206025,True,True,NOTCH1 [ENST00000651671]
26295,USP9X,ubiquitin specific peptidase 9 X-linked,ENSG00000124486,ENST00000378308,X,7665,3.884512159190394,True,True,USP9X [ENST00000378308]
110260,ZFYVE26,zinc finger FYVE-type containing 26,ENSG00000072121,ENST00000678386,14,7665,3.884512159190394,True,True,ZFYVE26 [ENST00000678386]
120612,USP9X,ubiquitin specific peptidase 9 X-linked,ENSG00000124486,ENST00000704650,X,7665,3.884512159190394,True,True,USP9X [ENST00000704650]
24222,STAB2,stabilin 2,ENSG00000136011,ENST00000388887,12,7656,3.8840019247687874,False,True,STAB2 [ENST00000388887]
16406,MTOR,mechanistic target of rapamycin kinase,ENSG00000198793,ENST00000361445,1,7650,3.8836614351536176,True,True,MTOR [ENST00000361445]
15515,MYO9A,myosin IXA,ENSG00000066933,ENST00000356056,15,7647,3.88349109018893,True,True,MYO9A [ENST00000356056]
42264,MYO9A,myosin IXA,ENSG00000066933,ENST00000444904,15,7647,3.88349109018893,True,True,MYO9A [ENST00000444904]
59529,TRIO,trio Rho guanine nucleotide exchange factor,ENSG00000038382,ENST00000513206,5,7641,3.8831501996832776,True,True,TRIO [ENST00000513206]
109367,ZFYVE26,zinc finger FYVE-type containing 26,ENSG00000072121,ENST00000676512,14,7638,3.882979654037299,True,True,ZFYVE26 [ENST00000676512]
116335,EPG5,ectopic P-granules 5 autophagy tethering factor,ENSG00000152223,ENST00000696483,18,7635,3.88280904139244,True,True,EPG5 [ENST00000696483]
113949,RALGAPA1,Ral GTPase activating protein catalytic subunit alpha 1,ENSG00000174373,ENST00000680220,14,7629,3.882467614895371,True,True,RALGAPA1 [ENST00000680220]
101588,TLN2,talin 2,ENSG00000171914,ENST00000636159,15,7629,3.882467614895371,False,True,TLN2 [ENST00000636159]
77316,TLN2,talin 2,ENSG00000171914,ENST00000561311,15,7629,3.882467614895371,False,True,TLN2 [ENST00000561311]
12520,DMBT1,deleted in malignant brain tumors 1,ENSG00000187908,ENST00000338354,10,7629,3.882467614895371,False,True,DMBT1 [ENST00000338354]
16847,ANKHD1,ankyrin repeat and KH domain containing 1,ENSG00000131503,ENST00000360839,5,7629,3.882467614895371,False,True,ANKHD1 [ENST00000360839]
7424,TLN1,talin 1,ENSG00000137076,ENST00000314888,9,7626,3.882296800937652,False,True,TLN1 [ENST00000314888]
30470,JMJD1C,jumonji domain containing 1C,ENSG00000171988,ENST00000399262,10,7623,3.882125919770032,False,True,JMJD1C [ENST00000399262]
9842,ZFYVE26,zinc finger FYVE-type containing 26,ENSG00000072121,ENST00000347230,14,7620,3.8819549713396007,True,True,ZFYVE26 [ENST00000347230]
56628,CEP192,centrosomal protein 192,ENSG00000101639,ENST00000506447,18,7614,3.8816128724783483,False,True,CEP192 [ENST00000506447]
64485,TENM2,teneurin transmembrane protein 2,ENSG00000145934,ENST00000520394,5,7608,3.8812705039293576,False,True,TENM2 [ENST00000520394]
106866,DMBT1,deleted in malignant brain tumors 1,ENSG00000187908,ENST00000664692,10,7599,3.8807564445102103,False,True,DMBT1 [ENST00000664692]
43888,ACAN,aggrecan,ENSG00000157766,ENST00000439576,15,7593,3.880413399877917,True,True,ACAN [ENST00000439576]
75611,ACAN,aggrecan,ENSG00000157766,ENST00000561243,15,7593,3.880413399877917,True,True,ACAN [ENST00000561243]
8056,LRRK2,leucine rich repeat kinase 2,ENSG00000188906,ENST00000298910,12,7584,3.87989832433001,False,True,LRRK2 [ENST00000298910]
59466,COL6A5,collagen type VI alpha 5 chain,ENSG00000172752,ENST00000512836,3,7581,3.8797264966395772,False,True,COL6A5 [ENST00000512836]
6703,PIEZO1,piezo type mechanosensitive ion channel component 1,ENSG00000103335,ENST00000301015,16,7566,3.878866336956725,True,True,PIEZO1 [ENST00000301015]
76255,HECTD1,HECT domain E3 ubiquitin protein ligase 1,ENSG00000092148,ENST00000553957,14,7563,3.878694100396108,False,True,HECTD1 [ENST00000553957]
101575,SETD2,"SET domain containing 2, histone lysine methyltransferase",ENSG00000181555,ENST00000638947,3,7563,3.878694100396108,True,True,SETD2 [ENST00000638947]
76123,TEP1,telomerase associated protein 1,ENSG00000129566,ENST00000556935,14,7560,3.8785217955012063,False,True,TEP1 [ENST00000556935]
113088,NOTCH1,notch receptor 1,ENSG00000148400,ENST00000680668,9,7554,3.878176980491506,True,True,NOTCH1 [ENST00000680668]
2354,CUL9,cullin 9,ENSG00000112659,ENST00000252050,6,7554,3.878176980491506,False,True,CUL9 [ENST00000252050]
112534,NOTCH1,notch receptor 1,ENSG00000148400,ENST00000680133,9,7554,3.878176980491506,True,True,NOTCH1 [ENST00000680133]
112958,CIC,capicua transcriptional repressor,ENSG00000079432,ENST00000681038,19,7554,3.878176980491506,True,True,CIC [ENST00000681038]
51109,MGAM2,maltase-glucoamylase 2 (putative),ENSG00000257743,ENST00000477922,7,7548,3.8778318914928938,False,True,MGAM2 [ENST00000477922]
97512,MGAM2,maltase-glucoamylase 2 (putative),ENSG00000278563,ENST00000632823,CHR_HSCHR7_2_CTG6,7548,3.8778318914928938,False,True,MGAM2 [ENST00000632823]
114239,NOTCH1,notch receptor 1,ENSG00000148400,ENST00000680218,9,7548,3.8778318914928938,True,True,NOTCH1 [ENST00000680218]
30104,NCOR2,nuclear receptor corepressor 2,ENSG00000196498,ENST00000405201,12,7545,3.8776592441116087,False,True,NCOR2 [ENST00000405201]
117927,TASOR2,transcription activation suppressor family member 2,ENSG00000108021,ENST00000695832,10,7545,3.8776592441116087,False,True,TASOR2 [ENST00000695832]
81080,CIC,capicua transcriptional repressor,ENSG00000079432,ENST00000572681,19,7545,3.8776592441116087,True,True,CIC [ENST00000572681]
42778,NCOR1,nuclear receptor corepressor 1,ENSG00000141027,ENST00000436068,17,7545,3.8776592441116087,False,True,NCOR1 [ENST00000436068]
121544,NCOR1,nuclear receptor corepressor 1,ENSG00000141027,ENST00000704744,17,7545,3.8776592441116087,False,True,NCOR1 [ENST00000704744]
109826,ZFYVE26,zinc finger FYVE-type containing 26,ENSG00000072121,ENST00000676620,14,7542,3.8774865280696016,True,True,ZFYVE26 [ENST00000676620]
100538,CACNA1A,calcium voltage-gated channel subunit alpha1 A,ENSG00000141837,ENST00000638029,19,7539,3.8773137433122384,True,True,CACNA1A [ENST00000638029]
6479,FASN,fatty acid synthase,ENSG00000169710,ENST00000306749,17,7536,3.8771408897848207,False,True,FASN [ENST00000306749]
96570,FASN,fatty acid synthase,ENSG00000169710,ENST00000634990,17,7530,3.8767949762007006,False,True,FASN [ENST00000634990]
120897,PDE4DIP,phosphodiesterase 4D interacting protein,ENSG00000178104,ENST00000704840,1,7527,3.876621916034273,False,True,PDE4DIP [ENST00000704840]
79302,CACNA1A,calcium voltage-gated channel subunit alpha1 A,ENSG00000141837,ENST00000573710,19,7527,3.876621916034273,True,True,CACNA1A [ENST00000573710]
98982,CACNA1A,calcium voltage-gated channel subunit alpha1 A,ENSG00000141837,ENST00000635727,19,7524,3.876448786878341,True,True,CACNA1A [ENST00000635727]
101097,CACNA1A,calcium voltage-gated channel subunit alpha1 A,ENSG00000141837,ENST00000637769,19,7524,3.876448786878341,True,True,CACNA1A [ENST00000637769]
121402,SPTAN1,"spectrin alpha, non-erythrocytic 1",ENSG00000197694,ENST00000704202,9,7521,3.876275588677879,True,True,SPTAN1 [ENST00000704202]
7767,ZNF462,zinc finger protein 462,ENSG00000148143,ENST00000277225,9,7521,3.876275588677879,True,True,ZNF462 [ENST00000277225]
15590,CACNA1A,calcium voltage-gated channel subunit alpha1 A,ENSG00000141837,ENST00000360228,19,7521,3.876275588677879,True,True,CACNA1A [ENST00000360228]
36891,NCOR2,nuclear receptor corepressor 2,ENSG00000196498,ENST00000429285,12,7515,3.875928984922927,False,True,NCOR2 [ENST00000429285]
120697,USP9X,ubiquitin specific peptidase 9 X-linked,ENSG00000124486,ENST00000704651,X,7512,3.8757555792580547,True,True,USP9X [ENST00000704651]
45423,NF1,neurofibromin 1,ENSG00000196712,ENST00000456735,17,7509,3.8755821043278855,True,True,NF1 [ENST00000456735]
121478,CEP250,centrosomal protein 250,ENSG00000126001,ENST00000706828,20,7500,3.8750612633917,True,True,CEP250 [ENST00000706828]
96508,SPTAN1,"spectrin alpha, non-erythrocytic 1",ENSG00000197694,ENST00000630866,9,7497,3.8748875108461123,True,True,SPTAN1 [ENST00000630866]
100048,RALGAPA1,Ral GTPase activating protein catalytic subunit alpha 1,ENSG00000174373,ENST00000637992,14,7488,3.874365835730049,True,True,RALGAPA1 [ENST00000637992]
99675,CACNA1A,calcium voltage-gated channel subunit alpha1 A,ENSG00000141837,ENST00000636012,19,7488,3.874365835730049,True,True,CACNA1A [ENST00000636012]
21008,ATRX,ATRX chromatin remodeler,ENSG00000085224,ENST00000373344,X,7479,3.873843533223436,True,True,ATRX [ENST00000373344]
117372,EPG5,ectopic P-granules 5 autophagy tethering factor,ENSG00000152223,ENST00000696484,18,7479,3.873843533223436,True,True,EPG5 [ENST00000696484]
77263,ACAN,aggrecan,ENSG00000157766,ENST00000559004,15,7479,3.873843533223436,True,True,ACAN [ENST00000559004]
14048,IGF2R,insulin like growth factor 2 receptor,ENSG00000197081,ENST00000356956,6,7476,3.8736692927067944,True,True,IGF2R [ENST00000356956]
40618,PTPN13,protein tyrosine phosphatase non-receptor type 13,ENSG00000163629,ENST00000436978,4,7473,3.873494982256169,False,True,PTPN13 [ENST00000436978]
61447,ANKRD17,ankyrin repeat domain 17,ENSG00000132466,ENST00000509867,4,7473,3.873494982256169,True,True,ANKRD17 [ENST00000509867]
60240,PTPN13,protein tyrosine phosphatase non-receptor type 13,ENSG00000163629,ENST00000511467,4,7473,3.873494982256169,False,True,PTPN13 [ENST00000511467]
96782,SPTAN1,"spectrin alpha, non-erythrocytic 1",ENSG00000197694,ENST00000627441,9,7470,3.873320601815399,True,True,SPTAN1 [ENST00000627441]
120707,SPTAN1,"spectrin alpha, non-erythrocytic 1",ENSG00000197694,ENST00000704203,9,7470,3.873320601815399,True,True,SPTAN1 [ENST00000704203]
15581,CR1,complement C3b/C4b receptor 1 (Knops blood group),ENSG00000203710,ENST00000367049,1,7470,3.873320601815399,False,True,CR1 [ENST00000367049]
21904,CUL9,cullin 9,ENSG00000112659,ENST00000372647,6,7470,3.873320601815399,False,True,CUL9 [ENST00000372647]
30841,NAV2,neuron navigator 2,ENSG00000166833,ENST00000396087,11,7467,3.8731461513282555,False,True,NAV2 [ENST00000396087]
78245,ANKRD17,ankyrin repeat domain 17,ENSG00000132466,ENST00000558247,4,7464,3.8729716307384434,True,True,ANKRD17 [ENST00000558247]
114797,SETD2,"SET domain containing 2, histone lysine methyltransferase",ENSG00000181555,ENST00000685005,3,7461,3.8727970399895986,True,True,SETD2 [ENST00000685005]
32604,PTPN13,protein tyrosine phosphatase non-receptor type 13,ENSG00000163629,ENST00000411767,4,7458,3.8726223790252883,False,True,PTPN13 [ENST00000411767]
118647,PDE4DIP,phosphodiesterase 4D interacting protein,ENSG00000178104,ENST00000695794,1,7452,3.872272846224205,False,True,PDE4DIP [ENST00000695794]
85658,PDE4DIP,phosphodiesterase 4D interacting protein,ENSG00000178104,ENST00000585156,1,7449,3.8720979742742268,False,True,PDE4DIP [ENST00000585156]
4897,CEP290,centrosomal protein 290,ENSG00000198707,ENST00000309041,12,7449,3.8720979742742268,True,True,CEP290 [ENST00000309041]
116726,EPG5,ectopic P-granules 5 autophagy tethering factor,ENSG00000152223,ENST00000696490,18,7449,3.8720979742742268,True,True,EPG5 [ENST00000696490]
27676,TTC28,tetratricopeptide repeat domain 28,ENSG00000100154,ENST00000397906,22,7446,3.8719230318823734,False,True,TTC28 [ENST00000397906]
74192,CEP290,centrosomal protein 290,ENSG00000198707,ENST00000552810,12,7440,3.8715729355458786,True,True,CEP290 [ENST00000552810]
119157,MTOR,mechanistic target of rapamycin kinase,ENSG00000198793,ENST00000703140,1,7437,3.871397781487484,True,True,MTOR [ENST00000703140]
19670,SPTAN1,"spectrin alpha, non-erythrocytic 1",ENSG00000197694,ENST00000372739,9,7434,3.871222556759707,True,True,SPTAN1 [ENST00000372739]
16179,FN1,fibronectin 1,ENSG00000115414,ENST00000354785,2,7434,3.871222556759707,True,True,FN1 [ENST00000354785]
121118,SPTAN1,"spectrin alpha, non-erythrocytic 1",ENSG00000197694,ENST00000706487,9,7434,3.871222556759707,True,True,SPTAN1 [ENST00000706487]
1345,DOP1A,DOP1 leucine zipper like protein A,ENSG00000083097,ENST00000237163,6,7431,3.8710472613054994,False,True,DOP1A [ENST00000237163]
21843,DOP1A,DOP1 leucine zipper like protein A,ENSG00000083097,ENST00000369739,6,7431,3.8710472613054994,False,True,DOP1A [ENST00000369739]
43111,RIF1,replication timing regulatory factor 1,ENSG00000080345,ENST00000444746,2,7419,3.8703453710809597,False,True,RIF1 [ENST00000444746]
1713,RIF1,replication timing regulatory factor 1,ENSG00000080345,ENST00000243326,2,7419,3.8703453710809597,False,True,RIF1 [ENST00000243326]
19498,SPTAN1,"spectrin alpha, non-erythrocytic 1",ENSG00000197694,ENST00000372731,9,7419,3.8703453710809597,True,True,SPTAN1 [ENST00000372731]
109666,CEP290,centrosomal protein 290,ENSG00000198707,ENST00000675230,12,7419,3.8703453710809597,True,True,CEP290 [ENST00000675230]
4429,NOTCH2,notch receptor 2,ENSG00000134250,ENST00000256646,1,7416,3.8701697211364405,True,True,NOTCH2 [ENST00000256646]
5378,MAP1B,microtubule associated protein 1B,ENSG00000131711,ENST00000296755,5,7407,3.8696423446515946,True,True,MAP1B [ENST00000296755]
93786,ABCA2,ATP binding cassette subfamily A member 2,ENSG00000107331,ENST00000614293,9,7401,3.8692904042093983,True,True,ABCA2 [ENST00000614293]
120789,NCOR1,nuclear receptor corepressor 1,ENSG00000141027,ENST00000704745,17,7401,3.8692904042093983,False,True,NCOR1 [ENST00000704745]
36749,PTPN13,protein tyrosine phosphatase non-receptor type 13,ENSG00000163629,ENST00000427191,4,7401,3.8692904042093983,False,True,PTPN13 [ENST00000427191]
15994,DOP1A,DOP1 leucine zipper like protein A,ENSG00000083097,ENST00000349129,6,7398,3.8691143269793753,False,True,DOP1A [ENST00000349129]
100789,CACNA1A,calcium voltage-gated channel subunit alpha1 A,ENSG00000141837,ENST00000637736,19,7383,3.868232868422465,True,True,CACNA1A [ENST00000637736]
63664,PKD1L2,polycystin 1 like 2 (gene/pseudogene),ENSG00000166473,ENST00000525539,16,7379,3.867997510344951,False,True,PKD1L2 [ENST00000525539]
96406,UNC79,"unc-79 homolog, NALCN channel complex subunit",ENSG00000276416,ENST00000627695,CHR_HSCHR14_7_CTG1,7377,3.86787978345838,False,True,UNC79 [ENST00000627695]
28665,NCOR2,nuclear receptor corepressor 2,ENSG00000196498,ENST00000404621,12,7377,3.86787978345838,False,True,NCOR2 [ENST00000404621]
4300,UNC79,"unc-79 homolog, NALCN channel complex subunit",ENSG00000133958,ENST00000256339,14,7377,3.86787978345838,False,True,UNC79 [ENST00000256339]
25811,ACACB,acetyl-CoA carboxylase beta,ENSG00000076555,ENST00000377848,12,7377,3.86787978345838,False,True,ACACB [ENST00000377848]
9662,ACACB,acetyl-CoA carboxylase beta,ENSG00000076555,ENST00000338432,12,7377,3.86787978345838,False,True,ACACB [ENST00000338432]
94080,UNC79,"unc-79 homolog, NALCN channel complex subunit",ENSG00000133958,ENST00000621021,14,7377,3.86787978345838,False,True,UNC79 [ENST00000621021]
91112,UNC79,"unc-79 homolog, NALCN channel complex subunit",ENSG00000276416,ENST00000615108,CHR_HSCHR14_7_CTG1,7377,3.86787978345838,False,True,UNC79 [ENST00000615108]
98149,SPTAN1,"spectrin alpha, non-erythrocytic 1",ENSG00000197694,ENST00000630804,9,7374,3.8677031332700977,True,True,SPTAN1 [ENST00000630804]
72929,BPTF,bromodomain PHD finger transcription factor,ENSG00000171634,ENST00000544778,17,7372,3.867585326547036,True,True,BPTF [ENST00000544778]
27238,ATRX,ATRX chromatin remodeler,ENSG00000085224,ENST00000395603,X,7365,3.8671727511786496,True,True,ATRX [ENST00000395603]
14586,SPTAN1,"spectrin alpha, non-erythrocytic 1",ENSG00000197694,ENST00000358161,9,7359,3.866818802926048,True,True,SPTAN1 [ENST00000358161]
12624,FN1,fibronectin 1,ENSG00000115414,ENST00000323926,2,7341,3.8657552240714517,True,True,FN1 [ENST00000323926]
72,HIVEP2,HIVEP zinc finger 2,ENSG00000010818,ENST00000012134,6,7341,3.8657552240714517,True,True,HIVEP2 [ENST00000012134]
17861,HIVEP2,HIVEP zinc finger 2,ENSG00000010818,ENST00000367603,6,7341,3.8657552240714517,True,True,HIVEP2 [ENST00000367603]
39618,RIF1,replication timing regulatory factor 1,ENSG00000080345,ENST00000428287,2,7341,3.8657552240714517,False,True,RIF1 [ENST00000428287]
21782,HIVEP2,HIVEP zinc finger 2,ENSG00000010818,ENST00000367604,6,7341,3.8657552240714517,True,True,HIVEP2 [ENST00000367604]
121344,HIVEP2,HIVEP zinc finger 2,ENSG00000010818,ENST00000703918,6,7341,3.8657552240714517,True,True,HIVEP2 [ENST00000703918]
38741,RIF1,replication timing regulatory factor 1,ENSG00000080345,ENST00000430328,2,7341,3.8657552240714517,False,True,RIF1 [ENST00000430328]
46348,RIF1,replication timing regulatory factor 1,ENSG00000080345,ENST00000453091,2,7341,3.8657552240714517,False,True,RIF1 [ENST00000453091]
28595,MAST4,microtubule associated serine/threonine kinase family member 4,ENSG00000069020,ENST00000405643,5,7335,3.8654001181793016,False,True,MAST4 [ENST00000405643]
4194,SPG11,"SPG11 vesicle trafficking associated, spatacsin",ENSG00000104133,ENST00000261866,15,7332,3.865222456290179,True,True,SPG11 [ENST00000261866]
28652,CEP250,centrosomal protein 250,ENSG00000126001,ENST00000397527,20,7329,3.865044721693099,True,True,CEP250 [ENST00000397527]
2855,CREBBP,CREB binding protein,ENSG00000005339,ENST00000262367,16,7329,3.865044721693099,True,True,CREBBP [ENST00000262367]
113102,LRRK2,leucine rich repeat kinase 2,ENSG00000188906,ENST00000680790,12,7329,3.865044721693099,False,True,LRRK2 [ENST00000680790]
4140,NCOR1,nuclear receptor corepressor 1,ENSG00000141027,ENST00000268712,17,7323,3.864689034136851,False,True,NCOR1 [ENST00000268712]
101023,MUC6,"mucin 6, oligomeric mucus/gel-forming",ENSG00000283350,ENST00000636545,CHR_HG107_PATCH,7320,3.864511081058392,False,True,MUC6 [ENST00000636545]
31647,MUC6,"mucin 6, oligomeric mucus/gel-forming",ENSG00000184956,ENST00000421673,11,7320,3.864511081058392,False,True,MUC6 [ENST00000421673]
108148,CEP290,centrosomal protein 290,ENSG00000198707,ENST00000673058,12,7317,3.864333055033393,True,True,CEP290 [ENST00000673058]
13188,ABCA2,ATP binding cassette subfamily A member 2,ENSG00000107331,ENST00000341511,9,7311,3.863976783904387,True,True,ABCA2 [ENST00000341511]
21355,ABCA2,ATP binding cassette subfamily A member 2,ENSG00000107331,ENST00000371605,9,7308,3.8637985386805003,True,True,ABCA2 [ENST00000371605]
28181,MAST4,microtubule associated serine/threonine kinase family member 4,ENSG00000069020,ENST00000403666,5,7305,3.8636202202703154,False,True,MAST4 [ENST00000403666]
29418,NAV2,neuron navigator 2,ENSG00000166833,ENST00000396085,11,7299,3.8632633636504807,False,True,NAV2 [ENST00000396085]
14382,ACAN,aggrecan,ENSG00000157766,ENST00000352105,15,7296,3.86308482532036,True,True,ACAN [ENST00000352105]
64757,PDE4DIP,phosphodiesterase 4D interacting protein,ENSG00000178104,ENST00000524974,1,7296,3.86308482532036,False,True,PDE4DIP [ENST00000524974]
9329,TASOR2,transcription activation suppressor family member 2,ENSG00000108021,ENST00000328090,10,7293,3.862906213562998,False,True,TASOR2 [ENST00000328090]
116340,TASOR2,transcription activation suppressor family member 2,ENSG00000108021,ENST00000695737,10,7293,3.862906213562998,False,True,TASOR2 [ENST00000695737]
117318,TASOR2,transcription activation suppressor family member 2,ENSG00000108021,ENST00000695834,10,7293,3.862906213562998,False,True,TASOR2 [ENST00000695834]
14679,NAV2,neuron navigator 2,ENSG00000166833,ENST00000349880,11,7290,3.8627275283179747,False,True,NAV2 [ENST00000349880]
4468,MAST4,microtubule associated serine/threonine kinase family member 4,ENSG00000069020,ENST00000261569,5,7290,3.8627275283179747,False,True,MAST4 [ENST00000261569]
116629,NEB,nebulin,ENSG00000183091,ENST00000690043,2,7284,3.8623699371228826,True,True,NEB [ENST00000690043]
15346,SON,SON DNA and RNA binding protein,ENSG00000159140,ENST00000356577,21,7281,3.862191031051597,True,True,SON [ENST00000356577]
105780,MPRIP,myosin phosphatase Rho interacting protein,ENSG00000133030,ENST00000651222,17,7278,3.8620120512502165,False,True,MPRIP [ENST00000651222]
109828,CEP290,centrosomal protein 290,ENSG00000198707,ENST00000675408,12,7275,3.861832997657945,True,True,CEP290 [ENST00000675408]
82147,CHD9,chromodomain helicase DNA binding protein 9,ENSG00000177200,ENST00000565803,16,7275,3.861832997657945,False,True,CHD9 [ENST00000565803]
102513,SPTA1,"spectrin alpha, erythrocytic 1",ENSG00000163554,ENST00000643759,1,7260,3.8609366207000937,True,True,SPTA1 [ENST00000643759]
121032,CEP250,centrosomal protein 250,ENSG00000126001,ENST00000706829,20,7248,3.8602181846687564,True,True,CEP250 [ENST00000706829]
99852,ARID1B,AT-rich interaction domain 1B,ENSG00000049618,ENST00000637015,6,7248,3.8602181846687564,True,True,ARID1B [ENST00000637015]
3209,EP300,E1A binding protein p300,ENSG00000100393,ENST00000263253,22,7245,3.8600383898071935,True,True,EP300 [ENST00000263253]
20015,DMBT1,deleted in malignant brain tumors 1,ENSG00000187908,ENST00000368909,10,7242,3.859858520480993,False,True,DMBT1 [ENST00000368909]
106291,DMBT1,deleted in malignant brain tumors 1,ENSG00000187908,ENST00000652446,10,7242,3.859858520480993,False,True,DMBT1 [ENST00000652446]
91317,DMBT1,deleted in malignant brain tumors 1,ENSG00000187908,ENST00000619379,10,7242,3.859858520480993,False,True,DMBT1 [ENST00000619379]
116544,PDE4DIP,phosphodiesterase 4D interacting protein,ENSG00000178104,ENST00000695795,1,7239,3.8596785766284483,False,True,PDE4DIP [ENST00000695795]
117949,KMT2B,lysine methyltransferase 2B,ENSG00000272333,ENST00000692961,19,7239,3.8596785766284483,True,True,KMT2B [ENST00000692961]
106651,DMBT1,deleted in malignant brain tumors 1,ENSG00000187908,ENST00000666315,10,7239,3.8596785766284483,False,True,DMBT1 [ENST00000666315]
10958,VCAN,versican,ENSG00000038427,ENST00000343200,5,7230,3.859138297294531,True,True,VCAN [ENST00000343200]
54796,FLNB,filamin B,ENSG00000136068,ENST00000493452,3,7230,3.859138297294531,True,True,FLNB [ENST00000493452]
19868,HIVEP3,HIVEP zinc finger 3,ENSG00000127124,ENST00000372583,1,7221,3.8585973449946924,False,True,HIVEP3 [ENST00000372583]
16813,NSD1,nuclear receptor binding SET domain protein 1,ENSG00000165671,ENST00000354179,5,7218,3.858416877723488,True,True,NSD1 [ENST00000354179]
114749,NSD1,nuclear receptor binding SET domain protein 1,ENSG00000165671,ENST00000686993,5,7218,3.858416877723488,True,True,NSD1 [ENST00000686993]
115530,NSD1,nuclear receptor binding SET domain protein 1,ENSG00000165671,ENST00000689345,5,7218,3.858416877723488,True,True,NSD1 [ENST00000689345]
20361,HIVEP3,HIVEP zinc finger 3,ENSG00000127124,ENST00000372584,1,7218,3.858416877723488,False,True,HIVEP3 [ENST00000372584]
14331,NSD1,nuclear receptor binding SET domain protein 1,ENSG00000165671,ENST00000347982,5,7218,3.858416877723488,True,True,NSD1 [ENST00000347982]
104631,HIVEP3,HIVEP zinc finger 3,ENSG00000127124,ENST00000643665,1,7218,3.858416877723488,False,True,HIVEP3 [ENST00000643665]
26071,CREBBP,CREB binding protein,ENSG00000005339,ENST00000382070,16,7215,3.858236335429513,True,True,CREBBP [ENST00000382070]
10278,DMBT1,deleted in malignant brain tumors 1,ENSG00000187908,ENST00000344338,10,7212,3.8580557180503643,False,True,DMBT1 [ENST00000344338]
18464,DMBT1,deleted in malignant brain tumors 1,ENSG00000187908,ENST00000368955,10,7212,3.8580557180503643,False,True,DMBT1 [ENST00000368955]
46713,DMXL2,Dmx like 2,ENSG00000104093,ENST00000449909,15,7203,3.85751341477669,True,True,DMXL2 [ENST00000449909]
25819,RP1L1,RP1 like 1,ENSG00000183638,ENST00000382483,8,7203,3.85751341477669,True,True,RP1L1 [ENST00000382483]
91852,SPTBN2,"spectrin beta, non-erythrocytic 2",ENSG00000173898,ENST00000617502,11,7194,3.856970433482492,True,True,SPTBN2 [ENST00000617502]
78661,MYO9A,myosin IXA,ENSG00000066933,ENST00000564571,15,7191,3.8567892887533164,True,True,MYO9A [ENST00000564571]
113631,SPG11,"SPG11 vesicle trafficking associated, spatacsin",ENSG00000104133,ENST00000682065,15,7188,3.856608068436936,True,True,SPG11 [ENST00000682065]
105258,DMBT1,deleted in malignant brain tumors 1,ENSG00000187908,ENST00000653442,10,7182,3.8562454007900544,False,True,DMBT1 [ENST00000653442]
116107,SPG11,"SPG11 vesicle trafficking associated, spatacsin",ENSG00000104133,ENST00000684235,15,7179,3.8560639533331,True,True,SPG11 [ENST00000684235]
22978,FLG2,filaggrin 2,ENSG00000143520,ENST00000388718,1,7176,3.8558824300360355,True,True,FLG2 [ENST00000388718]
5300,SPTBN2,"spectrin beta, non-erythrocytic 2",ENSG00000173898,ENST00000309996,11,7173,3.855700830835437,True,True,SPTBN2 [ENST00000309996]
90231,SPTBN2,"spectrin beta, non-erythrocytic 2",ENSG00000173898,ENST00000611817,11,7173,3.855700830835437,True,True,SPTBN2 [ENST00000611817]
66358,SPTBN2,"spectrin beta, non-erythrocytic 2",ENSG00000173898,ENST00000533211,11,7173,3.855700830835437,True,True,SPTBN2 [ENST00000533211]
101902,SPTBN2,"spectrin beta, non-erythrocytic 2",ENSG00000173898,ENST00000647510,11,7173,3.855700830835437,True,True,SPTBN2 [ENST00000647510]
108244,EP300,E1A binding protein p300,ENSG00000100393,ENST00000674155,22,7167,3.8553374044695405,True,True,EP300 [ENST00000674155]
14234,FN1,fibronectin 1,ENSG00000115414,ENST00000359671,2,7161,3.854973673726417,True,True,FN1 [ENST00000359671]
27876,NAV3,neuron navigator 3,ENSG00000067798,ENST00000397909,12,7158,3.8547916940539855,False,True,NAV3 [ENST00000397909]
38377,PRUNE2,prune homolog 2 with BCH domain,ENSG00000106772,ENST00000426088,9,7155,3.8546096380957953,False,True,PRUNE2 [ENST00000426088]
92088,ACACA,acetyl-CoA carboxylase alpha,ENSG00000275176,ENST00000619487,CHR_HSCHR17_7_CTG4,7152,3.854427505787861,True,True,ACACA [ENST00000619487]
91724,ACACA,acetyl-CoA carboxylase alpha,ENSG00000278540,ENST00000616317,17,7152,3.854427505787861,True,True,ACACA [ENST00000616317]
106089,DST,dystonin,ENSG00000151914,ENST00000652573,6,7151,3.8543667780408697,True,True,DST [ENST00000652573]
116509,PDE4DIP,phosphodiesterase 4D interacting protein,ENSG00000178104,ENST00000695768,1,7149,3.8542452970661185,False,True,PDE4DIP [ENST00000695768]
6464,WNK1,WNK lysine deficient protein kinase 1,ENSG00000060237,ENST00000315939,12,7149,3.8542452970661185,True,True,WNK1 [ENST00000315939]
16719,CACNA1G,calcium voltage-gated channel subunit alpha1 G,ENSG00000006283,ENST00000359106,17,7134,3.8533331050023354,True,True,CACNA1G [ENST00000359106]
12033,CNOT1,CCR4-NOT transcription complex subunit 1,ENSG00000125107,ENST00000317147,16,7131,3.8531504364478426,True,True,CNOT1 [ENST00000317147]
112862,SPG11,"SPG11 vesicle trafficking associated, spatacsin",ENSG00000104133,ENST00000682669,15,7131,3.8531504364478426,True,True,SPG11 [ENST00000682669]
100345,ARID1B,AT-rich interaction domain 1B,ENSG00000049618,ENST00000636930,6,7119,3.8524189929370016,True,True,ARID1B [ENST00000636930]
78978,CNOT1,CCR4-NOT transcription complex subunit 1,ENSG00000125107,ENST00000569240,16,7116,3.8522359394118872,True,True,CNOT1 [ENST00000569240]
6919,NBAS,NBAS subunit of NRZ tethering complex,ENSG00000151779,ENST00000281513,2,7116,3.8522359394118872,True,True,NBAS [ENST00000281513]
117214,TENM2,teneurin transmembrane protein 2,ENSG00000145934,ENST00000695962,5,7110,3.851869600729766,False,True,TENM2 [ENST00000695962]
87670,GPR179,G protein-coupled receptor 179,ENSG00000276469,ENST00000610650,CHR_HSCHR17_7_CTG4,7104,3.8515029527705447,True,True,GPR179 [ENST00000610650]
93342,GPR179,G protein-coupled receptor 179,ENSG00000277399,ENST00000616987,17,7104,3.8515029527705447,True,True,GPR179 [ENST00000616987]
55467,CACNA1G,calcium voltage-gated channel subunit alpha1 G,ENSG00000006283,ENST00000507336,17,7101,3.8513195126487454,True,True,CACNA1G [ENST00000507336]
73892,ABCA13,ATP binding cassette subfamily A member 13,ENSG00000179869,ENST00000544596,7,7101,3.8513195126487454,False,True,ABCA13 [ENST00000544596]
93492,SPTBN1,"spectrin beta, non-erythrocytic 1",ENSG00000115306,ENST00000615901,2,7101,3.8513195126487454,True,True,SPTBN1 [ENST00000615901]
17230,NAV2,neuron navigator 2,ENSG00000166833,ENST00000360655,11,7098,3.851135995011574,False,True,NAV2 [ENST00000360655]
63977,SPTBN2,"spectrin beta, non-erythrocytic 2",ENSG00000173898,ENST00000529997,11,7098,3.851135995011574,True,True,SPTBN2 [ENST00000529997]
104169,TRIOBP,TRIO and F-actin binding protein,ENSG00000100106,ENST00000644935,22,7098,3.851135995011574,True,True,TRIOBP [ENST00000644935]
16836,SPTBN1,"spectrin beta, non-erythrocytic 1",ENSG00000115306,ENST00000356805,2,7095,3.850952399793493,True,True,SPTBN1 [ENST00000356805]
17723,TPR,"translocated promoter region, nuclear basket protein",ENSG00000047410,ENST00000367478,1,7092,3.85076872692888,False,True,TPR [ENST00000367478]
69088,NAV3,neuron navigator 3,ENSG00000067798,ENST00000536525,12,7092,3.85076872692888,False,True,NAV3 [ENST00000536525]
21401,PDE4DIP,phosphodiesterase 4D interacting protein,ENSG00000178104,ENST00000369356,1,7089,3.8505849763520312,False,True,PDE4DIP [ENST00000369356]
106641,RYR2,ryanodine receptor 2,ENSG00000198626,ENST00000659194,1,7077,3.849849195605258,True,True,RYR2 [ENST00000659194]
71188,JMJD1C,jumonji domain containing 1C,ENSG00000171988,ENST00000542921,10,7077,3.849849195605258,False,True,JMJD1C [ENST00000542921]
6076,SEC16A,"SEC16 homolog A, endoplasmic reticulum export factor",ENSG00000148396,ENST00000313050,9,7074,3.8496650554787326,False,True,SEC16A [ENST00000313050]
115439,SEC16A,"SEC16 homolog A, endoplasmic reticulum export factor",ENSG00000148396,ENST00000684901,9,7074,3.8496650554787326,False,True,SEC16A [ENST00000684901]
12603,FN1,fibronectin 1,ENSG00000115414,ENST00000336916,2,7068,3.8492965408347266,True,True,FN1 [ENST00000336916]
19443,ZDBF2,zinc finger DBF-type containing 2,ENSG00000204186,ENST00000374423,2,7065,3.8491121661845775,False,True,ZDBF2 [ENST00000374423]
104937,PTPRZ1,protein tyrosine phosphatase receptor type Z1,ENSG00000106278,ENST00000651863,7,7065,3.8491121661845775,False,True,PTPRZ1 [ENST00000651863]
91986,TTC28,tetratricopeptide repeat domain 28,ENSG00000100154,ENST00000612946,22,7065,3.8491121661845775,False,True,TTC28 [ENST00000612946]
99984,ZDBF2,zinc finger DBF-type containing 2,ENSG00000283649,ENST00000636761,CHR_HSCHR2_6_CTG7_2,7065,3.8491121661845775,False,True,ZDBF2 [ENST00000636761]
106210,ZDBF2,zinc finger DBF-type containing 2,ENSG00000204186,ENST00000649650,2,7065,3.8491121661845775,False,True,ZDBF2 [ENST00000649650]
106374,ZDBF2,zinc finger DBF-type containing 2,ENSG00000283649,ENST00000649768,CHR_HSCHR2_6_CTG7_2,7065,3.8491121661845775,False,True,ZDBF2 [ENST00000649768]
73197,OTOGL,otogelin like,ENSG00000165899,ENST00000547103,12,7062,3.8489277132270785,True,True,OTOGL [ENST00000547103]
12279,C2CD3,C2 domain containing 3 centriole elongation regulator,ENSG00000168014,ENST00000334126,11,7062,3.8489277132270785,True,True,C2CD3 [ENST00000334126]
14315,CACNA1H,calcium voltage-gated channel subunit alpha1 H,ENSG00000196557,ENST00000348261,16,7062,3.8489277132270785,True,True,CACNA1H [ENST00000348261]
99114,ZDBF2,zinc finger DBF-type containing 2,ENSG00000283649,ENST00000637549,CHR_HSCHR2_6_CTG7_2,7059,3.8487431818956837,False,True,ZDBF2 [ENST00000637549]
88793,ZDBF2,zinc finger DBF-type containing 2,ENSG00000204186,ENST00000611847,2,7059,3.8487431818956837,False,True,ZDBF2 [ENST00000611847]
10291,ANKRD17,ankyrin repeat domain 17,ENSG00000132466,ENST00000330838,4,7059,3.8487431818956837,True,True,ANKRD17 [ENST00000330838]
17385,F8,coagulation factor VIII,ENSG00000185010,ENST00000360256,X,7056,3.848558572123763,True,True,F8 [ENST00000360256]
10548,FAM186A,family with sequence similarity 186 member A,ENSG00000185958,ENST00000327337,12,7056,3.848558572123763,False,True,FAM186A [ENST00000327337]
116584,TASOR2,transcription activation suppressor family member 2,ENSG00000108021,ENST00000695833,10,7050,3.848189116991399,False,True,TASOR2 [ENST00000695833]
71575,FAM186A,family with sequence similarity 186 member A,ENSG00000185958,ENST00000543111,12,7047,3.848004271497268,False,True,FAM186A [ENST00000543111]
82219,CACNA1H,calcium voltage-gated channel subunit alpha1 H,ENSG00000196557,ENST00000565831,16,7044,3.847819347295239,True,True,CACNA1H [ENST00000565831]
106262,PTPRZ1,protein tyrosine phosphatase receptor type Z1,ENSG00000106278,ENST00000651320,7,7044,3.847819347295239,False,True,PTPRZ1 [ENST00000651320]
20440,ROS1,"ROS proto-oncogene 1, receptor tyrosine kinase",ENSG00000047936,ENST00000368508,6,7044,3.847819347295239,False,True,ROS1 [ENST00000368508]
16755,CACNA1H,calcium voltage-gated channel subunit alpha1 H,ENSG00000196557,ENST00000358590,16,7044,3.847819347295239,True,True,CACNA1H [ENST00000358590]
92122,ACACA,acetyl-CoA carboxylase alpha,ENSG00000275176,ENST00000613687,CHR_HSCHR17_7_CTG4,7041,3.847634344318255,True,True,ACACA [ENST00000613687]
112607,DYNC1H1,dynein cytoplasmic 1 heavy chain 1,ENSG00000197102,ENST00000681536,14,7041,3.847634344318255,True,True,DYNC1H1 [ENST00000681536]
91305,ACACA,acetyl-CoA carboxylase alpha,ENSG00000278540,ENST00000614428,17,7041,3.847634344318255,True,True,ACACA [ENST00000614428]
20274,PDE4DIP,phosphodiesterase 4D interacting protein,ENSG00000178104,ENST00000369354,1,7041,3.847634344318255,False,True,PDE4DIP [ENST00000369354]
16684,CACNA1G,calcium voltage-gated channel subunit alpha1 G,ENSG00000006283,ENST00000354983,17,7032,3.8470788620657155,True,True,CACNA1G [ENST00000354983]
113073,C2CD3,C2 domain containing 3 centriole elongation regulator,ENSG00000168014,ENST00000681829,11,7032,3.8470788620657155,True,True,C2CD3 [ENST00000681829]
11697,KNL1,kinetochore scaffold 1,ENSG00000137812,ENST00000346991,15,7029,3.846893543316625,True,True,KNL1 [ENST00000346991]
94805,DMD,dystrophin,ENSG00000198947,ENST00000619831,X,7026,3.846708145456007,True,True,DMD [ENST00000619831]
112249,DYNC1H1,dynein cytoplasmic 1 heavy chain 1,ENSG00000197102,ENST00000681859,14,7026,3.846708145456007,True,True,DYNC1H1 [ENST00000681859]
19034,ROS1,"ROS proto-oncogene 1, receptor tyrosine kinase",ENSG00000047936,ENST00000368507,6,7026,3.846708145456007,False,True,ROS1 [ENST00000368507]
5065,PCNX1,pecanex 1,ENSG00000100731,ENST00000304743,14,7026,3.846708145456007,False,True,PCNX1 [ENST00000304743]
100437,CACNA1H,calcium voltage-gated channel subunit alpha1 H,ENSG00000196557,ENST00000638323,16,7023,3.846522668416287,True,True,CACNA1H [ENST00000638323]
21674,CACNA1B,calcium voltage-gated channel subunit alpha1 B,ENSG00000148408,ENST00000371372,9,7020,3.846337112129805,True,True,CACNA1B [ENST00000371372]
19877,CACNA1B,calcium voltage-gated channel subunit alpha1 B,ENSG00000148408,ENST00000371357,9,7017,3.8461514765288154,True,True,CACNA1B [ENST00000371357]
19416,CACNA1B,calcium voltage-gated channel subunit alpha1 B,ENSG00000148408,ENST00000371363,9,7014,3.8459657615454836,True,True,CACNA1B [ENST00000371363]
29677,NCOR1,nuclear receptor corepressor 1,ENSG00000141027,ENST00000395851,17,7014,3.8459657615454836,False,True,NCOR1 [ENST00000395851]
5302,PRPF8,pre-mRNA processing factor 8,ENSG00000174231,ENST00000304992,17,7008,3.8455940931600243,True,True,PRPF8 [ENST00000304992]
98199,PRPF8,pre-mRNA processing factor 8,ENSG00000274442,ENST00000634039,CHR_HSCHR17_1_CTG2,7008,3.8455940931600243,True,True,PRPF8 [ENST00000634039]
92489,PRPF8,pre-mRNA processing factor 8,ENSG00000274442,ENST00000614672,CHR_HSCHR17_1_CTG2,7008,3.8455940931600243,True,True,PRPF8 [ENST00000614672]
78341,PRPF8,pre-mRNA processing factor 8,ENSG00000174231,ENST00000572621,17,7008,3.8455940931600243,True,True,PRPF8 [ENST00000572621]
8698,SEC16A,"SEC16 homolog A, endoplasmic reticulum export factor",ENSG00000148396,ENST00000290037,9,7005,3.8454081396217936,False,True,SEC16A [ENST00000290037]
57584,CACNA1G,calcium voltage-gated channel subunit alpha1 G,ENSG00000006283,ENST00000507510,17,6999,3.845035993513415,True,True,CACNA1G [ENST00000507510]
121612,CEP250,centrosomal protein 250,ENSG00000126001,ENST00000706830,20,6999,3.845035993513415,True,True,CEP250 [ENST00000706830]
92839,PTPRQ,protein tyrosine phosphatase receptor type Q,ENSG00000139304,ENST00000616559,12,6999,3.845035993513415,True,True,PTPRQ [ENST00000616559]
13936,ARID1B,AT-rich interaction domain 1B,ENSG00000049618,ENST00000346085,6,6999,3.845035993513415,True,True,ARID1B [ENST00000346085]
43591,FN1,fibronectin 1,ENSG00000115414,ENST00000446046,2,6993,3.8446635282402393,True,True,FN1 [ENST00000446046]
66923,SPG11,"SPG11 vesicle trafficking associated, spatacsin",ENSG00000104133,ENST00000535302,15,6993,3.8446635282402393,True,True,SPG11 [ENST00000535302]
77563,HECTD1,HECT domain E3 ubiquitin protein ligase 1,ENSG00000092148,ENST00000554882,14,6990,3.8444771757456815,False,True,HECTD1 [ENST00000554882]
120568,ZNF292,zinc finger protein 292,ENSG00000188994,ENST00000699914,6,6989,3.8444150404738244,True,True,ZNF292 [ENST00000699914]
106859,CACNA1A,calcium voltage-gated channel subunit alpha1 A,ENSG00000141837,ENST00000664864,19,6987,3.844290743254343,True,True,CACNA1A [ENST00000664864]
102703,SPTB,"spectrin beta, erythrocytic",ENSG00000070182,ENST00000644917,14,6987,3.844290743254343,True,True,SPTB [ENST00000644917]
23467,SPTB,"spectrin beta, erythrocytic",ENSG00000070182,ENST00000389722,14,6987,3.844290743254343,True,True,SPTB [ENST00000389722]
45344,SON,SON DNA and RNA binding protein,ENSG00000159140,ENST00000455528,21,6978,3.843730965112092,True,True,SON [ENST00000455528]
17794,CNTRL,centriolin,ENSG00000119397,ENST00000373855,9,6978,3.843730965112092,False,True,CNTRL [ENST00000373855]
6338,CSPG4,chondroitin sulfate proteoglycan 4,ENSG00000173546,ENST00000308508,15,6969,3.843170464519898,False,True,CSPG4 [ENST00000308508]
107955,CEP290,centrosomal protein 290,ENSG00000198707,ENST00000674971,12,6969,3.843170464519898,True,True,CEP290 [ENST00000674971]
4216,NOTCH3,notch receptor 3,ENSG00000074181,ENST00000263388,19,6966,3.8429834701222174,True,True,NOTCH3 [ENST00000263388]
58554,CACNA1G,calcium voltage-gated channel subunit alpha1 G,ENSG00000006283,ENST00000515765,17,6966,3.8429834701222174,True,True,CACNA1G [ENST00000515765]
11544,BRWD1,bromodomain and WD repeat domain containing 1,ENSG00000185658,ENST00000333229,21,6963,3.84279639517558,False,True,BRWD1 [ENST00000333229]
121112,SPTAN1,"spectrin alpha, non-erythrocytic 1",ENSG00000197694,ENST00000704204,9,6960,3.842609239610562,True,True,SPTAN1 [ENST00000704204]
5728,AKAP6,A-kinase anchoring protein 6,ENSG00000151320,ENST00000280979,14,6960,3.842609239610562,False,True,AKAP6 [ENST00000280979]
29573,KNL1,kinetochore scaffold 1,ENSG00000137812,ENST00000399668,15,6951,3.842047288509638,True,True,KNL1 [ENST00000399668]
26064,PTPRZ1,protein tyrosine phosphatase receptor type Z1,ENSG00000106278,ENST00000393386,7,6948,3.841859809775061,False,True,PTPRZ1 [ENST00000393386]
59858,CACNA1G,calcium voltage-gated channel subunit alpha1 G,ENSG00000006283,ENST00000515411,17,6945,3.841672250073634,True,True,CACNA1G [ENST00000515411]
21501,CACNA1E,calcium voltage-gated channel subunit alpha1 E,ENSG00000198216,ENST00000367573,1,6942,3.841484609335393,True,True,CACNA1E [ENST00000367573]
59694,TRIO,trio Rho guanine nucleotide exchange factor,ENSG00000038382,ENST00000512070,5,6930,3.8407332346118066,True,True,TRIO [ENST00000512070]
105203,PTPRZ1,protein tyrosine phosphatase receptor type Z1,ENSG00000106278,ENST00000652298,7,6927,3.8405451876368386,False,True,PTPRZ1 [ENST00000652298]
103287,OTOGL,otogelin like,ENSG00000165899,ENST00000646859,12,6927,3.8405451876368386,True,True,OTOGL [ENST00000646859]
113891,C2CD3,C2 domain containing 3 centriole elongation regulator,ENSG00000168014,ENST00000680231,11,6927,3.8405451876368386,True,True,C2CD3 [ENST00000680231]
56245,CACNA1G,calcium voltage-gated channel subunit alpha1 G,ENSG00000006283,ENST00000502264,17,6921,3.8401688492407557,True,True,CACNA1G [ENST00000502264]
68942,APC2,APC regulator of WNT signaling pathway 2,ENSG00000115266,ENST00000535453,19,6912,3.839603729470837,True,True,APC2 [ENST00000535453]
4545,SON,SON DNA and RNA binding protein,ENSG00000159140,ENST00000300278,21,6912,3.839603729470837,True,True,SON [ENST00000300278]
86040,APC2,APC regulator of WNT signaling pathway 2,ENSG00000115266,ENST00000590469,19,6912,3.839603729470837,True,True,APC2 [ENST00000590469]
1458,APC2,APC regulator of WNT signaling pathway 2,ENSG00000115266,ENST00000233607,19,6912,3.839603729470837,True,True,APC2 [ENST00000233607]
21009,PLCE1,phospholipase C epsilon 1,ENSG00000138193,ENST00000371380,10,6909,3.8394151926838935,True,True,PLCE1 [ENST00000371380]
100340,CACNA1A,calcium voltage-gated channel subunit alpha1 A,ENSG00000141837,ENST00000636389,19,6909,3.8394151926838935,True,True,CACNA1A [ENST00000636389]
102735,CHD8,chromodomain helicase DNA binding protein 8,ENSG00000100888,ENST00000645929,14,6909,3.8394151926838935,True,True,CHD8 [ENST00000645929]
37213,CHD8,chromodomain helicase DNA binding protein 8,ENSG00000100888,ENST00000430710,14,6909,3.8394151926838935,True,True,CHD8 [ENST00000430710]
112193,C2CD3,C2 domain containing 3 centriole elongation regulator,ENSG00000168014,ENST00000679906,11,6906,3.8392265740134355,True,True,C2CD3 [ENST00000679906]
17252,AHCTF1,AT-hook containing transcription factor 1,ENSG00000153207,ENST00000366508,1,6906,3.8392265740134355,False,True,AHCTF1 [ENST00000366508]
102364,PTPRQ,protein tyrosine phosphatase receptor type Q,ENSG00000139304,ENST00000644991,12,6900,3.838849090737255,True,True,PTPRQ [ENST00000644991]
30757,DOP1B,DOP1 leucine zipper like protein B,ENSG00000142197,ENST00000399151,21,6897,3.8386602259889413,False,True,DOP1B [ENST00000399151]
118142,DOP1B,DOP1 leucine zipper like protein B,ENSG00000142197,ENST00000691173,21,6897,3.8386602259889413,False,True,DOP1B [ENST00000691173]
60223,CACNA1G,calcium voltage-gated channel subunit alpha1 G,ENSG00000006283,ENST00000510115,17,6897,3.8386602259889413,True,True,CACNA1G [ENST00000510115]
6436,WNK2,WNK lysine deficient protein kinase 2,ENSG00000165238,ENST00000297954,9,6894,3.838471279071929,False,True,WNK2 [ENST00000297954]
39178,MAP4,microtubule associated protein 4,ENSG00000047849,ENST00000426837,3,6894,3.838471279071929,False,True,MAP4 [ENST00000426837]
111866,MAP4,microtubule associated protein 4,ENSG00000047849,ENST00000683076,3,6891,3.8382822499146885,False,True,MAP4 [ENST00000683076]
16920,FN1,fibronectin 1,ENSG00000115414,ENST00000356005,2,6891,3.8382822499146885,True,True,FN1 [ENST00000356005]
13858,PTPN13,protein tyrosine phosphatase non-receptor type 13,ENSG00000163629,ENST00000316707,4,6885,3.8379039445929424,False,True,PTPN13 [ENST00000316707]
15609,CACNA1E,calcium voltage-gated channel subunit alpha1 E,ENSG00000198216,ENST00000360108,1,6885,3.8379039445929424,True,True,CACNA1E [ENST00000360108]
60617,CACNA1G,calcium voltage-gated channel subunit alpha1 G,ENSG00000006283,ENST00000514079,17,6876,3.837335868015015,True,True,CACNA1G [ENST00000514079]
121257,PRPF8,pre-mRNA processing factor 8,ENSG00000174231,ENST00000703541,17,6873,3.83714634390906,True,True,PRPF8 [ENST00000703541]
37918,ARMCX4,armadillo repeat containing X-linked 4,ENSG00000196440,ENST00000423738,X,6873,3.83714634390906,False,True,ARMCX4 [ENST00000423738]
87216,ACACA,acetyl-CoA carboxylase alpha,ENSG00000275176,ENST00000611803,CHR_HSCHR17_7_CTG4,6867,3.8367670473942055,True,True,ACACA [ENST00000611803]
90940,ACACA,acetyl-CoA carboxylase alpha,ENSG00000278540,ENST00000612895,17,6867,3.8367670473942055,True,True,ACACA [ENST00000612895]
61665,CACNA1G,calcium voltage-gated channel subunit alpha1 G,ENSG00000006283,ENST00000513689,17,6864,3.836577274840649,True,True,CACNA1G [ENST00000513689]
116641,PLCE1,phospholipase C epsilon 1,ENSG00000138193,ENST00000692396,10,6861,3.836387419326411,True,True,PLCE1 [ENST00000692396]
121332,PRPF8,pre-mRNA processing factor 8,ENSG00000174231,ENST00000703540,17,6861,3.836387419326411,True,True,PRPF8 [ENST00000703540]
9729,POLE,"DNA polymerase epsilon, catalytic subunit",ENSG00000177084,ENST00000320574,12,6861,3.836387419326411,True,True,POLE [ENST00000320574]
13114,ARID1A,AT-rich interaction domain 1A,ENSG00000117713,ENST00000324856,1,6858,3.8361974807789254,True,True,ARID1A [ENST00000324856]
38687,GOLGA4,golgin A4,ENSG00000144674,ENST00000431105,3,6858,3.8361974807789254,False,True,GOLGA4 [ENST00000431105]
59207,CACNA1G,calcium voltage-gated channel subunit alpha1 G,ENSG00000006283,ENST00000515165,17,6855,3.8360074591255313,True,True,CACNA1G [ENST00000515165]
75948,SPG11,"SPG11 vesicle trafficking associated, spatacsin",ENSG00000104133,ENST00000559511,15,6855,3.8360074591255313,True,True,SPG11 [ENST00000559511]
120663,GOLGA4,golgin A4,ENSG00000144674,ENST00000706569,3,6852,3.835817354293473,False,True,GOLGA4 [ENST00000706569]
46081,TNXB,tenascin XB,ENSG00000236221,ENST00000451159,CHR_HSCHR6_MHC_MANN_CTG1,6841,3.8351195904245494,True,True,TNXB [ENST00000451159]
14329,ZNF318,zinc finger protein 318,ENSG00000171467,ENST00000361428,6,6840,3.835056101720116,False,True,ZNF318 [ENST00000361428]
56329,CACNA1G,calcium voltage-gated channel subunit alpha1 G,ENSG00000006283,ENST00000507609,17,6834,3.834674974462744,True,True,CACNA1G [ENST00000507609]
22620,ABCA12,ATP binding cassette subfamily A member 12,ENSG00000144452,ENST00000389661,2,6834,3.834674974462744,True,True,ABCA12 [ENST00000389661]
112821,MACF1,microtubule actin crosslinking factor 1,ENSG00000127603,ENST00000683517,1,6831,3.8344842853348053,True,True,MACF1 [ENST00000683517]
13799,AHCTF1,AT-hook containing transcription factor 1,ENSG00000153207,ENST00000326225,1,6828,3.834293512442696,False,True,AHCTF1 [ENST00000326225]
81921,PRPF8,pre-mRNA processing factor 8,ENSG00000174231,ENST00000573725,17,6828,3.834293512442696,True,True,PRPF8 [ENST00000573725]
104861,LOXHD1,lipoxygenase homology PLAT domains 1,ENSG00000167210,ENST00000642948,18,6822,3.8339117150713786,True,True,LOXHD1 [ENST00000642948]
18155,ABCA4,ATP binding cassette subfamily A member 4,ENSG00000198691,ENST00000370225,1,6822,3.8339117150713786,True,True,ABCA4 [ENST00000370225]
58474,CACNA1G,calcium voltage-gated channel subunit alpha1 G,ENSG00000006283,ENST00000512389,17,6822,3.8339117150713786,True,True,CACNA1G [ENST00000512389]
33470,DSP,desmoplakin,ENSG00000096696,ENST00000418664,6,6819,3.833720690444633,True,True,DSP [ENST00000418664]
22422,URB1,URB1 ribosome biogenesis homolog,ENSG00000142207,ENST00000382751,21,6816,3.833529581758644,False,True,URB1 [ENST00000382751]
18911,CACNA1E,calcium voltage-gated channel subunit alpha1 E,ENSG00000198216,ENST00000367570,1,6813,3.8333383889393975,True,True,CACNA1E [ENST00000367570]
115866,FLNB,filamin B,ENSG00000136068,ENST00000684607,3,6813,3.8333383889393975,True,True,FLNB [ENST00000684607]
10530,BRWD1,bromodomain and WD repeat domain containing 1,ENSG00000185658,ENST00000342449,21,6810,3.833147111912785,False,True,BRWD1 [ENST00000342449]
93612,ACACA,acetyl-CoA carboxylase alpha,ENSG00000278540,ENST00000617649,17,6807,3.8329557506045986,True,True,ACACA [ENST00000617649]
94516,ACACA,acetyl-CoA carboxylase alpha,ENSG00000275176,ENST00000621312,CHR_HSCHR17_7_CTG4,6807,3.8329557506045986,True,True,ACACA [ENST00000621312]
38581,FN1,fibronectin 1,ENSG00000115414,ENST00000432072,2,6804,3.8327643049405316,True,True,FN1 [ENST00000432072]
110312,CEP290,centrosomal protein 290,ENSG00000198707,ENST00000676074,12,6804,3.8327643049405316,True,True,CEP290 [ENST00000676074]
101443,CACNA1A,calcium voltage-gated channel subunit alpha1 A,ENSG00000141837,ENST00000637432,19,6801,3.83257277484618,True,True,CACNA1A [ENST00000637432]
4860,ICE1,interactor of little elongation complex ELL subunit 1,ENSG00000164151,ENST00000296564,5,6801,3.83257277484618,False,True,ICE1 [ENST00000296564]
106319,AHCTF1,AT-hook containing transcription factor 1,ENSG00000153207,ENST00000648844,1,6801,3.83257277484618,False,True,AHCTF1 [ENST00000648844]
36631,CACNA1G,calcium voltage-gated channel subunit alpha1 G,ENSG00000006283,ENST00000429973,17,6801,3.83257277484618,True,True,CACNA1G [ENST00000429973]
37242,SPG11,"SPG11 vesicle trafficking associated, spatacsin",ENSG00000104133,ENST00000427534,15,6798,3.832381160247041,True,True,SPG11 [ENST00000427534]
42227,FN1,fibronectin 1,ENSG00000115414,ENST00000443816,2,6798,3.832381160247041,True,True,FN1 [ENST00000443816]
109058,ABCA1,ATP binding cassette subfamily A member 1,ENSG00000165029,ENST00000678995,9,6792,3.831997677235896,True,True,ABCA1 [ENST00000678995]
60216,CPLANE1,ciliogenesis and planar polarity effector complex subunit 1,ENSG00000197603,ENST00000514429,5,6792,3.831997677235896,True,True,CPLANE1 [ENST00000514429]
17139,COL6A6,collagen type VI alpha 6 chain,ENSG00000206384,ENST00000358511,3,6792,3.831997677235896,False,True,COL6A6 [ENST00000358511]
98398,CACNA1A,calcium voltage-gated channel subunit alpha1 A,ENSG00000141837,ENST00000636549,19,6792,3.831997677235896,True,True,CACNA1A [ENST00000636549]
99417,CACNA1A,calcium voltage-gated channel subunit alpha1 A,ENSG00000141837,ENST00000637927,19,6789,3.831805808674391,True,True,CACNA1A [ENST00000637927]
99813,CACNA1A,calcium voltage-gated channel subunit alpha1 A,ENSG00000141837,ENST00000638009,19,6786,3.831613855309099,True,True,CACNA1A [ENST00000638009]
98365,CACNA1A,calcium voltage-gated channel subunit alpha1 A,ENSG00000141837,ENST00000635895,19,6786,3.831613855309099,True,True,CACNA1A [ENST00000635895]
20218,ABCA1,ATP binding cassette subfamily A member 1,ENSG00000165029,ENST00000374736,9,6786,3.831613855309099,True,True,ABCA1 [ENST00000374736]
15159,CACNA1G,calcium voltage-gated channel subunit alpha1 G,ENSG00000006283,ENST00000360761,17,6786,3.831613855309099,True,True,CACNA1G [ENST00000360761]
58273,CACNA1G,calcium voltage-gated channel subunit alpha1 G,ENSG00000006283,ENST00000514181,17,6780,3.8312296938670634,True,True,CACNA1G [ENST00000514181]
117175,CHD7,chromodomain helicase DNA binding protein 7,ENSG00000171316,ENST00000695853,8,6780,3.8312296938670634,True,True,CHD7 [ENST00000695853]
65934,POLE,"DNA polymerase epsilon, catalytic subunit",ENSG00000177084,ENST00000535270,12,6780,3.8312296938670634,True,True,POLE [ENST00000535270]
2502,PKDREJ,polycystin family receptor for egg jelly,ENSG00000130943,ENST00000253255,22,6762,3.8300751664297503,False,True,PKDREJ [ENST00000253255]
119708,GOLGA4,golgin A4,ENSG00000144674,ENST00000699995,3,6759,3.8298824464434933,False,True,GOLGA4 [ENST00000699995]
112021,CACNA1C,calcium voltage-gated channel subunit alpha1 C,ENSG00000151067,ENST00000682544,12,6756,3.829689640898971,True,True,CACNA1C [ENST00000682544]
94011,CACNA1E,calcium voltage-gated channel subunit alpha1 E,ENSG00000198216,ENST00000621791,1,6756,3.829689640898971,True,True,CACNA1E [ENST00000621791]
120857,PDE4DIP,phosphodiesterase 4D interacting protein,ENSG00000178104,ENST00000706647,1,6756,3.829689640898971,False,True,PDE4DIP [ENST00000706647]
56179,CACNA1G,calcium voltage-gated channel subunit alpha1 G,ENSG00000006283,ENST00000503485,17,6753,3.8294967497201826,True,True,CACNA1G [ENST00000503485]
40361,GOLGA4,golgin A4,ENSG00000144674,ENST00000437131,3,6753,3.8294967497201826,False,True,GOLGA4 [ENST00000437131]
17066,CACNA1G,calcium voltage-gated channel subunit alpha1 G,ENSG00000006283,ENST00000352832,17,6753,3.8294967497201826,True,True,CACNA1G [ENST00000352832]
101402,CACNA1A,calcium voltage-gated channel subunit alpha1 A,ENSG00000141837,ENST00000637276,19,6750,3.829303772831025,True,True,CACNA1A [ENST00000637276]
118597,ASXL3,ASXL transcriptional regulator 3,ENSG00000141431,ENST00000696964,18,6750,3.829303772831025,True,True,ASXL3 [ENST00000696964]
8150,ZNF407,zinc finger protein 407,ENSG00000215421,ENST00000299687,18,6747,3.8291107101552946,True,True,ZNF407 [ENST00000299687]
7667,ASXL3,ASXL transcriptional regulator 3,ENSG00000141431,ENST00000269197,18,6747,3.8291107101552946,True,True,ASXL3 [ENST00000269197]
117177,HECTD1,HECT domain E3 ubiquitin protein ligase 1,ENSG00000092148,ENST00000691390,14,6744,3.8289175616166857,False,True,HECTD1 [ENST00000691390]
6443,USF3,upstream transcription factor family member 3,ENSG00000176542,ENST00000316407,3,6738,3.8285310066451013,False,True,USF3 [ENST00000316407]
119424,GOLGA4,golgin A4,ENSG00000144674,ENST00000699994,3,6738,3.8285310066451013,False,True,GOLGA4 [ENST00000699994]
120202,GOLGA4,golgin A4,ENSG00000144674,ENST00000699996,3,6738,3.8285310066451013,False,True,GOLGA4 [ENST00000699996]
52060,USF3,upstream transcription factor family member 3,ENSG00000176542,ENST00000478658,3,6738,3.8285310066451013,False,True,USF3 [ENST00000478658]
14847,GOLGA4,golgin A4,ENSG00000144674,ENST00000356847,3,6732,3.8281441073037863,False,True,GOLGA4 [ENST00000356847]
3150,DNAJC13,DnaJ heat shock protein family (Hsp40) member C13,ENSG00000138246,ENST00000260818,3,6732,3.8281441073037863,False,True,DNAJC13 [ENST00000260818]
40217,CACNA1G,calcium voltage-gated channel subunit alpha1 G,ENSG00000006283,ENST00000442258,17,6732,3.8281441073037863,True,True,CACNA1G [ENST00000442258]
20526,GON4L,gon-4 like,ENSG00000116580,ENST00000368331,1,6726,3.827756862978617,False,True,GON4L [ENST00000368331]
92637,GON4L,gon-4 like,ENSG00000116580,ENST00000615926,1,6726,3.827756862978617,False,True,GON4L [ENST00000615926]
2623,DIDO1,death inducer-obliterator 1,ENSG00000101191,ENST00000266070,20,6723,3.8275631112547237,False,True,DIDO1 [ENST00000266070]
35230,FN1,fibronectin 1,ENSG00000115414,ENST00000421182,2,6723,3.8275631112547237,True,True,FN1 [ENST00000421182]
42493,GON4L,gon-4 like,ENSG00000116580,ENST00000437809,1,6723,3.8275631112547237,False,True,GON4L [ENST00000437809]
28712,DIDO1,death inducer-obliterator 1,ENSG00000101191,ENST00000395343,20,6723,3.8275631112547237,False,True,DIDO1 [ENST00000395343]
93057,PDE4DIP,phosphodiesterase 4D interacting protein,ENSG00000178104,ENST00000618462,1,6723,3.8275631112547237,False,True,PDE4DIP [ENST00000618462]
5850,GON4L,gon-4 like,ENSG00000116580,ENST00000271883,1,6723,3.8275631112547237,False,True,GON4L [ENST00000271883]
15188,SYTL2,synaptotagmin like 2,ENSG00000137501,ENST00000359152,11,6720,3.8273692730538253,False,True,SYTL2 [ENST00000359152]
60228,CACNA1G,calcium voltage-gated channel subunit alpha1 G,ENSG00000006283,ENST00000513964,17,6720,3.8273692730538253,True,True,CACNA1G [ENST00000513964]
4642,CACNA1B,calcium voltage-gated channel subunit alpha1 B,ENSG00000148408,ENST00000277551,9,6714,3.826981336911994,True,True,CACNA1B [ENST00000277551]
14502,ARID1B,AT-rich interaction domain 1B,ENSG00000049618,ENST00000350026,6,6711,3.826787238816292,True,True,ARID1B [ENST00000350026]
65253,BLTP2,bridge-like lipid transfer protein family member 2,ENSG00000007202,ENST00000528896,17,6708,3.8265930539340482,False,True,BLTP2 [ENST00000528896]
59772,CACNA1G,calcium voltage-gated channel subunit alpha1 G,ENSG00000006283,ENST00000510366,17,6699,3.8260099777911005,True,True,CACNA1G [ENST00000510366]
118579,PLCE1,phospholipase C epsilon 1,ENSG00000138193,ENST00000692286,10,6694,3.825685708021758,True,True,PLCE1 [ENST00000692286]
41161,PCNX1,pecanex 1,ENSG00000100731,ENST00000439984,14,6693,3.8256208250035,False,True,PCNX1 [ENST00000439984]
14052,GOLGA4,golgin A4,ENSG00000144674,ENST00000361924,3,6693,3.8256208250035,False,True,GOLGA4 [ENST00000361924]
115298,PRRC2B,proline rich coiled-coil 2B,ENSG00000288701,ENST00000684596,9,6690,3.8254261177678233,False,True,PRRC2B [ENST00000684596]
18056,F5,coagulation factor V,ENSG00000198734,ENST00000367796,1,6690,3.8254261177678233,True,True,F5 [ENST00000367796]
112078,PRRC2B,proline rich coiled-coil 2B,ENSG00000288701,ENST00000683519,9,6690,3.8254261177678233,False,True,PRRC2B [ENST00000683519]
116200,NBEA,neurobeachin,ENSG00000172915,ENST00000688626,13,6687,3.8252313231999002,True,True,NBEA [ENST00000688626]
59318,CACNA1G,calcium voltage-gated channel subunit alpha1 G,ENSG00000006283,ENST00000514717,17,6684,3.8250364412213536,True,True,CACNA1G [ENST00000514717]
101396,RTTN,rotatin,ENSG00000176225,ENST00000640769,18,6681,3.8248414717537007,True,True,RTTN [ENST00000640769]
75879,ZFYVE26,zinc finger FYVE-type containing 26,ENSG00000072121,ENST00000555452,14,6678,3.824646414718352,True,True,ZFYVE26 [ENST00000555452]
4271,CAD,"carbamoyl-phosphate synthetase 2, aspartate transcarbamylase, and dihydroorotase",ENSG00000084774,ENST00000264705,2,6678,3.824646414718352,True,True,CAD [ENST00000264705]
36350,WNK2,WNK lysine deficient protein kinase 2,ENSG00000165238,ENST00000432730,9,6675,3.824451270036613,False,True,WNK2 [ENST00000432730]
22085,F5,coagulation factor V,ENSG00000198734,ENST00000367797,1,6675,3.824451270036613,True,True,F5 [ENST00000367797]
28069,CACNA1I,calcium voltage-gated channel subunit alpha1 I,ENSG00000100346,ENST00000402142,22,6672,3.824256037629682,True,True,CACNA1I [ENST00000402142]
11547,SPAG17,sperm associated antigen 17,ENSG00000155761,ENST00000336338,1,6672,3.824256037629682,False,True,SPAG17 [ENST00000336338]
96999,SYTL2,synaptotagmin like 2,ENSG00000137501,ENST00000634661,11,6672,3.824256037629682,False,True,SYTL2 [ENST00000634661]
104876,MED13L,mediator complex subunit 13L,ENSG00000123066,ENST00000650226,12,6669,3.824060717418653,True,True,MED13L [ENST00000650226]
27926,CABIN1,calcineurin binding protein 1,ENSG00000099991,ENST00000398319,22,6663,3.8236698132681366,False,True,CABIN1 [ENST00000398319]
2612,CABIN1,calcineurin binding protein 1,ENSG00000099991,ENST00000263119,22,6663,3.8236698132681366,False,True,CABIN1 [ENST00000263119]
112355,C2CD3,C2 domain containing 3 centriole elongation regulator,ENSG00000168014,ENST00000681143,11,6657,3.8232785569516707,True,True,C2CD3 [ENST00000681143]
35991,WNK2,WNK lysine deficient protein kinase 2,ENSG00000165238,ENST00000427277,9,6654,3.8230827965328036,False,True,WNK2 [ENST00000427277]
30322,WNK2,WNK lysine deficient protein kinase 2,ENSG00000165238,ENST00000395477,9,6654,3.8230827965328036,False,True,WNK2 [ENST00000395477]
33524,MYO7A,myosin VIIA,ENSG00000137474,ENST00000409709,11,6648,3.8226910107760546,True,True,MYO7A [ENST00000409709]
13520,PTPRB,protein tyrosine phosphatase receptor type B,ENSG00000127329,ENST00000334414,12,6648,3.8226910107760546,False,True,PTPRB [ENST00000334414]
15318,SVIL,supervillin,ENSG00000197321,ENST00000355867,10,6645,3.822494985278751,True,True,SVIL [ENST00000355867]
3059,SORL1,sortilin related receptor 1,ENSG00000137642,ENST00000260197,11,6645,3.822494985278751,False,True,SORL1 [ENST00000260197]
2845,UNC13C,unc-13 homolog C,ENSG00000137766,ENST00000260323,15,6645,3.822494985278751,False,True,UNC13C [ENST00000260323]
28421,SDK1,sidekick cell adhesion molecule 1,ENSG00000146555,ENST00000404826,7,6642,3.8222988712623662,False,True,SDK1 [ENST00000404826]
103702,UNC13C,unc-13 homolog C,ENSG00000137766,ENST00000647821,15,6639,3.82210266864692,False,True,UNC13C [ENST00000647821]
67397,LOXHD1,lipoxygenase homology PLAT domains 1,ENSG00000167210,ENST00000536736,18,6636,3.821906377352323,True,True,LOXHD1 [ENST00000536736]
7198,MED13L,mediator complex subunit 13L,ENSG00000123066,ENST00000281928,12,6633,3.8217099972983766,True,True,MED13L [ENST00000281928]
104513,CACNA1C,calcium voltage-gated channel subunit alpha1 C,ENSG00000285479,ENST00000643730,CHR_HG1815_PATCH,6630,3.821513528404773,True,True,CACNA1C [ENST00000643730]
29976,CACNA1C,calcium voltage-gated channel subunit alpha1 C,ENSG00000151067,ENST00000406454,12,6630,3.821513528404773,True,True,CACNA1C [ENST00000406454]
103187,CACNA1C,calcium voltage-gated channel subunit alpha1 C,ENSG00000285479,ENST00000643528,CHR_HG1815_PATCH,6630,3.821513528404773,True,True,CACNA1C [ENST00000643528]
11168,KNTC1,kinetochore associated 1,ENSG00000184445,ENST00000333479,12,6630,3.821513528404773,False,True,KNTC1 [ENST00000333479]
112741,ASXL3,ASXL transcriptional regulator 3,ENSG00000141431,ENST00000681521,18,6627,3.821316970591097,True,True,ASXL3 [ENST00000681521]
56039,CACNA1G,calcium voltage-gated channel subunit alpha1 G,ENSG00000006283,ENST00000505165,17,6618,3.8207267628238344,True,True,CACNA1G [ENST00000505165]
20335,ASCC3,activating signal cointegrator 1 complex subunit 3,ENSG00000112249,ENST00000369162,6,6609,3.82013575187043,False,True,ASCC3 [ENST00000369162]
14507,TNC,tenascin C,ENSG00000041982,ENST00000350763,9,6606,3.8199385693553953,True,True,TNC [ENST00000350763]
3938,RTTN,rotatin,ENSG00000176225,ENST00000255674,18,6603,3.8197412972730103,True,True,RTTN [ENST00000255674]
24470,BRWD1,bromodomain and WD repeat domain containing 1,ENSG00000185658,ENST00000380800,21,6600,3.8195439355418688,False,True,BRWD1 [ENST00000380800]
103006,DOCK10,dedicator of cytokinesis 10,ENSG00000135905,ENST00000645028,2,6600,3.8195439355418688,False,True,DOCK10 [ENST00000645028]
27848,CACNA1C,calcium voltage-gated channel subunit alpha1 C,ENSG00000151067,ENST00000399634,12,6597,3.819346484080453,True,True,CACNA1C [ENST00000399634]
105176,LAMA3,laminin subunit alpha 3,ENSG00000053747,ENST00000649721,18,6597,3.819346484080453,True,True,LAMA3 [ENST00000649721]
115783,NBEA,neurobeachin,ENSG00000172915,ENST00000688363,13,6597,3.819346484080453,True,True,NBEA [ENST00000688363]
57097,CACNA1G,calcium voltage-gated channel subunit alpha1 G,ENSG00000006283,ENST00000507896,17,6585,3.8185557792978027,True,True,CACNA1G [ENST00000507896]
24854,SDK1,sidekick cell adhesion molecule 1,ENSG00000146555,ENST00000389531,7,6582,3.8183578779583547,False,True,SDK1 [ENST00000389531]
105982,ATR,ATR serine/threonine kinase,ENSG00000175054,ENST00000656590,3,6582,3.8183578779583547,True,True,ATR [ENST00000656590]
115796,CACNA1C,calcium voltage-gated channel subunit alpha1 C,ENSG00000151067,ENST00000683824,12,6582,3.8183578779583547,True,True,CACNA1C [ENST00000683824]
111990,HTT,huntingtin,ENSG00000197386,ENST00000680360,4,6576,3.817961804531994,True,True,HTT [ENST00000680360]
115192,ALMS1,ALMS1 centrosome and basal body associated protein,ENSG00000116127,ENST00000684590,2,6573,3.817763632280368,True,True,ALMS1 [ENST00000684590]
26966,INTS1,integrator complex subunit 1,ENSG00000164880,ENST00000404767,7,6573,3.817763632280368,True,True,INTS1 [ENST00000404767]
27048,CACNA1I,calcium voltage-gated channel subunit alpha1 I,ENSG00000100346,ENST00000404898,22,6567,3.8173670162875943,True,True,CACNA1I [ENST00000404898]
102969,CACNA1C,calcium voltage-gated channel subunit alpha1 C,ENSG00000285479,ENST00000643038,CHR_HG1815_PATCH,6561,3.8169700377572995,True,True,CACNA1C [ENST00000643038]
14285,CACNA1C,calcium voltage-gated channel subunit alpha1 C,ENSG00000151067,ENST00000347598,12,6561,3.8169700377572995,True,True,CACNA1C [ENST00000347598]
3282,DOCK10,dedicator of cytokinesis 10,ENSG00000135905,ENST00000258390,2,6561,3.8169700377572995,False,True,DOCK10 [ENST00000258390]
22195,SVIL,supervillin,ENSG00000197321,ENST00000375398,10,6549,3.816174990428802,True,True,SVIL [ENST00000375398]
51793,CACNA1D,calcium voltage-gated channel subunit alpha1 D,ENSG00000157388,ENST00000481478,3,6546,3.8159760009719856,True,True,CACNA1D [ENST00000481478]
6896,CACNA1D,calcium voltage-gated channel subunit alpha1 D,ENSG00000157388,ENST00000288139,3,6546,3.8159760009719856,True,True,CACNA1D [ENST00000288139]
20891,MED12,mediator complex subunit 12,ENSG00000184634,ENST00000374102,X,6543,3.815776920298363,True,True,MED12 [ENST00000374102]
114816,MED12L,mediator complex subunit 12L,ENSG00000144893,ENST00000687756,3,6543,3.815776920298363,True,True,MED12L [ENST00000687756]
33585,DOCK10,dedicator of cytokinesis 10,ENSG00000135905,ENST00000409592,2,6543,3.815776920298363,False,True,DOCK10 [ENST00000409592]
103639,CACNA1C,calcium voltage-gated channel subunit alpha1 C,ENSG00000285479,ENST00000643858,CHR_HG1815_PATCH,6540,3.815577748324267,True,True,CACNA1C [ENST00000643858]
117934,MED12,mediator complex subunit 12,ENSG00000184634,ENST00000690145,X,6540,3.815577748324267,True,True,MED12 [ENST00000690145]
23468,FREM1,FRAS1 related extracellular matrix 1,ENSG00000164946,ENST00000380880,9,6540,3.815577748324267,True,True,FREM1 [ENST00000380880]
11950,CACNA1C,calcium voltage-gated channel subunit alpha1 C,ENSG00000151067,ENST00000344100,12,6540,3.815577748324267,True,True,CACNA1C [ENST00000344100]
18993,MED12,mediator complex subunit 12,ENSG00000184634,ENST00000374080,X,6534,3.8151791301394185,True,True,MED12 [ENST00000374080]
2182,ARFGEF3,ARFGEF family member 3,ENSG00000112379,ENST00000251691,6,6534,3.8151791301394185,False,True,ARFGEF3 [ENST00000251691]
16231,FN1,fibronectin 1,ENSG00000115414,ENST00000357867,2,6531,3.8149796837607566,True,True,FN1 [ENST00000357867]
118546,MED12,mediator complex subunit 12,ENSG00000184634,ENST00000692304,X,6531,3.8149796837607566,True,True,MED12 [ENST00000692304]
44789,MYO7A,myosin VIIA,ENSG00000137474,ENST00000458637,11,6528,3.8147801457458046,True,True,MYO7A [ENST00000458637]
27019,MED13,mediator complex subunit 13,ENSG00000108510,ENST00000397786,17,6525,3.814580516010319,True,True,MED13 [ENST00000397786]
9688,CACNA1C,calcium voltage-gated channel subunit alpha1 C,ENSG00000151067,ENST00000327702,12,6522,3.814380794469938,True,True,CACNA1C [ENST00000327702]
30894,CACNA1C,calcium voltage-gated channel subunit alpha1 C,ENSG00000151067,ENST00000399617,12,6522,3.814380794469938,True,True,CACNA1C [ENST00000399617]
98975,CACNA1C,calcium voltage-gated channel subunit alpha1 C,ENSG00000285479,ENST00000642375,CHR_HG1815_PATCH,6522,3.814380794469938,True,True,CACNA1C [ENST00000642375]
102613,CACNA1C,calcium voltage-gated channel subunit alpha1 C,ENSG00000285479,ENST00000646280,CHR_HG1815_PATCH,6522,3.814380794469938,True,True,CACNA1C [ENST00000646280]
22729,SDK2,sidekick cell adhesion molecule 2,ENSG00000069188,ENST00000392650,17,6519,3.8141809810401868,False,True,SDK2 [ENST00000392650]
114646,FRAS1,Fraser extracellular matrix complex subunit 1,ENSG00000138759,ENST00000684159,4,6516,3.813981075636472,True,True,FRAS1 [ENST00000684159]
14496,CACNA1G,calcium voltage-gated channel subunit alpha1 G,ENSG00000006283,ENST00000358244,17,6516,3.813981075636472,True,True,CACNA1G [ENST00000358244]
93081,CABIN1,calcineurin binding protein 1,ENSG00000099991,ENST00000617531,22,6513,3.8137810781740824,False,True,CABIN1 [ENST00000617531]
99007,CACNA1D,calcium voltage-gated channel subunit alpha1 D,ENSG00000157388,ENST00000637424,3,6513,3.8137810781740824,True,True,CACNA1D [ENST00000637424]
112520,SACS,sacsin molecular chaperone,ENSG00000151835,ENST00000683270,13,6513,3.8137810781740824,True,True,SACS [ENST00000683270]
120852,SPEN,spen family transcriptional repressor,ENSG00000065526,ENST00000704274,1,6513,3.8137810781740824,True,True,SPEN [ENST00000704274]
15952,ALPK2,alpha kinase 2,ENSG00000198796,ENST00000361673,18,6513,3.8137810781740824,False,True,ALPK2 [ENST00000361673]
24449,SHANK1,SH3 and multiple ankyrin repeat domains 1,ENSG00000161681,ENST00000391814,19,6510,3.813580988568192,False,True,SHANK1 [ENST00000391814]
99549,SPEF2,sperm flagellar 2,ENSG00000152582,ENST00000637569,5,6510,3.813580988568192,True,True,SPEF2 [ENST00000637569]
115393,CACNA1C,calcium voltage-gated channel subunit alpha1 C,ENSG00000151067,ENST00000683840,12,6507,3.8133808067338557,True,True,CACNA1C [ENST00000683840]
112168,CACNA1C,calcium voltage-gated channel subunit alpha1 C,ENSG00000151067,ENST00000682462,12,6507,3.8133808067338557,True,True,CACNA1C [ENST00000682462]
25956,BAZ2B,bromodomain adjacent to zinc finger domain 2B,ENSG00000123636,ENST00000392783,2,6507,3.8133808067338557,False,True,BAZ2B [ENST00000392783]
115250,CACNA1C,calcium voltage-gated channel subunit alpha1 C,ENSG00000151067,ENST00000683956,12,6507,3.8133808067338557,True,True,CACNA1C [ENST00000683956]
115205,CACNA1C,calcium voltage-gated channel subunit alpha1 C,ENSG00000151067,ENST00000683781,12,6507,3.8133808067338557,True,True,CACNA1C [ENST00000683781]
104119,CACNA1C,calcium voltage-gated channel subunit alpha1 C,ENSG00000285479,ENST00000644048,CHR_HG1815_PATCH,6501,3.8129801660394804,True,True,CACNA1C [ENST00000644048]
28260,CACNA1C,calcium voltage-gated channel subunit alpha1 C,ENSG00000151067,ENST00000399638,12,6501,3.8129801660394804,True,True,CACNA1C [ENST00000399638]
31476,MYO7A,myosin VIIA,ENSG00000137474,ENST00000409619,11,6501,3.8129801660394804,True,True,MYO7A [ENST00000409619]
24076,PIEZO2,piezo type mechanosensitive ion channel component 2,ENSG00000154864,ENST00000383408,18,6501,3.8129801660394804,True,True,PIEZO2 [ENST00000383408]
115815,NAV1,neuron navigator 1,ENSG00000134369,ENST00000685211,1,6495,3.812579155409047,False,True,NAV1 [ENST00000685211]
10844,CACNA1C,calcium voltage-gated channel subunit alpha1 C,ENSG00000151067,ENST00000335762,12,6492,3.8123785111541943,True,True,CACNA1C [ENST00000335762]
104309,CACNA1C,calcium voltage-gated channel subunit alpha1 C,ENSG00000285479,ENST00000647229,CHR_HG1815_PATCH,6492,3.8123785111541943,True,True,CACNA1C [ENST00000647229]
28845,CAD,"carbamoyl-phosphate synthetase 2, aspartate transcarbamylase, and dihydroorotase",ENSG00000084774,ENST00000403525,2,6489,3.8121777741587537,True,True,CAD [ENST00000403525]
17627,CACNA1D,calcium voltage-gated channel subunit alpha1 D,ENSG00000157388,ENST00000350061,3,6486,3.811976944336954,True,True,CACNA1D [ENST00000350061]
6382,SHANK1,SH3 and multiple ankyrin repeat domains 1,ENSG00000161681,ENST00000293441,19,6486,3.811976944336954,False,True,SHANK1 [ENST00000293441]
30405,CACNA1C,calcium voltage-gated channel subunit alpha1 C,ENSG00000151067,ENST00000399606,12,6477,3.811373897053893,True,True,CACNA1C [ENST00000399606]
103394,CACNA1C,calcium voltage-gated channel subunit alpha1 C,ENSG00000285479,ENST00000644691,CHR_HG1815_PATCH,6477,3.811373897053893,True,True,CACNA1C [ENST00000644691]
103134,CACNA1C,calcium voltage-gated channel subunit alpha1 C,ENSG00000285479,ENST00000645965,CHR_HG1815_PATCH,6474,3.811172695066554,True,True,CACNA1C [ENST00000645965]
103663,CACNA1C,calcium voltage-gated channel subunit alpha1 C,ENSG00000285479,ENST00000647062,CHR_HG1815_PATCH,6474,3.811172695066554,True,True,CACNA1C [ENST00000647062]
42370,PRRC2A,proline rich coiled-coil 2A,ENSG00000225164,ENST00000435971,CHR_HSCHR6_MHC_COX_CTG1,6474,3.811172695066554,False,True,PRRC2A [ENST00000435971]
35408,PRRC2A,proline rich coiled-coil 2A,ENSG00000226618,ENST00000414956,CHR_HSCHR6_MHC_MANN_CTG1,6474,3.811172695066554,False,True,PRRC2A [ENST00000414956]
23617,PRRC2A,proline rich coiled-coil 2A,ENSG00000206427,ENST00000383464,CHR_HSCHR6_MHC_QBL_CTG1,6474,3.811172695066554,False,True,PRRC2A [ENST00000383464]
87322,MYO9B,myosin IXB,ENSG00000099331,ENST00000594824,19,6474,3.811172695066554,False,True,MYO9B [ENST00000594824]
27766,CACNA1C,calcium voltage-gated channel subunit alpha1 C,ENSG00000151067,ENST00000402845,12,6474,3.811172695066554,True,True,CACNA1C [ENST00000402845]
28061,CACNA1C,calcium voltage-gated channel subunit alpha1 C,ENSG00000151067,ENST00000399621,12,6474,3.811172695066554,True,True,CACNA1C [ENST00000399621]
32319,PRRC2A,proline rich coiled-coil 2A,ENSG00000231370,ENST00000416335,CHR_HSCHR6_MHC_DBB_CTG1,6474,3.811172695066554,False,True,PRRC2A [ENST00000416335]
113368,MYO9B,myosin IXB,ENSG00000099331,ENST00000682292,19,6474,3.811172695066554,False,True,MYO9B [ENST00000682292]
39789,PRRC2A,proline rich coiled-coil 2A,ENSG00000231825,ENST00000430737,CHR_HSCHR6_MHC_SSTO_CTG1,6474,3.811172695066554,False,True,PRRC2A [ENST00000430737]
43633,PRRC2A,proline rich coiled-coil 2A,ENSG00000231370,ENST00000439762,CHR_HSCHR6_MHC_DBB_CTG1,6474,3.811172695066554,False,True,PRRC2A [ENST00000439762]
26633,PRRC2A,proline rich coiled-coil 2A,ENSG00000206427,ENST00000383455,CHR_HSCHR6_MHC_QBL_CTG1,6474,3.811172695066554,False,True,PRRC2A [ENST00000383455]
20945,PRRC2A,proline rich coiled-coil 2A,ENSG00000204469,ENST00000376007,6,6474,3.811172695066554,False,True,PRRC2A [ENST00000376007]
29109,CACNA1C,calcium voltage-gated channel subunit alpha1 C,ENSG00000151067,ENST00000399637,12,6474,3.811172695066554,True,True,CACNA1C [ENST00000399637]
19135,PRRC2A,proline rich coiled-coil 2A,ENSG00000204469,ENST00000376033,6,6474,3.811172695066554,False,True,PRRC2A [ENST00000376033]
47489,PRRC2A,proline rich coiled-coil 2A,ENSG00000225748,ENST00000454306,CHR_HSCHR6_MHC_MCF_CTG1,6474,3.811172695066554,False,True,PRRC2A [ENST00000454306]
38242,PRRC2A,proline rich coiled-coil 2A,ENSG00000225748,ENST00000432252,CHR_HSCHR6_MHC_MCF_CTG1,6474,3.811172695066554,False,True,PRRC2A [ENST00000432252]
38092,PRRC2A,proline rich coiled-coil 2A,ENSG00000231825,ENST00000422962,CHR_HSCHR6_MHC_SSTO_CTG1,6474,3.811172695066554,False,True,PRRC2A [ENST00000422962]
46356,PRRC2A,proline rich coiled-coil 2A,ENSG00000226618,ENST00000458561,CHR_HSCHR6_MHC_MANN_CTG1,6474,3.811172695066554,False,True,PRRC2A [ENST00000458561]
39276,PRRC2A,proline rich coiled-coil 2A,ENSG00000225164,ENST00000428775,CHR_HSCHR6_MHC_COX_CTG1,6474,3.811172695066554,False,True,PRRC2A [ENST00000428775]
103758,CACNA1C,calcium voltage-gated channel subunit alpha1 C,ENSG00000285479,ENST00000645584,CHR_HG1815_PATCH,6474,3.811172695066554,True,True,CACNA1C [ENST00000645584]
1020,RP1,RP1 axonemal microtubule associated,ENSG00000104237,ENST00000220676,8,6471,3.8109713998222077,True,True,RP1 [ENST00000220676]
48851,MALRD1,MAM and LDL receptor class A domain containing 1,ENSG00000204740,ENST00000454679,10,6471,3.8109713998222077,False,True,MALRD1 [ENST00000454679]
22606,TECTA,tectorin alpha,ENSG00000109927,ENST00000392793,11,6468,3.8107700112343634,True,True,TECTA [ENST00000392793]
102174,CACNA1C,calcium voltage-gated channel subunit alpha1 C,ENSG00000285479,ENST00000644891,CHR_HG1815_PATCH,6468,3.8107700112343634,True,True,CACNA1C [ENST00000644891]
3463,TECTA,tectorin alpha,ENSG00000109927,ENST00000264037,11,6468,3.8107700112343634,True,True,TECTA [ENST00000264037]
27947,CACNA1C,calcium voltage-gated channel subunit alpha1 C,ENSG00000151067,ENST00000399629,12,6468,3.8107700112343634,True,True,CACNA1C [ENST00000399629]
13778,SPTBN1,"spectrin beta, non-erythrocytic 1",ENSG00000115306,ENST00000333896,2,6468,3.8107700112343634,True,True,SPTBN1 [ENST00000333896]
118145,MED12,mediator complex subunit 12,ENSG00000184634,ENST00000690242,X,6468,3.8107700112343634,True,True,MED12 [ENST00000690242]
36856,SEC16A,"SEC16 homolog A, endoplasmic reticulum export factor",ENSG00000148396,ENST00000431893,9,6465,3.810568529216413,False,True,SEC16A [ENST00000431893]
115343,MED12,mediator complex subunit 12,ENSG00000184634,ENST00000687382,X,6459,3.8101652845431495,True,True,MED12 [ENST00000687382]
112824,CACNA1C,calcium voltage-gated channel subunit alpha1 C,ENSG00000151067,ENST00000682336,12,6459,3.8101652845431495,True,True,CACNA1C [ENST00000682336]
15447,SHANK1,SH3 and multiple ankyrin repeat domains 1,ENSG00000161681,ENST00000359082,19,6459,3.8101652845431495,False,True,SHANK1 [ENST00000359082]
9764,PRR14L,proline rich 14 like,ENSG00000183530,ENST00000327423,22,6456,3.809963521714014,False,True,PRR14L [ENST00000327423]
114364,KMT2C,lysine methyltransferase 2C,ENSG00000055609,ENST00000683670,7,6456,3.809963521714014,True,True,KMT2C [ENST00000683670]
81261,CNOT1,CCR4-NOT transcription complex subunit 1,ENSG00000125107,ENST00000567188,16,6453,3.809761665107125,True,True,CNOT1 [ENST00000567188]
100883,TECTA,tectorin alpha,ENSG00000109927,ENST00000642222,11,6453,3.809761665107125,True,True,TECTA [ENST00000642222]
33617,TNXB,tenascin XB,ENSG00000236236,ENST00000412618,CHR_HSCHR6_MHC_SSTO_CTG1,6450,3.8095597146352675,True,True,TNXB [ENST00000412618]
30267,CACNA1C,calcium voltage-gated channel subunit alpha1 C,ENSG00000151067,ENST00000399595,12,6441,3.808953299155911,True,True,CACNA1C [ENST00000399595]
12561,YLPM1,YLP motif containing 1,ENSG00000119596,ENST00000325680,14,6441,3.808953299155911,False,True,YLPM1 [ENST00000325680]
106636,KIAA1549L,KIAA1549 like,ENSG00000110427,ENST00000658780,11,6441,3.808953299155911,False,True,KIAA1549L [ENST00000658780]
3093,ABCA7,ATP binding cassette subfamily A member 7,ENSG00000064687,ENST00000263094,19,6441,3.808953299155911,False,True,ABCA7 [ENST00000263094]
17926,SEC16A,"SEC16 homolog A, endoplasmic reticulum export factor",ENSG00000148396,ENST00000371706,9,6441,3.808953299155911,False,True,SEC16A [ENST00000371706]
98859,CACNA1C,calcium voltage-gated channel subunit alpha1 C,ENSG00000285479,ENST00000642583,CHR_HG1815_PATCH,6441,3.808953299155911,True,True,CACNA1C [ENST00000642583]
102607,CACNA1C,calcium voltage-gated channel subunit alpha1 C,ENSG00000285479,ENST00000647521,CHR_HG1815_PATCH,6441,3.808953299155911,True,True,CACNA1C [ENST00000647521]
28379,CACNA1C,calcium voltage-gated channel subunit alpha1 C,ENSG00000151067,ENST00000399591,12,6441,3.808953299155911,True,True,CACNA1C [ENST00000399591]
100301,CACNA1D,calcium voltage-gated channel subunit alpha1 D,ENSG00000157388,ENST00000636570,3,6441,3.808953299155911,True,True,CACNA1D [ENST00000636570]
108115,MACF1,microtubule actin crosslinking factor 1,ENSG00000127603,ENST00000672812,1,6440,3.808885867359812,True,True,MACF1 [ENST00000672812]
52776,MED12L,mediator complex subunit 12L,ENSG00000144893,ENST00000474524,3,6438,3.808750972349595,True,True,MED12L [ENST00000474524]
28299,CACNA1C,calcium voltage-gated channel subunit alpha1 C,ENSG00000151067,ENST00000399649,12,6435,3.8085485512404054,True,True,CACNA1C [ENST00000399649]
102406,CACNA1C,calcium voltage-gated channel subunit alpha1 C,ENSG00000285479,ENST00000643701,CHR_HG1815_PATCH,6435,3.8085485512404054,True,True,CACNA1C [ENST00000643701]
14713,HEATR1,HEAT repeat containing 1,ENSG00000119285,ENST00000366582,1,6435,3.8085485512404054,False,True,HEATR1 [ENST00000366582]
31951,MYO7B,myosin VIIB,ENSG00000169994,ENST00000409816,2,6429,3.8081434257614912,False,True,MYO7B [ENST00000409816]
27580,CABIN1,calcineurin binding protein 1,ENSG00000099991,ENST00000405822,22,6426,3.807940721215499,False,True,CABIN1 [ENST00000405822]
100685,DOCK7,dedicator of cytokinesis 7,ENSG00000116641,ENST00000635253,1,6423,3.8077379220141006,True,True,DOCK7 [ENST00000635253]
10760,FREM3,FRAS1 related extracellular matrix 3,ENSG00000183090,ENST00000329798,4,6420,3.807535028068853,False,True,FREM3 [ENST00000329798]
28510,CACNA1C,calcium voltage-gated channel subunit alpha1 C,ENSG00000151067,ENST00000399603,12,6417,3.8073320392911905,True,True,CACNA1C [ENST00000399603]
102301,CACNA1C,calcium voltage-gated channel subunit alpha1 C,ENSG00000285479,ENST00000644235,CHR_HG1815_PATCH,6417,3.8073320392911905,True,True,CACNA1C [ENST00000644235]
90795,MUC4,"mucin 4, cell surface associated",ENSG00000273984,ENST00000612020,CHR_HSCHR3_7_CTG3,6417,3.8073320392911905,False,True,MUC4 [ENST00000612020]
104441,CACNA1C,calcium voltage-gated channel subunit alpha1 C,ENSG00000285479,ENST00000646257,CHR_HG1815_PATCH,6417,3.8073320392911905,True,True,CACNA1C [ENST00000646257]
92125,MUC4,"mucin 4, cell surface associated",ENSG00000278303,ENST00000619402,CHR_HSCHR3_5_CTG3,6417,3.8073320392911905,False,True,MUC4 [ENST00000619402]
104295,CACNA1C,calcium voltage-gated channel subunit alpha1 C,ENSG00000285479,ENST00000644660,CHR_HG1815_PATCH,6417,3.8073320392911905,True,True,CACNA1C [ENST00000644660]
102664,CACNA1C,calcium voltage-gated channel subunit alpha1 C,ENSG00000285479,ENST00000643138,CHR_HG1815_PATCH,6417,3.8073320392911905,True,True,CACNA1C [ENST00000643138]
113818,CACNA1C,calcium voltage-gated channel subunit alpha1 C,ENSG00000151067,ENST00000682835,12,6417,3.8073320392911905,True,True,CACNA1C [ENST00000682835]
30038,CACNA1C,calcium voltage-gated channel subunit alpha1 C,ENSG00000151067,ENST00000399597,12,6417,3.8073320392911905,True,True,CACNA1C [ENST00000399597]
26887,CACNA1C,calcium voltage-gated channel subunit alpha1 C,ENSG00000151067,ENST00000399644,12,6417,3.8073320392911905,True,True,CACNA1C [ENST00000399644]
102278,CACNA1C,calcium voltage-gated channel subunit alpha1 C,ENSG00000285479,ENST00000644369,CHR_HG1815_PATCH,6417,3.8073320392911905,True,True,CACNA1C [ENST00000644369]
103516,CACNA1C,calcium voltage-gated channel subunit alpha1 C,ENSG00000285479,ENST00000647327,CHR_HG1815_PATCH,6417,3.8073320392911905,True,True,CACNA1C [ENST00000647327]
30430,CACNA1C,calcium voltage-gated channel subunit alpha1 C,ENSG00000151067,ENST00000399601,12,6417,3.8073320392911905,True,True,CACNA1C [ENST00000399601]
28777,CACNA1C,calcium voltage-gated channel subunit alpha1 C,ENSG00000151067,ENST00000399655,12,6417,3.8073320392911905,True,True,CACNA1C [ENST00000399655]
28449,CACNA1C,calcium voltage-gated channel subunit alpha1 C,ENSG00000151067,ENST00000399641,12,6417,3.8073320392911905,True,True,CACNA1C [ENST00000399641]
94525,MUC4,"mucin 4, cell surface associated",ENSG00000278468,ENST00000618077,CHR_HSCHR3_4_CTG3,6417,3.8073320392911905,False,True,MUC4 [ENST00000618077]
4123,PCNX2,pecanex 2,ENSG00000135749,ENST00000258229,1,6414,3.8071289555924217,False,True,PCNX2 [ENST00000258229]
33361,CACNA1D,calcium voltage-gated channel subunit alpha1 D,ENSG00000157388,ENST00000422281,3,6414,3.8071289555924217,True,True,CACNA1D [ENST00000422281]
25663,SPTB,"spectrin beta, erythrocytic",ENSG00000070182,ENST00000389720,14,6414,3.8071289555924217,True,True,SPTB [ENST00000389720]
11304,MED12,mediator complex subunit 12,ENSG00000184634,ENST00000333646,X,6414,3.8071289555924217,True,True,MED12 [ENST00000333646]
10690,SNRNP200,small nuclear ribonucleoprotein U5 subunit 200,ENSG00000144028,ENST00000323853,2,6411,3.8069257768837317,True,True,SNRNP200 [ENST00000323853]
18864,TET1,tet methylcytosine dioxygenase 1,ENSG00000138336,ENST00000373644,10,6411,3.8069257768837317,False,True,TET1 [ENST00000373644]
16483,PLXNB1,plexin B1,ENSG00000164050,ENST00000358536,3,6408,3.8067225030761813,False,True,PLXNB1 [ENST00000358536]
8481,PLXNB1,plexin B1,ENSG00000164050,ENST00000296440,3,6408,3.8067225030761813,False,True,PLXNB1 [ENST00000296440]
112259,CACNA1C,calcium voltage-gated channel subunit alpha1 C,ENSG00000151067,ENST00000683482,12,6408,3.8067225030761813,True,True,CACNA1C [ENST00000683482]
66209,WNK1,WNK lysine deficient protein kinase 1,ENSG00000060237,ENST00000535572,12,6405,3.806519134080705,True,True,WNK1 [ENST00000535572]
66221,NIN,ninein,ENSG00000100503,ENST00000530997,14,6402,3.8063156698081135,False,True,NIN [ENST00000530997]
25624,BAZ2B,bromodomain adjacent to zinc finger domain 2B,ENSG00000123636,ENST00000392782,2,6399,3.8061121101690913,False,True,BAZ2B [ENST00000392782]
96268,CRYBG1,crystallin beta-gamma domain containing 1,ENSG00000112297,ENST00000633556,6,6396,3.805908455074197,False,True,CRYBG1 [ENST00000633556]
76916,RALGAPA1,Ral GTPase activating protein catalytic subunit alpha 1,ENSG00000174373,ENST00000554259,14,6396,3.805908455074197,True,True,RALGAPA1 [ENST00000554259]
2405,DOCK7,dedicator of cytokinesis 7,ENSG00000116641,ENST00000251157,1,6396,3.805908455074197,True,True,DOCK7 [ENST00000251157]
44987,DOCK7,dedicator of cytokinesis 7,ENSG00000116641,ENST00000454575,1,6390,3.8055008581584002,True,True,DOCK7 [ENST00000454575]
112784,CACNA1C,calcium voltage-gated channel subunit alpha1 C,ENSG00000151067,ENST00000682686,12,6384,3.805092878342673,True,True,CACNA1C [ENST00000682686]
73615,PTPRB,protein tyrosine phosphatase receptor type B,ENSG00000127329,ENST00000550358,12,6384,3.805092878342673,False,True,PTPRB [ENST00000550358]
54580,AKAP9,A-kinase anchoring protein 9,ENSG00000127914,ENST00000491695,7,6369,3.8040712488856614,False,True,AKAP9 [ENST00000491695]
3595,ESPL1,"extra spindle pole bodies like 1, separase",ENSG00000135476,ENST00000257934,12,6363,3.8036619232362243,False,True,ESPL1 [ENST00000257934]
35511,DYSF,dysferlin,ENSG00000135636,ENST00000410020,2,6360,3.803457115648414,True,True,DYSF [ENST00000410020]
7830,ANKRD36C,ankyrin repeat domain 36C,ENSG00000174501,ENST00000295246,2,6360,3.803457115648414,False,True,ANKRD36C [ENST00000295246]
32449,DYSF,dysferlin,ENSG00000135636,ENST00000409582,2,6357,3.803252211430457,True,True,DYSF [ENST00000409582]
39173,MYO7B,myosin VIIB,ENSG00000169994,ENST00000428314,2,6351,3.8028421127390746,False,True,MYO7B [ENST00000428314]
24367,NUMA1,nuclear mitotic apparatus protein 1,ENSG00000137497,ENST00000393695,11,6348,3.802636918082811,True,True,NUMA1 [ENST00000393695]
120487,CHD3,chromodomain helicase DNA binding protein 3,ENSG00000170004,ENST00000700753,17,6345,3.8024316264307236,True,True,CHD3 [ENST00000700753]
105458,DSCAML1,DS cell adhesion molecule like 1,ENSG00000177103,ENST00000651172,11,6342,3.80222623769107,False,True,DSCAML1 [ENST00000651172]
13336,DSCAML1,DS cell adhesion molecule like 1,ENSG00000177103,ENST00000321322,11,6342,3.80222623769107,False,True,DSCAML1 [ENST00000321322]
35327,DYSF,dysferlin,ENSG00000135636,ENST00000409651,2,6339,3.802020751771976,True,True,DYSF [ENST00000409651]
34129,DYSF,dysferlin,ENSG00000135636,ENST00000413539,2,6336,3.801815168581437,True,True,DYSF [ENST00000413539]
17433,GTF3C1,general transcription factor IIIC subunit 1,ENSG00000077235,ENST00000356183,16,6330,3.801403710017355,False,True,GTF3C1 [ENST00000356183]
13431,DOCK7,dedicator of cytokinesis 7,ENSG00000116641,ENST00000340370,1,6330,3.801403710017355,True,True,DOCK7 [ENST00000340370]
22829,SON,SON DNA and RNA binding protein,ENSG00000159140,ENST00000381679,21,6327,3.801197834459149,True,True,SON [ENST00000381679]
27020,KIF26B,kinesin family member 26B,ENSG00000162849,ENST00000407071,1,6327,3.801197834459149,False,True,KIF26B [ENST00000407071]
44443,ZGRF1,zinc finger GRF-type containing 1,ENSG00000138658,ENST00000445203,4,6315,3.8003733548913496,False,True,ZGRF1 [ENST00000445203]
56436,ZGRF1,zinc finger GRF-type containing 1,ENSG00000138658,ENST00000505019,4,6315,3.8003733548913496,False,True,ZGRF1 [ENST00000505019]
29053,KIAA2026,KIAA2026,ENSG00000183354,ENST00000399933,9,6312,3.800166990201364,False,True,KIAA2026 [ENST00000399933]
114639,KMT2C,lysine methyltransferase 2C,ENSG00000055609,ENST00000684398,7,6309,3.7999605274059833,True,True,KMT2C [ENST00000684398]
3054,PI4KA,phosphatidylinositol 4-kinase alpha,ENSG00000241973,ENST00000255882,22,6309,3.7999605274059833,True,True,PI4KA [ENST00000255882]
29459,DYSF,dysferlin,ENSG00000135636,ENST00000409366,2,6309,3.7999605274059833,True,True,DYSF [ENST00000409366]
94573,NUMA1,nuclear mitotic apparatus protein 1,ENSG00000137497,ENST00000620566,11,6306,3.799753966411886,True,True,NUMA1 [ENST00000620566]
37913,DYSF,dysferlin,ENSG00000135636,ENST00000429174,2,6306,3.799753966411886,True,True,DYSF [ENST00000429174]
17425,NUMA1,nuclear mitotic apparatus protein 1,ENSG00000137497,ENST00000358965,11,6306,3.799753966411886,True,True,NUMA1 [ENST00000358965]
112923,ARHGAP32,Rho GTPase activating protein 32,ENSG00000134909,ENST00000682385,11,6306,3.799753966411886,False,True,ARHGAP32 [ENST00000682385]
96617,DOCK7,dedicator of cytokinesis 7,ENSG00000116641,ENST00000634264,1,6303,3.799547307125615,True,True,DOCK7 [ENST00000634264]
118368,SEC16A,"SEC16 homolog A, endoplasmic reticulum export factor",ENSG00000148396,ENST00000690691,9,6303,3.799547307125615,False,True,SEC16A [ENST00000690691]
36798,DOCK8,dedicator of cytokinesis 8,ENSG00000107099,ENST00000432829,9,6300,3.7993405494535817,True,True,DOCK8 [ENST00000432829]
3418,PIKFYVE,"phosphoinositide kinase, FYVE-type zinc finger containing",ENSG00000115020,ENST00000264380,2,6297,3.7991336933020627,True,True,PIKFYVE [ENST00000264380]
100756,DOCK7,dedicator of cytokinesis 7,ENSG00000116641,ENST00000635123,1,6297,3.7991336933020627,True,True,DOCK7 [ENST00000635123]
34609,DYSF,dysferlin,ENSG00000135636,ENST00000410041,2,6297,3.7991336933020627,True,True,DYSF [ENST00000410041]
31464,DYSF,dysferlin,ENSG00000135636,ENST00000409762,2,6294,3.7989267385772014,True,True,DYSF [ENST00000409762]
8784,TDRD6,tudor domain containing 6,ENSG00000180113,ENST00000316081,6,6291,3.7987196851850062,False,True,TDRD6 [ENST00000316081]
93102,FER1L5,fer-1 like family member 5,ENSG00000249715,ENST00000623019,2,6282,3.798097932062486,False,True,FER1L5 [ENST00000623019]
26253,BLTP2,bridge-like lipid transfer protein family member 2,ENSG00000007202,ENST00000389003,17,6279,3.797890483058349,False,True,BLTP2 [ENST00000389003]
71010,BLTP2,bridge-like lipid transfer protein family member 2,ENSG00000007202,ENST00000544884,17,6279,3.797890483058349,False,True,BLTP2 [ENST00000544884]
113857,DOCK9,dedicator of cytokinesis 9,ENSG00000088387,ENST00000682017,13,6279,3.797890483058349,False,True,DOCK9 [ENST00000682017]
26116,NIN,ninein,ENSG00000100503,ENST00000382041,14,6273,3.7974752875373343,False,True,NIN [ENST00000382041]
14645,NUP214,nucleoporin 214,ENSG00000126883,ENST00000359428,9,6273,3.7974752875373343,True,True,NUP214 [ENST00000359428]
47422,MDC1,mediator of DNA damage checkpoint 1,ENSG00000237095,ENST00000449153,CHR_HSCHR6_MHC_MCF_CTG1,6270,3.7972675408307164,False,True,MDC1 [ENST00000449153]
19061,MDC1,mediator of DNA damage checkpoint 1,ENSG00000137337,ENST00000376406,6,6270,3.7972675408307164,False,True,MDC1 [ENST00000376406]
41889,MDC1,mediator of DNA damage checkpoint 1,ENSG00000231135,ENST00000435664,CHR_HSCHR6_MHC_SSTO_CTG1,6270,3.7972675408307164,False,True,MDC1 [ENST00000435664]
40916,MDC1,mediator of DNA damage checkpoint 1,ENSG00000228575,ENST00000440369,CHR_HSCHR6_MHC_MANN_CTG1,6270,3.7972675408307164,False,True,MDC1 [ENST00000440369]
23514,MDC1,mediator of DNA damage checkpoint 1,ENSG00000206481,ENST00000383566,CHR_HSCHR6_MHC_QBL_CTG1,6270,3.7972675408307164,False,True,MDC1 [ENST00000383566]
39572,MDC1,mediator of DNA damage checkpoint 1,ENSG00000234012,ENST00000427406,CHR_HSCHR6_MHC_APD_CTG1,6270,3.7972675408307164,False,True,MDC1 [ENST00000427406]
31784,MDC1,mediator of DNA damage checkpoint 1,ENSG00000224587,ENST00000420019,CHR_HSCHR6_MHC_COX_CTG1,6270,3.7972675408307164,False,True,MDC1 [ENST00000420019]
33878,MDC1,mediator of DNA damage checkpoint 1,ENSG00000225589,ENST00000420320,CHR_HSCHR6_MHC_DBB_CTG1,6270,3.7972675408307164,False,True,MDC1 [ENST00000420320]
32783,DYSF,dysferlin,ENSG00000135636,ENST00000409744,2,6267,3.797059694699971,True,True,DYSF [ENST00000409744]
7937,ARHGAP32,Rho GTPase activating protein 32,ENSG00000134909,ENST00000310343,11,6264,3.796851749049887,False,True,ARHGAP32 [ENST00000310343]
77778,GTF3C1,general transcription factor IIIC subunit 1,ENSG00000077235,ENST00000561623,16,6255,3.796227314029439,False,True,GTF3C1 [ENST00000561623]
71950,MPDZ,multiple PDZ domain crumbs cell polarity complex component,ENSG00000107186,ENST00000546205,9,6255,3.796227314029439,True,True,MPDZ [ENST00000546205]
77985,RALGAPA1,Ral GTPase activating protein catalytic subunit alpha 1,ENSG00000174373,ENST00000553892,14,6252,3.7960189693471493,True,True,RALGAPA1 [ENST00000553892]
4912,RALGAPA1,Ral GTPase activating protein catalytic subunit alpha 1,ENSG00000174373,ENST00000307138,14,6252,3.7960189693471493,True,True,RALGAPA1 [ENST00000307138]
84540,DOCK6,dedicator of cytokinesis 6,ENSG00000130158,ENST00000587656,19,6249,3.795810524667408,True,True,DOCK6 [ENST00000587656]
23964,DYSF,dysferlin,ENSG00000135636,ENST00000394120,2,6246,3.7956019798941796,True,True,DYSF [ENST00000394120]
95061,HERC2,HECT and RLD domain containing E3 ubiquitin protein ligase 2,ENSG00000276802,ENST00000632916,CHR_HSCHR15_4_CTG8,6246,3.7956019798941796,True,True,HERC2 [ENST00000632916]
47287,DOCK9,dedicator of cytokinesis 9,ENSG00000088387,ENST00000448493,13,6246,3.7956019798941796,False,True,DOCK9 [ENST00000448493]
18809,HCFC1,host cell factor C1,ENSG00000172534,ENST00000369984,X,6243,3.795393334931289,True,True,HCFC1 [ENST00000369984]
39925,HELZ2,helicase with zinc finger 2,ENSG00000130589,ENST00000427522,20,6243,3.795393334931289,False,True,HELZ2 [ENST00000427522]
35401,NUP214,nucleoporin 214,ENSG00000126883,ENST00000411637,9,6243,3.795393334931289,True,True,NUP214 [ENST00000411637]
3743,DYSF,dysferlin,ENSG00000135636,ENST00000258104,2,6243,3.795393334931289,True,True,DYSF [ENST00000258104]
75055,SPG11,"SPG11 vesicle trafficking associated, spatacsin",ENSG00000104133,ENST00000558319,15,6240,3.795184589682424,True,True,SPG11 [ENST00000558319]
14725,NCOR2,nuclear receptor corepressor 2,ENSG00000196498,ENST00000356219,12,6240,3.795184589682424,False,True,NCOR2 [ENST00000356219]
47729,NACA,nascent polypeptide associated complex subunit alpha,ENSG00000196531,ENST00000454682,12,6237,3.794975744051132,False,True,NACA [ENST00000454682]
120054,DOCK9,dedicator of cytokinesis 9,ENSG00000088387,ENST00000703211,13,6237,3.794975744051132,False,True,DOCK9 [ENST00000703211]
17440,ATG2B,autophagy related 2B,ENSG00000066739,ENST00000359933,14,6237,3.794975744051132,False,True,ATG2B [ENST00000359933]
105973,NUP214,nucleoporin 214,ENSG00000126883,ENST00000652454,9,6237,3.794975744051132,True,True,NUP214 [ENST00000652454]
101207,CCDC187,coiled-coil domain containing 187,ENSG00000260220,ENST00000638797,9,6234,3.794766797940821,False,True,CCDC187 [ENST00000638797]
8570,DOCK11,dedicator of cytokinesis 11,ENSG00000147251,ENST00000276204,X,6234,3.794766797940821,False,True,DOCK11 [ENST00000276204]
60146,CEP192,centrosomal protein 192,ENSG00000101639,ENST00000511820,18,6231,3.7945577512547617,False,True,CEP192 [ENST00000511820]
114788,TANC2,"tetratricopeptide repeat, ankyrin repeat and coiled-coil containing 2",ENSG00000170921,ENST00000689528,17,6225,3.794139355767774,True,True,TANC2 [ENST00000689528]
26257,KIAA2026,KIAA2026,ENSG00000183354,ENST00000381461,9,6222,3.7939300067726847,False,True,KIAA2026 [ENST00000381461]
104383,KAT6B,lysine acetyltransferase 6B,ENSG00000156650,ENST00000648725,10,6222,3.7939300067726847,True,True,KAT6B [ENST00000648725]
8552,DOCK11,dedicator of cytokinesis 11,ENSG00000147251,ENST00000276202,X,6222,3.7939300067726847,False,True,DOCK11 [ENST00000276202]
101900,KAT6B,lysine acetyltransferase 6B,ENSG00000281813,ENST00000647630,CHR_HG2191_PATCH,6222,3.7939300067726847,True,True,KAT6B [ENST00000647630]
105139,KAT6B,lysine acetyltransferase 6B,ENSG00000156650,ENST00000649463,10,6222,3.7939300067726847,True,True,KAT6B [ENST00000649463]
7061,KAT6B,lysine acetyltransferase 6B,ENSG00000156650,ENST00000287239,10,6222,3.7939300067726847,True,True,KAT6B [ENST00000287239]
97664,KAT6B,lysine acetyltransferase 6B,ENSG00000281813,ENST00000630001,CHR_HG2191_PATCH,6222,3.7939300067726847,True,True,KAT6B [ENST00000630001]
103976,KAT6B,lysine acetyltransferase 6B,ENSG00000281813,ENST00000648605,CHR_HG2191_PATCH,6222,3.7939300067726847,True,True,KAT6B [ENST00000648605]
1642,HEATR5B,HEAT repeat containing 5B,ENSG00000008869,ENST00000233099,2,6216,3.793511005792858,False,True,HEATR5B [ENST00000233099]
90597,MYO9B,myosin IXB,ENSG00000099331,ENST00000595641,19,6215,3.7934411329776636,False,True,MYO9B [ENST00000595641]
10812,MPDZ,multiple PDZ domain crumbs cell polarity complex component,ENSG00000107186,ENST00000319217,9,6213,3.793301353613115,True,True,MPDZ [ENST00000319217]
106321,DOCK9,dedicator of cytokinesis 9,ENSG00000088387,ENST00000652315,13,6210,3.79309160017658,False,True,DOCK9 [ENST00000652315]
26332,CIT,citron rho-interacting serine/threonine kinase,ENSG00000122966,ENST00000392521,12,6210,3.79309160017658,True,True,CIT [ENST00000392521]
4670,MYO10,myosin X,ENSG00000145555,ENST00000274203,5,6210,3.79309160017658,False,True,MYO10 [ENST00000274203]
47610,ARID1A,AT-rich interaction domain 1A,ENSG00000117713,ENST00000457599,1,6207,3.792881745385397,True,True,ARID1A [ENST00000457599]
18540,DOCK9,dedicator of cytokinesis 9,ENSG00000088387,ENST00000376460,13,6207,3.792881745385397,False,True,DOCK9 [ENST00000376460]
109229,TRIP12,thyroid hormone receptor interactor 12,ENSG00000153827,ENST00000675453,2,6207,3.792881745385397,True,True,TRIP12 [ENST00000675453]
111009,TRIP12,thyroid hormone receptor interactor 12,ENSG00000153827,ENST00000675903,2,6204,3.7926717891415676,True,True,TRIP12 [ENST00000675903]
40216,LOXHD1,lipoxygenase homology PLAT domains 1,ENSG00000167210,ENST00000441551,18,6204,3.7926717891415676,True,True,LOXHD1 [ENST00000441551]
120661,TRIP12,thyroid hormone receptor interactor 12,ENSG00000153827,ENST00000704577,2,6204,3.7926717891415676,True,True,TRIP12 [ENST00000704577]
109686,TRIP12,thyroid hormone receptor interactor 12,ENSG00000153827,ENST00000675423,2,6204,3.7926717891415676,True,True,TRIP12 [ENST00000675423]
99714,CFAP54,cilia and flagella associated protein 54,ENSG00000188596,ENST00000637336,12,6204,3.7926717891415676,False,True,CFAP54 [ENST00000637336]
70733,TDRD6,tudor domain containing 6,ENSG00000180113,ENST00000544460,6,6201,3.792461731346951,False,True,TDRD6 [ENST00000544460]
21166,NCOA6,nuclear receptor coactivator 6,ENSG00000198646,ENST00000374796,20,6192,3.791830947674836,False,True,NCOA6 [ENST00000374796]
14689,NCOA6,nuclear receptor coactivator 6,ENSG00000198646,ENST00000359003,20,6192,3.791830947674836,False,True,NCOA6 [ENST00000359003]
120792,TRIP12,thyroid hormone receptor interactor 12,ENSG00000153827,ENST00000704581,2,6192,3.791830947674836,True,True,TRIP12 [ENST00000704581]
17329,HEATR1,HEAT repeat containing 1,ENSG00000119285,ENST00000366581,1,6192,3.791830947674836,False,True,HEATR1 [ENST00000366581]
4291,ARHGEF17,Rho guanine nucleotide exchange factor 17,ENSG00000110237,ENST00000263674,11,6192,3.791830947674836,False,True,ARHGEF17 [ENST00000263674]
28612,NCOR2,nuclear receptor corepressor 2,ENSG00000196498,ENST00000404121,12,6189,3.791620482692814,False,True,NCOR2 [ENST00000404121]
11357,CEP192,centrosomal protein 192,ENSG00000101639,ENST00000325971,18,6189,3.791620482692814,False,True,CEP192 [ENST00000325971]
2699,ANKRD12,ankyrin repeat domain 12,ENSG00000101745,ENST00000262126,18,6189,3.791620482692814,False,True,ANKRD12 [ENST00000262126]
17067,MYOF,myoferlin,ENSG00000138119,ENST00000359263,10,6186,3.79140991566716,False,True,MYOF [ENST00000359263]
47156,PWWP4,PWWP domain containing 4,ENSG00000278803,ENST00000458091,X,6186,3.79140991566716,False,True,PWWP4 [ENST00000458091]
46988,DOCK9,dedicator of cytokinesis 9,ENSG00000088387,ENST00000449796,13,6186,3.79140991566716,False,True,DOCK9 [ENST00000449796]
25080,CHD3,chromodomain helicase DNA binding protein 3,ENSG00000170004,ENST00000380358,17,6180,3.790988475088816,True,True,CHD3 [ENST00000380358]
105087,PTPRZ1,protein tyrosine phosphatase receptor type Z1,ENSG00000106278,ENST00000650681,7,6180,3.790988475088816,False,True,PTPRZ1 [ENST00000650681]
58701,MYO10,myosin X,ENSG00000145555,ENST00000513610,5,6177,3.7907776013376937,False,True,MYO10 [ENST00000513610]
33033,UBR4,ubiquitin protein ligase E3 component n-recognin 4,ENSG00000127481,ENST00000417040,1,6175,3.7906369619317033,False,True,UBR4 [ENST00000417040]
96282,FER1L5,fer-1 like family member 5,ENSG00000249715,ENST00000624922,2,6174,3.7905666251460763,False,True,FER1L5 [ENST00000624922]
113303,KMT2C,lysine methyltransferase 2C,ENSG00000055609,ENST00000682176,7,6174,3.7905666251460763,True,True,KMT2C [ENST00000682176]
119937,DOCK9,dedicator of cytokinesis 9,ENSG00000088387,ENST00000703210,13,6168,3.7901443650429005,False,True,DOCK9 [ENST00000703210]
86178,EVPL,envoplakin,ENSG00000167880,ENST00000586740,17,6168,3.7901443650429005,False,True,EVPL [ENST00000586740]
65870,MYO18A,myosin XVIIIA,ENSG00000196535,ENST00000527372,17,6165,3.7899330809317506,False,True,MYO18A [ENST00000527372]
105519,DSCAML1,DS cell adhesion molecule like 1,ENSG00000177103,ENST00000651296,11,6162,3.7897216939809217,False,True,DSCAML1 [ENST00000651296]
121278,MYO18A,myosin XVIIIA,ENSG00000196535,ENST00000704659,17,6156,3.789298611159441,False,True,MYO18A [ENST00000704659]
25991,RALGAPA1,Ral GTPase activating protein catalytic subunit alpha 1,ENSG00000174373,ENST00000382366,14,6150,3.788875115775417,True,True,RALGAPA1 [ENST00000382366]
3947,FANCM,FA complementation group M,ENSG00000187790,ENST00000267430,14,6147,3.7886632131208575,True,True,FANCM [ENST00000267430]
15602,MYOF,myoferlin,ENSG00000138119,ENST00000358334,10,6147,3.7886632131208575,False,True,MYOF [ENST00000358334]
5388,DOCK6,dedicator of cytokinesis 6,ENSG00000130158,ENST00000294618,19,6144,3.7884512070234555,True,True,DOCK6 [ENST00000294618]
46169,NIN,ninein,ENSG00000100503,ENST00000453196,14,6141,3.788239097382168,False,True,NIN [ENST00000453196]
73386,HEATR5A,HEAT repeat containing 5A,ENSG00000129493,ENST00000543095,14,6141,3.788239097382168,False,True,HEATR5A [ENST00000543095]
24828,AGRN,agrin,ENSG00000188157,ENST00000379370,1,6138,3.7880268840958036,True,True,AGRN [ENST00000379370]
33317,TTC3,tetratricopeptide repeat domain 3,ENSG00000182670,ENST00000411496,21,6132,3.7876021461823375,False,True,TTC3 [ENST00000411496]
63291,PCM1,pericentriolar material 1,ENSG00000078674,ENST00000522275,8,6132,3.7876021461823375,False,True,PCM1 [ENST00000522275]
117909,TTC3,tetratricopeptide repeat domain 3,ENSG00000182670,ENST00000696811,21,6132,3.7876021461823375,False,True,TTC3 [ENST00000696811]
31677,NBEAL2,neurobeachin like 2,ENSG00000160796,ENST00000416683,3,6129,3.78738962135211,True,True,NBEAL2 [ENST00000416683]
74161,MPDZ,multiple PDZ domain crumbs cell polarity complex component,ENSG00000107186,ENST00000541718,9,6126,3.787176992470554,True,True,MPDZ [ENST00000541718]
5879,LPA,lipoprotein(a),ENSG00000198670,ENST00000316300,6,6123,3.786964259435733,False,True,LPA [ENST00000316300]
25641,TRIP12,thyroid hormone receptor interactor 12,ENSG00000153827,ENST00000389044,2,6123,3.786964259435733,True,True,TRIP12 [ENST00000389044]
27473,CR1,complement C3b/C4b receptor 1 (Knops blood group),ENSG00000203710,ENST00000400960,1,6120,3.7867514221455614,False,True,CR1 [ENST00000400960]
16761,CR1,complement C3b/C4b receptor 1 (Knops blood group),ENSG00000203710,ENST00000367051,1,6120,3.7867514221455614,False,True,CR1 [ENST00000367051]
14391,CR1,complement C3b/C4b receptor 1 (Knops blood group),ENSG00000203710,ENST00000367052,1,6120,3.7867514221455614,False,True,CR1 [ENST00000367052]
68415,MYO18A,myosin XVIIIA,ENSG00000196535,ENST00000531253,17,6120,3.7867514221455614,False,True,MYO18A [ENST00000531253]
3563,PHF3,PHD finger protein 3,ENSG00000118482,ENST00000262043,6,6120,3.7867514221455614,False,True,PHF3 [ENST00000262043]
23276,PHF3,PHD finger protein 3,ENSG00000118482,ENST00000393387,6,6120,3.7867514221455614,False,True,PHF3 [ENST00000393387]
29382,ANKRD12,ankyrin repeat domain 12,ENSG00000101745,ENST00000400020,18,6120,3.7867514221455614,False,True,ANKRD12 [ENST00000400020]
15620,CR1,complement C3b/C4b receptor 1 (Knops blood group),ENSG00000203710,ENST00000367053,1,6120,3.7867514221455614,False,True,CR1 [ENST00000367053]
100465,ADGRV1,adhesion G protein-coupled receptor V1,ENSG00000164199,ENST00000640403,5,6115,3.7863964613723042,True,True,ADGRV1 [ENST00000640403]
44777,MPDZ,multiple PDZ domain crumbs cell polarity complex component,ENSG00000107186,ENST00000447879,9,6114,3.78632543439007,True,True,MPDZ [ENST00000447879]
24998,RALGAPA1,Ral GTPase activating protein catalytic subunit alpha 1,ENSG00000174373,ENST00000389698,14,6111,3.7861122837198264,True,True,RALGAPA1 [ENST00000389698]
32728,PRR12,proline rich 12,ENSG00000126464,ENST00000418929,19,6111,3.7861122837198264,True,True,PRR12 [ENST00000418929]
101171,MYH14,myosin heavy chain 14,ENSG00000105357,ENST00000642316,19,6111,3.7861122837198264,True,True,MYH14 [ENST00000642316]
6768,HCFC1,host cell factor C1,ENSG00000172534,ENST00000310441,X,6108,3.7858990283843834,True,True,HCFC1 [ENST00000310441]
14595,PCNX3,pecanex 3,ENSG00000197136,ENST00000355703,11,6105,3.7856856682809013,False,True,PCNX3 [ENST00000355703]
6369,EVPL,envoplakin,ENSG00000167880,ENST00000301607,17,6102,3.785472203306388,False,True,EVPL [ENST00000301607]
64963,CKAP5,cytoskeleton associated protein 5,ENSG00000175216,ENST00000529230,11,6099,3.785258633357701,False,True,CKAP5 [ENST00000529230]
48110,DOCK8,dedicator of cytokinesis 8,ENSG00000107099,ENST00000453981,9,6096,3.785044958331544,True,True,DOCK8 [ENST00000453981]
3355,DOCK3,dedicator of cytokinesis 3,ENSG00000088538,ENST00000266037,3,6093,3.784831178124469,True,True,DOCK3 [ENST00000266037]
25414,CCDC88C,coiled-coil domain containing 88C,ENSG00000015133,ENST00000389857,14,6087,3.7844033017530085,True,True,CCDC88C [ENST00000389857]
67455,MACF1,microtubule actin crosslinking factor 1,ENSG00000127603,ENST00000530262,1,6086,3.7843319480221482,True,True,MACF1 [ENST00000530262]
4138,CIT,citron rho-interacting serine/threonine kinase,ENSG00000122966,ENST00000261833,12,6084,3.7841892053809607,True,True,CIT [ENST00000261833]
33636,TTC3,tetratricopeptide repeat domain 3,ENSG00000182670,ENST00000418766,21,6078,3.7837606957439243,False,True,TTC3 [ENST00000418766]
16521,TTC3,tetratricopeptide repeat domain 3,ENSG00000182670,ENST00000354749,21,6078,3.7837606957439243,False,True,TTC3 [ENST00000354749]
30323,TTC3,tetratricopeptide repeat domain 3,ENSG00000182670,ENST00000399017,21,6078,3.7837606957439243,False,True,TTC3 [ENST00000399017]
48137,TTC3,tetratricopeptide repeat domain 3,ENSG00000182670,ENST00000450533,21,6078,3.7837606957439243,False,True,TTC3 [ENST00000450533]
120863,TRIP12,thyroid hormone receptor interactor 12,ENSG00000153827,ENST00000704580,2,6078,3.7837606957439243,True,True,TRIP12 [ENST00000704580]
13564,PCM1,pericentriolar material 1,ENSG00000078674,ENST00000325083,8,6075,3.7835462822703496,False,True,PCM1 [ENST00000325083]
58402,TET2,tet methylcytosine dioxygenase 2,ENSG00000168769,ENST00000513237,4,6072,3.783331762887424,True,True,TET2 [ENST00000513237]
73828,FANCM,FA complementation group M,ENSG00000187790,ENST00000542564,14,6069,3.7831171374904673,True,True,FANCM [ENST00000542564]
17274,TRPM6,transient receptor potential cation channel subfamily M member 6,ENSG00000119121,ENST00000360774,9,6069,3.7831171374904673,True,True,TRPM6 [ENST00000360774]
88105,MYO9B,myosin IXB,ENSG00000099331,ENST00000595618,19,6069,3.7831171374904673,False,True,MYO9B [ENST00000595618]
27078,MYO9B,myosin IXB,ENSG00000099331,ENST00000397274,19,6069,3.7831171374904673,False,True,MYO9B [ENST00000397274]
121741,TRIP12,thyroid hormone receptor interactor 12,ENSG00000153827,ENST00000704578,2,6063,3.7826875682349663,True,True,TRIP12 [ENST00000704578]
11259,TNC,tenascin C,ENSG00000041982,ENST00000341037,9,6060,3.782472624166286,True,True,TNC [ENST00000341037]
18798,CROCC,"ciliary rootlet coiled-coil, rootletin",ENSG00000058453,ENST00000375541,1,6054,3.782042416620554,False,True,CROCC [ENST00000375541]
4502,ECPAS,Ecm29 proteasome adaptor and scaffold,ENSG00000136813,ENST00000259335,9,6054,3.782042416620554,False,True,ECPAS [ENST00000259335]
46437,TRPM6,transient receptor potential cation channel subfamily M member 6,ENSG00000119121,ENST00000449912,9,6054,3.782042416620554,True,True,TRPM6 [ENST00000449912]
16494,TRPM6,transient receptor potential cation channel subfamily M member 6,ENSG00000119121,ENST00000361255,9,6054,3.782042416620554,True,True,TRPM6 [ENST00000361255]
61828,PCM1,pericentriolar material 1,ENSG00000078674,ENST00000519253,8,6051,3.781827152932428,False,True,PCM1 [ENST00000519253]
12826,SCN5A,sodium voltage-gated channel alpha subunit 5,ENSG00000183873,ENST00000333535,3,6051,3.781827152932428,True,True,SCN5A [ENST00000333535]
32786,SCN5A,sodium voltage-gated channel alpha subunit 5,ENSG00000183873,ENST00000413689,3,6051,3.781827152932428,True,True,SCN5A [ENST00000413689]
26885,CACNA1I,calcium voltage-gated channel subunit alpha1 I,ENSG00000100346,ENST00000401624,22,6051,3.781827152932428,True,True,CACNA1I [ENST00000401624]
24144,LRRK1,leucine rich repeat kinase 1,ENSG00000154237,ENST00000388948,15,6048,3.78161178249315,True,True,LRRK1 [ENST00000388948]
37120,SCN5A,sodium voltage-gated channel alpha subunit 5,ENSG00000183873,ENST00000423572,3,6048,3.78161178249315,True,True,SCN5A [ENST00000423572]
96608,MGAM,maltase-glucoamylase,ENSG00000282607,ENST00000632195,CHR_HSCHR7_2_CTG6,6039,3.780965029608317,False,True,MGAM [ENST00000632195]
28388,DSCAM,DS cell adhesion molecule,ENSG00000171587,ENST00000400454,21,6039,3.780965029608317,False,True,DSCAM [ENST00000400454]
102312,ITPR1,"inositol 1,4,5-trisphosphate receptor type 1",ENSG00000150995,ENST00000648038,3,6039,3.780965029608317,True,True,ITPR1 [ENST00000648038]
4631,NUP205,nucleoporin 205,ENSG00000155561,ENST00000285968,7,6039,3.780965029608317,False,True,NUP205 [ENST00000285968]
45378,TRIP12,thyroid hormone receptor interactor 12,ENSG00000153827,ENST00000453485,2,6036,3.7807492311035524,True,True,TRIP12 [ENST00000453485]
117204,MTCL1,microtubule crosslinking factor 1,ENSG00000168502,ENST00000695636,18,6036,3.7807492311035524,False,True,MTCL1 [ENST00000695636]
120062,DOCK9,dedicator of cytokinesis 9,ENSG00000088387,ENST00000703216,13,6033,3.780533325316404,False,True,DOCK9 [ENST00000703216]
108479,SCN1A,sodium voltage-gated channel alpha subunit 1,ENSG00000144285,ENST00000674923,2,6030,3.780317312140151,True,True,SCN1A [ENST00000674923]
4619,SCN1A,sodium voltage-gated channel alpha subunit 1,ENSG00000144285,ENST00000303395,2,6030,3.780317312140151,True,True,SCN1A [ENST00000303395]
39300,TRIP12,thyroid hormone receptor interactor 12,ENSG00000153827,ENST00000430954,2,6027,3.7801011914679115,True,True,TRIP12 [ENST00000430954]
69977,MPDZ,multiple PDZ domain crumbs cell polarity complex component,ENSG00000107186,ENST00000536827,9,6027,3.7801011914679115,True,True,MPDZ [ENST00000536827]
116255,MYH10,myosin heavy chain 10,ENSG00000133026,ENST00000688902,17,6024,3.7798849631926443,False,True,MYH10 [ENST00000688902]
117462,MYH10,myosin heavy chain 10,ENSG00000133026,ENST00000693441,17,6024,3.7798849631926443,False,True,MYH10 [ENST00000693441]
114478,MYH10,myosin heavy chain 10,ENSG00000133026,ENST00000686654,17,6024,3.7798849631926443,False,True,MYH10 [ENST00000686654]
16346,MYH10,myosin heavy chain 10,ENSG00000133026,ENST00000360416,17,6024,3.7798849631926443,False,True,MYH10 [ENST00000360416]
28307,KAT6A,lysine acetyltransferase 6A,ENSG00000083168,ENST00000406337,8,6021,3.779668627207148,True,True,KAT6A [ENST00000406337]
97696,SCN2A,sodium voltage-gated channel alpha subunit 2,ENSG00000136531,ENST00000631182,2,6018,3.7794521834040617,True,True,SCN2A [ENST00000631182]
8051,SCN2A,sodium voltage-gated channel alpha subunit 2,ENSG00000136531,ENST00000283256,2,6018,3.7794521834040617,True,True,SCN2A [ENST00000283256]
100876,SCN2A,sodium voltage-gated channel alpha subunit 2,ENSG00000136531,ENST00000636071,2,6018,3.7794521834040617,True,True,SCN2A [ENST00000636071]
43275,NOTCH4,notch receptor 4,ENSG00000235396,ENST00000437843,CHR_HSCHR6_MHC_COX_CTG1,6018,3.7794521834040617,False,True,NOTCH4 [ENST00000437843]
9997,SMCHD1,structural maintenance of chromosomes flexible hinge domain containing 1,ENSG00000101596,ENST00000320876,18,6018,3.7794521834040617,True,True,SMCHD1 [ENST00000320876]
20951,SCN2A,sodium voltage-gated channel alpha subunit 2,ENSG00000136531,ENST00000375437,2,6018,3.7794521834040617,True,True,SCN2A [ENST00000375437]
100658,SCN2A,sodium voltage-gated channel alpha subunit 2,ENSG00000136531,ENST00000637266,2,6018,3.7794521834040617,True,True,SCN2A [ENST00000637266]
4338,KAT6A,lysine acetyltransferase 6A,ENSG00000083168,ENST00000265713,8,6015,3.7792356316758635,True,True,KAT6A [ENST00000265713]
30259,KAT6A,lysine acetyltransferase 6A,ENSG00000083168,ENST00000396930,8,6015,3.7792356316758635,True,True,KAT6A [ENST00000396930]
113453,SPG11,"SPG11 vesicle trafficking associated, spatacsin",ENSG00000104133,ENST00000683496,15,6015,3.7792356316758635,True,True,SPG11 [ENST00000683496]
42357,NOTCH4,notch receptor 4,ENSG00000223355,ENST00000439349,CHR_HSCHR6_MHC_MCF_CTG1,6012,3.7790189719148706,False,True,NOTCH4 [ENST00000439349]
47585,NOTCH4,notch receptor 4,ENSG00000234876,ENST00000457094,CHR_HSCHR6_MHC_SSTO_CTG1,6012,3.7790189719148706,False,True,NOTCH4 [ENST00000457094]
90347,MYH14,myosin heavy chain 14,ENSG00000105357,ENST00000598205,19,6012,3.7790189719148706,True,True,MYH14 [ENST00000598205]
26683,NOTCH4,notch receptor 4,ENSG00000206312,ENST00000383264,CHR_HSCHR6_MHC_QBL_CTG1,6012,3.7790189719148706,False,True,NOTCH4 [ENST00000383264]
36815,MYH14,myosin heavy chain 14,ENSG00000105357,ENST00000425460,19,6012,3.7790189719148706,True,True,MYH14 [ENST00000425460]
21440,NOTCH4,notch receptor 4,ENSG00000204301,ENST00000375023,6,6012,3.7790189719148706,False,True,NOTCH4 [ENST00000375023]
22915,TET2,tet methylcytosine dioxygenase 2,ENSG00000168769,ENST00000380013,4,6009,3.7788022040132385,True,True,TET2 [ENST00000380013]
66163,TET2,tet methylcytosine dioxygenase 2,ENSG00000168769,ENST00000540549,4,6009,3.7788022040132385,True,True,TET2 [ENST00000540549]
46894,NOTCH4,notch receptor 4,ENSG00000232339,ENST00000454571,CHR_HSCHR6_MHC_MANN_CTG1,6009,3.7788022040132385,False,True,NOTCH4 [ENST00000454571]
40811,MICAL3,"microtubule associated monooxygenase, calponin and LIM domain containing 3",ENSG00000243156,ENST00000441493,22,6009,3.7788022040132385,False,True,MICAL3 [ENST00000441493]
67467,MYO18A,myosin XVIIIA,ENSG00000196535,ENST00000533112,17,6009,3.7788022040132385,False,True,MYO18A [ENST00000533112]
87363,SPTBN4,"spectrin beta, non-erythrocytic 4",ENSG00000160460,ENST00000595535,19,6009,3.7788022040132385,True,True,SPTBN4 [ENST00000595535]
54474,LYST,lysosomal trafficking regulator,ENSG00000143669,ENST00000489585,1,6006,3.778585327862962,True,True,LYST [ENST00000489585]
25070,TANC2,"tetratricopeptide repeat, ankyrin repeat and coiled-coil containing 2",ENSG00000170921,ENST00000389520,17,6003,3.778368343355874,True,True,TANC2 [ENST00000389520]
10782,CHD3,chromodomain helicase DNA binding protein 3,ENSG00000170004,ENST00000330494,17,6003,3.778368343355874,True,True,CHD3 [ENST00000330494]
4656,SCN3A,sodium voltage-gated channel alpha subunit 3,ENSG00000153253,ENST00000283254,2,6003,3.778368343355874,True,True,SCN3A [ENST00000283254]
49472,DOCK8,dedicator of cytokinesis 8,ENSG00000107099,ENST00000469391,9,6000,3.7781512503836434,True,True,DOCK8 [ENST00000469391]
43240,DOCK4,dedicator of cytokinesis 4,ENSG00000128512,ENST00000445943,7,6000,3.7781512503836434,False,True,DOCK4 [ENST00000445943]
32796,SCN5A,sodium voltage-gated channel alpha subunit 5,ENSG00000183873,ENST00000414099,3,5997,3.7779340488377793,True,True,SCN5A [ENST00000414099]
19815,SCN1A,sodium voltage-gated channel alpha subunit 1,ENSG00000144285,ENST00000375405,2,5997,3.7779340488377793,True,True,SCN1A [ENST00000375405]
100167,SCN1A,sodium voltage-gated channel alpha subunit 1,ENSG00000144285,ENST00000635750,2,5997,3.7779340488377793,True,True,SCN1A [ENST00000635750]
101567,SCN1A,sodium voltage-gated channel alpha subunit 1,ENSG00000144285,ENST00000637988,2,5997,3.7779340488377793,True,True,SCN1A [ENST00000637988]
98543,SCN1A,sodium voltage-gated channel alpha subunit 1,ENSG00000144285,ENST00000640036,2,5997,3.7779340488377793,True,True,SCN1A [ENST00000640036]
5429,OTOF,otoferlin,ENSG00000115155,ENST00000272371,2,5994,3.7777167386096258,True,True,OTOF [ENST00000272371]
98666,SCN1A,sodium voltage-gated channel alpha subunit 1,ENSG00000144285,ENST00000641575,2,5994,3.7777167386096258,True,True,SCN1A [ENST00000641575]
30485,OTOF,otoferlin,ENSG00000115155,ENST00000403946,2,5994,3.7777167386096258,True,True,OTOF [ENST00000403946]
3374,PTPRB,protein tyrosine phosphatase receptor type B,ENSG00000127329,ENST00000261266,12,5994,3.7777167386096258,False,True,PTPRB [ENST00000261266]
8220,SHROOM3,shroom family member 3,ENSG00000138771,ENST00000296043,4,5991,3.777499319590365,False,True,SHROOM3 [ENST00000296043]
116459,FANCM,FA complementation group M,ENSG00000187790,ENST00000696649,14,5991,3.777499319590365,True,True,FANCM [ENST00000696649]
26675,MYH14,myosin heavy chain 14,ENSG00000105357,ENST00000376970,19,5988,3.777281791671015,True,True,MYH14 [ENST00000376970]
89051,MYH14,myosin heavy chain 14,ENSG00000105357,ENST00000596571,19,5988,3.777281791671015,True,True,MYH14 [ENST00000596571]
110252,PLCE1,phospholipase C epsilon 1,ENSG00000138193,ENST00000675218,10,5985,3.7770641547424293,True,True,PLCE1 [ENST00000675218]
104331,CHD8,chromodomain helicase DNA binding protein 8,ENSG00000100888,ENST00000646340,14,5985,3.7770641547424293,True,True,CHD8 [ENST00000646340]
20405,PLCE1,phospholipase C epsilon 1,ENSG00000138193,ENST00000371375,10,5985,3.7770641547424293,True,True,PLCE1 [ENST00000371375]
121048,TRIP12,thyroid hormone receptor interactor 12,ENSG00000153827,ENST00000704585,2,5982,3.7768464086952993,True,True,TRIP12 [ENST00000704585]
5522,TRIP12,thyroid hormone receptor interactor 12,ENSG00000153827,ENST00000283943,2,5979,3.7766285534201502,True,True,TRIP12 [ENST00000283943]
90442,SCN8A,sodium voltage-gated channel alpha subunit 8,ENSG00000196876,ENST00000599343,12,5976,3.7764105888073423,True,True,SCN8A [ENST00000599343]
98705,UNC13B,unc-13 homolog B,ENSG00000198722,ENST00000636694,9,5973,3.776192514747072,False,True,UNC13B [ENST00000636694]
108270,MAP2,microtubule associated protein 2,ENSG00000078018,ENST00000673860,2,5973,3.776192514747072,False,True,MAP2 [ENST00000673860]
39162,TANC2,"tetratricopeptide repeat, ankyrin repeat and coiled-coil containing 2",ENSG00000170921,ENST00000424789,17,5973,3.776192514747072,True,True,TANC2 [ENST00000424789]
3246,EXPH5,exophilin 5,ENSG00000110723,ENST00000265843,11,5970,3.775974331129369,True,True,EXPH5 [ENST00000265843]
51892,NIN,ninein,ENSG00000100503,ENST00000476352,14,5970,3.775974331129369,False,True,NIN [ENST00000476352]
23688,ZFC3H1,zinc finger C3H1-type containing,ENSG00000133858,ENST00000378743,12,5970,3.775974331129369,False,True,ZFC3H1 [ENST00000378743]
100787,SCN9A,sodium voltage-gated channel alpha subunit 9,ENSG00000169432,ENST00000642356,2,5967,3.775756037844098,True,True,SCN9A [ENST00000642356]
4718,SCN9A,sodium voltage-gated channel alpha subunit 9,ENSG00000169432,ENST00000303354,2,5967,3.775756037844098,True,True,SCN9A [ENST00000303354]
118288,MYH10,myosin heavy chain 10,ENSG00000133026,ENST00000692526,17,5961,3.7753191218294777,False,True,MYH10 [ENST00000692526]
114822,MYH10,myosin heavy chain 10,ENSG00000133026,ENST00000684843,17,5961,3.7753191218294777,False,True,MYH10 [ENST00000684843]
114874,MYH10,myosin heavy chain 10,ENSG00000133026,ENST00000687178,17,5958,3.775100498879025,False,True,MYH10 [ENST00000687178]
52413,CRYBG2,crystallin beta-gamma domain containing 2,ENSG00000176092,ENST00000475866,1,5958,3.775100498879025,False,True,CRYBG2 [ENST00000475866]
25535,MYH10,myosin heavy chain 10,ENSG00000133026,ENST00000379980,17,5958,3.775100498879025,False,True,MYH10 [ENST00000379980]
120902,SCN3A,sodium voltage-gated channel alpha subunit 3,ENSG00000153253,ENST00000706067,2,5952,3.7746629225378223,True,True,SCN3A [ENST00000706067]
45473,SCN5A,sodium voltage-gated channel alpha subunit 5,ENSG00000183873,ENST00000455624,3,5952,3.7746629225378223,True,True,SCN5A [ENST00000455624]
64384,EXPH5,exophilin 5,ENSG00000110723,ENST00000525344,11,5949,3.774443968924965,True,True,EXPH5 [ENST00000525344]
93605,MYH7B,myosin heavy chain 7B,ENSG00000078814,ENST00000618182,20,5949,3.774443968924965,False,True,MYH7B [ENST00000618182]
26900,SCN1A,sodium voltage-gated channel alpha subunit 1,ENSG00000144285,ENST00000409050,2,5946,3.774224904868919,True,True,SCN1A [ENST00000409050]
116223,MYH9,myosin heavy chain 9,ENSG00000100345,ENST00000685801,22,5946,3.774224904868919,True,True,MYH9 [ENST00000685801]
29140,CACNA1I,calcium voltage-gated channel subunit alpha1 I,ENSG00000100346,ENST00000407673,22,5946,3.774224904868919,True,True,CACNA1I [ENST00000407673]
83842,EPG5,ectopic P-granules 5 autophagy tethering factor,ENSG00000152223,ENST00000592272,18,5946,3.774224904868919,True,True,EPG5 [ENST00000592272]
7827,MCM3AP,minichromosome maintenance complex component 3 associated protein,ENSG00000160294,ENST00000291688,21,5943,3.7740057302582093,True,True,MCM3AP [ENST00000291688]
17671,SCN8A,sodium voltage-gated channel alpha subunit 8,ENSG00000196876,ENST00000354534,12,5943,3.7740057302582093,True,True,SCN8A [ENST00000354534]
106624,SCN8A,sodium voltage-gated channel alpha subunit 8,ENSG00000196876,ENST00000662684,12,5943,3.7740057302582093,True,True,SCN8A [ENST00000662684]
96679,SCN8A,sodium voltage-gated channel alpha subunit 8,ENSG00000196876,ENST00000627620,12,5943,3.7740057302582093,True,True,SCN8A [ENST00000627620]
26869,MCM3AP,minichromosome maintenance complex component 3 associated protein,ENSG00000160294,ENST00000397708,21,5943,3.7740057302582093,True,True,MCM3AP [ENST00000397708]
76462,FANCM,FA complementation group M,ENSG00000187790,ENST00000556250,14,5940,3.7737864449811935,True,True,FANCM [ENST00000556250]
3344,TRIP11,thyroid hormone receptor interactor 11,ENSG00000100815,ENST00000267622,14,5940,3.7737864449811935,True,True,TRIP11 [ENST00000267622]
27817,MYH11,myosin heavy chain 11,ENSG00000133392,ENST00000396324,16,5940,3.7737864449811935,True,True,MYH11 [ENST00000396324]
100871,SCN3A,sodium voltage-gated channel alpha subunit 3,ENSG00000153253,ENST00000639244,2,5940,3.7737864449811935,True,True,SCN3A [ENST00000639244]
91425,MYH11,myosin heavy chain 11,ENSG00000276480,ENST00000621545,CHR_HSCHR16_1_CTG1,5940,3.7737864449811935,True,True,MYH11 [ENST00000621545]
33379,ZNF638,zinc finger protein 638,ENSG00000075292,ENST00000409544,2,5937,3.7735670489260587,False,True,ZNF638 [ENST00000409544]
4459,ZNF638,zinc finger protein 638,ENSG00000075292,ENST00000264447,2,5937,3.7735670489260587,False,True,ZNF638 [ENST00000264447]
115004,PLCE1,phospholipase C epsilon 1,ENSG00000138193,ENST00000688810,10,5937,3.7735670489260587,True,True,PLCE1 [ENST00000688810]
24762,TP53BP1,tumor protein p53 binding protein 1,ENSG00000067369,ENST00000382044,15,5934,3.773347541980823,False,True,TP53BP1 [ENST00000382044]
104701,SCN9A,sodium voltage-gated channel alpha subunit 9,ENSG00000169432,ENST00000645907,2,5934,3.773347541980823,True,True,SCN9A [ENST00000645907]
74565,EML5,EMAP like 5,ENSG00000165521,ENST00000554922,14,5934,3.773347541980823,False,True,EML5 [ENST00000554922]
34207,SCN9A,sodium voltage-gated channel alpha subunit 9,ENSG00000169432,ENST00000409672,2,5934,3.773347541980823,True,True,SCN9A [ENST00000409672]
18420,CACNA1F,calcium voltage-gated channel subunit alpha1 F,ENSG00000102001,ENST00000376265,X,5934,3.773347541980823,True,True,CACNA1F [ENST00000376265]
8652,MYH10,myosin heavy chain 10,ENSG00000133026,ENST00000269243,17,5931,3.773127924033335,False,True,MYH10 [ENST00000269243]
11770,FRAS1,Fraser extracellular matrix complex subunit 1,ENSG00000138759,ENST00000325942,4,5931,3.773127924033335,True,True,FRAS1 [ENST00000325942]
48582,TP53BP1,tumor protein p53 binding protein 1,ENSG00000067369,ENST00000450115,15,5928,3.7729081949712717,False,True,TP53BP1 [ENST00000450115]
39986,DOCK4,dedicator of cytokinesis 4,ENSG00000128512,ENST00000428084,7,5928,3.7729081949712717,False,True,DOCK4 [ENST00000428084]
109286,WNK1,WNK lysine deficient protein kinase 1,ENSG00000060237,ENST00000675631,12,5928,3.7729081949712717,True,True,WNK1 [ENST00000675631]
14250,CKAP5,cytoskeleton associated protein 5,ENSG00000175216,ENST00000354558,11,5919,3.7722483399718536,False,True,CKAP5 [ENST00000354558]
4721,CKAP5,cytoskeleton associated protein 5,ENSG00000175216,ENST00000312055,11,5919,3.7722483399718536,False,True,CKAP5 [ENST00000312055]
4495,TP53BP1,tumor protein p53 binding protein 1,ENSG00000067369,ENST00000263801,15,5919,3.7722483399718536,False,True,TP53BP1 [ENST00000263801]
5114,MYH11,myosin heavy chain 11,ENSG00000133392,ENST00000300036,16,5919,3.7722483399718536,True,True,MYH11 [ENST00000300036]
16975,DMD,dystrophin,ENSG00000198947,ENST00000358062,X,5919,3.7722483399718536,True,True,DMD [ENST00000358062]
95536,MYH11,myosin heavy chain 11,ENSG00000276480,ENST00000634050,CHR_HSCHR16_1_CTG1,5919,3.7722483399718536,True,True,MYH11 [ENST00000634050]
108323,CASP8AP2,caspase 8 associated protein 2,ENSG00000288475,ENST00000673299,CHR_HG2121_PATCH,5916,3.772028165324855,False,True,CASP8AP2 [ENST00000673299]
116484,MTCL1,microtubule crosslinking factor 1,ENSG00000168502,ENST00000695635,18,5913,3.771807878999106,False,True,MTCL1 [ENST00000695635]
103365,POLR2A,RNA polymerase II subunit A,ENSG00000284832,ENST00000643490,CHR_HG2046_PATCH,5913,3.771807878999106,True,True,POLR2A [ENST00000643490]
102984,POLR2A,RNA polymerase II subunit A,ENSG00000284832,ENST00000645939,CHR_HG2046_PATCH,5913,3.771807878999106,True,True,POLR2A [ENST00000645939]
107820,POLR2A,RNA polymerase II subunit A,ENSG00000181222,ENST00000674977,17,5913,3.771807878999106,True,True,POLR2A [ENST00000674977]
115482,SPG11,"SPG11 vesicle trafficking associated, spatacsin",ENSG00000104133,ENST00000683734,15,5910,3.7715874808812555,True,True,SPG11 [ENST00000683734]
24291,EML5,EMAP like 5,ENSG00000165521,ENST00000380664,14,5910,3.7715874808812555,False,True,EML5 [ENST00000380664]
35446,C2CD3,C2 domain containing 3 centriole elongation regulator,ENSG00000168014,ENST00000414160,11,5907,3.771366970857781,True,True,C2CD3 [ENST00000414160]
89398,ADPRHL1,ADP-ribosylhydrolase like 1,ENSG00000153531,ENST00000612156,13,5904,3.7711463488149852,False,True,ADPRHL1 [ENST00000612156]
82164,GREB1L,GREB1 like retinoic acid receptor coactivator,ENSG00000141449,ENST00000579454,18,5901,3.7709256146389993,True,True,GREB1L [ENST00000579454]
13266,CACNA1F,calcium voltage-gated channel subunit alpha1 F,ENSG00000102001,ENST00000323022,X,5901,3.7709256146389993,True,True,CACNA1F [ENST00000323022]
43479,DOCK4,dedicator of cytokinesis 4,ENSG00000128512,ENST00000437633,7,5901,3.7709256146389993,False,True,DOCK4 [ENST00000437633]
92491,SETD1B,"SET domain containing 1B, histone lysine methyltransferase",ENSG00000139718,ENST00000619791,12,5901,3.7709256146389993,True,True,SETD1B [ENST00000619791]
15171,CHD3,chromodomain helicase DNA binding protein 3,ENSG00000170004,ENST00000358181,17,5901,3.7709256146389993,True,True,CHD3 [ENST00000358181]
88525,SETD1B,"SET domain containing 1B, histone lysine methyltransferase",ENSG00000139718,ENST00000604567,12,5901,3.7709256146389993,True,True,SETD1B [ENST00000604567]
113314,ARHGAP21,Rho GTPase activating protein 21,ENSG00000107863,ENST00000680286,10,5898,3.7707047682157793,False,True,ARHGAP21 [ENST00000680286]
106525,SCN10A,sodium voltage-gated channel alpha subunit 10,ENSG00000185313,ENST00000655275,3,5895,3.770483809431108,True,True,SCN10A [ENST00000655275]
9127,C2CD3,C2 domain containing 3 centriole elongation regulator,ENSG00000168014,ENST00000313663,11,5892,3.7702627381705933,True,True,C2CD3 [ENST00000313663]
73260,CASP8AP2,caspase 8 associated protein 2,ENSG00000118412,ENST00000551025,6,5892,3.7702627381705933,False,True,CASP8AP2 [ENST00000551025]
105455,AGRN,agrin,ENSG00000188157,ENST00000651234,1,5892,3.7702627381705933,True,True,AGRN [ENST00000651234]
18038,PCDH15,protocadherin related 15,ENSG00000150275,ENST00000373957,10,5889,3.770041554319669,True,True,PCDH15 [ENST00000373957]
107225,TNRC6A,trinucleotide repeat containing adaptor 6A,ENSG00000288130,ENST00000673084,CHR_HG2471_PATCH,5889,3.770041554319669,False,True,TNRC6A [ENST00000673084]
46320,SCN5A,sodium voltage-gated channel alpha subunit 5,ENSG00000183873,ENST00000450102,3,5889,3.770041554319669,True,True,SCN5A [ENST00000450102]
26840,TNRC6A,trinucleotide repeat containing adaptor 6A,ENSG00000090905,ENST00000395799,16,5889,3.770041554319669,False,True,TNRC6A [ENST00000395799]
46796,SCN5A,sodium voltage-gated channel alpha subunit 5,ENSG00000183873,ENST00000449557,3,5889,3.770041554319669,True,True,SCN5A [ENST00000449557]
89553,TNXB,tenascin XB,ENSG00000168477,ENST00000611016,6,5889,3.770041554319669,True,True,TNXB [ENST00000611016]
115171,SMCHD1,structural maintenance of chromosomes flexible hinge domain containing 1,ENSG00000101596,ENST00000688342,18,5886,3.769820257763592,True,True,SMCHD1 [ENST00000688342]
93449,TCF20,transcription factor 20,ENSG00000276461,ENST00000621408,CHR_HSCHR22_3_CTG1,5883,3.7695988483874463,True,True,TCF20 [ENST00000621408]
95716,TCF20,transcription factor 20,ENSG00000280467,ENST00000628774,CHR_HSCHR22_4_CTG1,5883,3.7695988483874463,True,True,TCF20 [ENST00000628774]
95145,TCF20,transcription factor 20,ENSG00000281897,ENST00000626726,CHR_HSCHR22_5_CTG1,5883,3.7695988483874463,True,True,TCF20 [ENST00000626726]
78740,TCF20,transcription factor 20,ENSG00000262024,ENST00000574943,CHR_HSCHR22_1_CTG1,5883,3.7695988483874463,True,True,TCF20 [ENST00000574943]
17744,PLCE1,phospholipase C epsilon 1,ENSG00000138193,ENST00000371385,10,5883,3.7695988483874463,True,True,PLCE1 [ENST00000371385]
109011,TCF20,transcription factor 20,ENSG00000100207,ENST00000677622,22,5883,3.7695988483874463,True,True,TCF20 [ENST00000677622]
101465,TCF20,transcription factor 20,ENSG00000282892,ENST00000635146,CHR_HSCHR22_7_CTG1,5883,3.7695988483874463,True,True,TCF20 [ENST00000635146]
116035,TCF20,transcription factor 20,ENSG00000100207,ENST00000683686,22,5883,3.7695988483874463,True,True,TCF20 [ENST00000683686]
443,MYH9,myosin heavy chain 9,ENSG00000100345,ENST00000216181,22,5883,3.7695988483874463,True,True,MYH9 [ENST00000216181]
16316,TCF20,transcription factor 20,ENSG00000100207,ENST00000359486,22,5883,3.7695988483874463,True,True,TCF20 [ENST00000359486]
96176,TCF20,transcription factor 20,ENSG00000283026,ENST00000634616,CHR_HSCHR22_6_CTG1,5883,3.7695988483874463,True,True,TCF20 [ENST00000634616]
115819,KMT2C,lysine methyltransferase 2C,ENSG00000055609,ENST00000683625,7,5883,3.7695988483874463,True,True,KMT2C [ENST00000683625]
100545,TCF20,transcription factor 20,ENSG00000283681,ENST00000636799,CHR_HSCHR22_8_CTG1,5883,3.7695988483874463,True,True,TCF20 [ENST00000636799]
14970,EML6,EMAP like 6,ENSG00000214595,ENST00000356458,2,5877,3.7691556907143986,False,True,EML6 [ENST00000356458]
28037,ARHGAP21,Rho GTPase activating protein 21,ENSG00000107863,ENST00000396432,10,5877,3.7691556907143986,False,True,ARHGAP21 [ENST00000396432]
40100,DENND4C,DENN domain containing 4C,ENSG00000137145,ENST00000434457,9,5877,3.7691556907143986,False,True,DENND4C [ENST00000434457]
103466,MICAL2,"microtubule associated monooxygenase, calponin and LIM domain containing 2",ENSG00000133816,ENST00000646065,11,5874,3.7689339421867816,False,True,MICAL2 [ENST00000646065]
14504,PCDH15,protocadherin related 15,ENSG00000150275,ENST00000361849,10,5874,3.7689339421867816,True,True,PCDH15 [ENST00000361849]
48833,SCN10A,sodium voltage-gated channel alpha subunit 10,ENSG00000185313,ENST00000449082,3,5871,3.7687120803776635,True,True,SCN10A [ENST00000449082]
13895,PCDH15,protocadherin related 15,ENSG00000150275,ENST00000320301,10,5868,3.768490105171245,True,True,PCDH15 [ENST00000320301]
102749,SCN10A,sodium voltage-gated channel alpha subunit 10,ENSG00000185313,ENST00000643924,3,5868,3.768490105171245,True,True,SCN10A [ENST00000643924]
4068,CHD5,chromodomain helicase DNA binding protein 5,ENSG00000116254,ENST00000262450,1,5865,3.768268016451548,True,True,CHD5 [ENST00000262450]
96885,KIF26B,kinesin family member 26B,ENSG00000281216,ENST00000629409,CHR_HSCHR1_1_CTG32_1,5865,3.768268016451548,False,True,KIF26B [ENST00000629409]
28555,THADA,THADA armadillo repeat containing,ENSG00000115970,ENST00000405006,2,5862,3.768045814102417,False,True,THADA [ENST00000405006]
120811,ANK1,ankyrin 1,ENSG00000029534,ENST00000705521,8,5862,3.768045814102417,True,True,ANK1 [ENST00000705521]
27776,THADA,THADA armadillo repeat containing,ENSG00000115970,ENST00000405975,2,5862,3.768045814102417,False,True,THADA [ENST00000405975]
48938,PLXNB1,plexin B1,ENSG00000164050,ENST00000456774,3,5859,3.767823498007517,False,True,PLXNB1 [ENST00000456774]
27191,PCDH15,protocadherin related 15,ENSG00000150275,ENST00000395430,10,5859,3.767823498007517,True,True,PCDH15 [ENST00000395430]
27623,SCN3A,sodium voltage-gated channel alpha subunit 3,ENSG00000153253,ENST00000409101,2,5856,3.7676010680503356,True,True,SCN3A [ENST00000409101]
39587,KIAA1549,KIAA1549,ENSG00000122778,ENST00000422774,7,5853,3.7673785241141804,True,True,KIAA1549 [ENST00000422774]
25212,GREB1,growth regulating estrogen receptor binding 1,ENSG00000196208,ENST00000381486,2,5850,3.7671558660821804,False,True,GREB1 [ENST00000381486]
1707,GREB1,growth regulating estrogen receptor binding 1,ENSG00000196208,ENST00000234142,2,5850,3.7671558660821804,False,True,GREB1 [ENST00000234142]
20792,ARHGAP21,Rho GTPase activating protein 21,ENSG00000107863,ENST00000376410,10,5847,3.766933093837284,False,True,ARHGAP21 [ENST00000376410]
82685,PTPRS,protein tyrosine phosphatase receptor type S,ENSG00000105426,ENST00000587303,19,5847,3.766933093837284,False,True,PTPRS [ENST00000587303]
4345,PTPRS,protein tyrosine phosphatase receptor type S,ENSG00000105426,ENST00000262963,19,5847,3.766933093837284,False,True,PTPRS [ENST00000262963]
47745,MYH11,myosin heavy chain 11,ENSG00000133392,ENST00000452625,16,5838,3.7662640906519957,True,True,MYH11 [ENST00000452625]
88189,MYH11,myosin heavy chain 11,ENSG00000276480,ENST00000612165,CHR_HSCHR16_1_CTG1,5838,3.7662640906519957,True,True,MYH11 [ENST00000612165]
98639,TNRC6C,trinucleotide repeat containing adaptor 6C,ENSG00000078687,ENST00000636222,17,5835,3.766040860381389,False,True,TNRC6C [ENST00000636222]
9931,ANAPC1,anaphase promoting complex subunit 1,ENSG00000153107,ENST00000341068,2,5835,3.766040860381389,True,True,ANAPC1 [ENST00000341068]
18367,KIAA1217,KIAA1217,ENSG00000120549,ENST00000376454,10,5832,3.765817515309918,False,True,KIAA1217 [ENST00000376454]
108811,ANK2,ankyrin 2,ENSG00000145362,ENST00000671793,4,5832,3.765817515309918,True,True,ANK2 [ENST00000671793]
94530,TCHH,trichohyalin,ENSG00000159450,ENST00000614923,1,5832,3.765817515309918,False,True,TCHH [ENST00000614923]
85840,HELZ,helicase with zinc finger,ENSG00000198265,ENST00000580168,17,5832,3.765817515309918,False,True,HELZ [ENST00000580168]
16121,HELZ,helicase with zinc finger,ENSG00000198265,ENST00000358691,17,5829,3.765594055319445,False,True,HELZ [ENST00000358691]
4195,MYH7B,myosin heavy chain 7B,ENSG00000078814,ENST00000262873,20,5826,3.7653704802916486,False,True,MYH7B [ENST00000262873]
30858,MYH2,myosin heavy chain 2,ENSG00000125414,ENST00000397183,17,5826,3.7653704802916486,True,True,MYH2 [ENST00000397183]
2112,MYH2,myosin heavy chain 2,ENSG00000125414,ENST00000245503,17,5826,3.7653704802916486,True,True,MYH2 [ENST00000245503]
31367,WDR81,WD repeat domain 81,ENSG00000167716,ENST00000409644,17,5826,3.7653704802916486,True,True,WDR81 [ENST00000409644]
106359,AGRN,agrin,ENSG00000188157,ENST00000652369,1,5823,3.7651467901080253,True,True,AGRN [ENST00000652369]
84886,MYH3,myosin heavy chain 3,ENSG00000109063,ENST00000583535,17,5823,3.7651467901080253,True,True,MYH3 [ENST00000583535]
97983,WDR81,WD repeat domain 81,ENSG00000276021,ENST00000632244,CHR_HSCHR17_1_CTG2,5823,3.7651467901080253,True,True,WDR81 [ENST00000632244]
103412,CHD4,chromodomain helicase DNA binding protein 4,ENSG00000111642,ENST00000645095,12,5823,3.7651467901080253,True,True,CHD4 [ENST00000645095]
27643,MYH6,myosin heavy chain 6,ENSG00000197616,ENST00000405093,14,5820,3.7649229846498886,True,True,MYH6 [ENST00000405093]
716,MYH1,myosin heavy chain 1,ENSG00000109061,ENST00000226207,17,5820,3.7649229846498886,False,True,MYH1 [ENST00000226207]
107237,SCN8A,sodium voltage-gated channel alpha subunit 8,ENSG00000196876,ENST00000668547,12,5820,3.7649229846498886,True,True,SCN8A [ENST00000668547]
73036,SCN8A,sodium voltage-gated channel alpha subunit 8,ENSG00000196876,ENST00000545061,12,5820,3.7649229846498886,True,True,SCN8A [ENST00000545061]
16942,SCN8A,sodium voltage-gated channel alpha subunit 8,ENSG00000196876,ENST00000355133,12,5820,3.7649229846498886,True,True,SCN8A [ENST00000355133]
2507,MYH4,myosin heavy chain 4,ENSG00000264424,ENST00000255381,17,5820,3.7649229846498886,False,True,MYH4 [ENST00000255381]
82552,MYH11,myosin heavy chain 11,ENSG00000133392,ENST00000576790,16,5817,3.7646990637983677,True,True,MYH11 [ENST00000576790]
25784,ATG2A,autophagy related 2A,ENSG00000110046,ENST00000377264,11,5817,3.7646990637983677,False,True,ATG2A [ENST00000377264]
13692,TCF20,transcription factor 20,ENSG00000100207,ENST00000335626,22,5817,3.7646990637983677,True,True,TCF20 [ENST00000335626]
81296,TCF20,transcription factor 20,ENSG00000262024,ENST00000576946,CHR_HSCHR22_1_CTG1,5817,3.7646990637983677,True,True,TCF20 [ENST00000576946]
96581,TCF20,transcription factor 20,ENSG00000281897,ENST00000629538,CHR_HSCHR22_5_CTG1,5817,3.7646990637983677,True,True,TCF20 [ENST00000629538]
35213,MYH13,myosin heavy chain 13,ENSG00000006788,ENST00000418404,17,5817,3.7646990637983677,False,True,MYH13 [ENST00000418404]
101811,TCF20,transcription factor 20,ENSG00000283026,ENST00000635421,CHR_HSCHR22_6_CTG1,5817,3.7646990637983677,True,True,TCF20 [ENST00000635421]
92014,MYH13,myosin heavy chain 13,ENSG00000006788,ENST00000621918,17,5817,3.7646990637983677,False,True,MYH13 [ENST00000621918]
96236,TCF20,transcription factor 20,ENSG00000280467,ENST00000626486,CHR_HSCHR22_4_CTG1,5817,3.7646990637983677,True,True,TCF20 [ENST00000626486]
95712,TCF20,transcription factor 20,ENSG00000282892,ENST00000634489,CHR_HSCHR22_7_CTG1,5817,3.7646990637983677,True,True,TCF20 [ENST00000634489]
99848,TCF20,transcription factor 20,ENSG00000283681,ENST00000637355,CHR_HSCHR22_8_CTG1,5817,3.7646990637983677,True,True,TCF20 [ENST00000637355]
94029,TCF20,transcription factor 20,ENSG00000276461,ENST00000619505,CHR_HSCHR22_3_CTG1,5817,3.7646990637983677,True,True,TCF20 [ENST00000619505]
1444,MYH13,myosin heavy chain 13,ENSG00000006788,ENST00000252172,17,5817,3.7646990637983677,False,True,MYH13 [ENST00000252172]
112236,C2CD3,C2 domain containing 3 centriole elongation regulator,ENSG00000168014,ENST00000681310,11,5817,3.7646990637983677,True,True,C2CD3 [ENST00000681310]
92651,MYH11,myosin heavy chain 11,ENSG00000276480,ENST00000616422,CHR_HSCHR16_1_CTG1,5817,3.7646990637983677,True,True,MYH11 [ENST00000616422]
29013,MYH8,myosin heavy chain 8,ENSG00000133020,ENST00000403437,17,5814,3.764475027434409,True,True,MYH8 [ENST00000403437]
120829,TRRAP,transformation/transcription domain associated protein,ENSG00000196367,ENST00000704588,7,5814,3.764475027434409,True,True,TRRAP [ENST00000704588]
66019,C2CD3,C2 domain containing 3 centriole elongation regulator,ENSG00000168014,ENST00000538361,11,5814,3.764475027434409,True,True,C2CD3 [ENST00000538361]
70783,CHD4,chromodomain helicase DNA binding protein 4,ENSG00000111642,ENST00000544484,12,5814,3.764475027434409,True,True,CHD4 [ENST00000544484]
118331,TNRC6C,trinucleotide repeat containing adaptor 6C,ENSG00000078687,ENST00000696270,17,5811,3.764250875438773,False,True,TNRC6C [ENST00000696270]
22340,DOCK8,dedicator of cytokinesis 8,ENSG00000107099,ENST00000382329,9,5811,3.764250875438773,True,True,DOCK8 [ENST00000382329]
55907,ADAMTS9,ADAM metallopeptidase with thrombospondin type 1 motif 9,ENSG00000163638,ENST00000498707,3,5808,3.7640266076920375,False,True,ADAMTS9 [ENST00000498707]
16625,MYH7,myosin heavy chain 7,ENSG00000092054,ENST00000355349,14,5808,3.7640266076920375,True,True,MYH7 [ENST00000355349]
31122,TDRD15,tudor domain containing 15,ENSG00000218819,ENST00000405799,2,5805,3.7638022240745928,False,True,TDRD15 [ENST00000405799]
44095,KIAA1549,KIAA1549,ENSG00000122778,ENST00000440172,7,5805,3.7638022240745928,True,True,KIAA1549 [ENST00000440172]
92139,TDRD15,tudor domain containing 15,ENSG00000218819,ENST00000622654,2,5805,3.7638022240745928,False,True,TDRD15 [ENST00000622654]
68674,PLXNB3,plexin B3,ENSG00000198753,ENST00000538966,X,5799,3.7633531087482153,False,True,PLXNB3 [ENST00000538966]
29085,PCDH15,protocadherin related 15,ENSG00000150275,ENST00000395433,10,5799,3.7633531087482153,True,True,PCDH15 [ENST00000395433]
58446,CEP192,centrosomal protein 192,ENSG00000101639,ENST00000510237,18,5796,3.763128376799137,False,True,CEP192 [ENST00000510237]
107824,ANK2,ankyrin 2,ENSG00000145362,ENST00000671727,4,5796,3.763128376799137,True,True,ANK2 [ENST00000671727]
57756,ANKRD31,ankyrin repeat domain 31,ENSG00000145700,ENST00000506364,5,5793,3.762903528499057,False,True,ANKRD31 [ENST00000506364]
91671,AGRN,agrin,ENSG00000188157,ENST00000620552,1,5793,3.762903528499057,True,True,AGRN [ENST00000620552]
36225,TNC,tenascin C,ENSG00000041982,ENST00000423613,9,5787,3.762453482363547,True,True,TNC [ENST00000423613]
3875,LCT,lactase,ENSG00000115850,ENST00000264162,2,5784,3.7622282842864743,True,True,LCT [ENST00000264162]
26403,TP53BP1,tumor protein p53 binding protein 1,ENSG00000067369,ENST00000382039,15,5784,3.7622282842864743,False,True,TP53BP1 [ENST00000382039]
5924,MYH15,myosin heavy chain 15,ENSG00000144821,ENST00000273353,3,5781,3.7620029693751156,False,True,MYH15 [ENST00000273353]
118209,MYH15,myosin heavy chain 15,ENSG00000144821,ENST00000693548,3,5781,3.7620029693751156,False,True,MYH15 [ENST00000693548]
46801,CFAP65,cilia and flagella associated protein 65,ENSG00000181378,ENST00000453220,2,5778,3.7617775375081783,True,True,CFAP65 [ENST00000453220]
11693,CFAP65,cilia and flagella associated protein 65,ENSG00000181378,ENST00000341552,2,5778,3.7617775375081783,True,True,CFAP65 [ENST00000341552]
10381,PLXND1,plexin D1,ENSG00000004399,ENST00000324093,3,5778,3.7617775375081783,True,True,PLXND1 [ENST00000324093]
115882,MYLK,myosin light chain kinase,ENSG00000065534,ENST00000687848,3,5775,3.761551988564182,True,True,MYLK [ENST00000687848]
86710,GREB1L,GREB1 like retinoic acid receptor coactivator,ENSG00000141449,ENST00000580732,18,5772,3.7613263224214566,True,True,GREB1L [ENST00000580732]
36804,GREB1L,GREB1 like retinoic acid receptor coactivator,ENSG00000141449,ENST00000424526,18,5772,3.7613263224214566,True,True,GREB1L [ENST00000424526]
70245,SETD1B,"SET domain containing 1B, histone lysine methyltransferase",ENSG00000139718,ENST00000542440,12,5772,3.7613263224214566,True,True,SETD1B [ENST00000542440]
63376,DICER1,"dicer 1, ribonuclease III",ENSG00000100697,ENST00000526495,14,5769,3.7611005389581424,True,True,DICER1 [ENST00000526495]
66316,DICER1,"dicer 1, ribonuclease III",ENSG00000100697,ENST00000531162,14,5769,3.7611005389581424,True,True,DICER1 [ENST00000531162]
108283,DICER1,"dicer 1, ribonuclease III",ENSG00000100697,ENST00000674628,14,5769,3.7611005389581424,True,True,DICER1 [ENST00000674628]
10016,DICER1,"dicer 1, ribonuclease III",ENSG00000100697,ENST00000343455,14,5769,3.7611005389581424,True,True,DICER1 [ENST00000343455]
64993,DICER1,"dicer 1, ribonuclease III",ENSG00000100697,ENST00000527414,14,5769,3.7611005389581424,True,True,DICER1 [ENST00000527414]
62407,DICER1,"dicer 1, ribonuclease III",ENSG00000100697,ENST00000529720,14,5769,3.7611005389581424,True,True,DICER1 [ENST00000529720]
26058,DICER1,"dicer 1, ribonuclease III",ENSG00000100697,ENST00000393063,14,5769,3.7611005389581424,True,True,DICER1 [ENST00000393063]
43005,C2CD3,C2 domain containing 3 centriole elongation regulator,ENSG00000168014,ENST00000442398,11,5766,3.760874638052189,True,True,C2CD3 [ENST00000442398]
102665,CHD4,chromodomain helicase DNA binding protein 4,ENSG00000111642,ENST00000642879,12,5763,3.760648619581356,True,True,CHD4 [ENST00000642879]
94772,DLG5,discs large MAGUK scaffold protein 5,ENSG00000274429,ENST00000614211,CHR_HSCHR10_1_CTG4,5760,3.760422483423212,False,True,DLG5 [ENST00000614211]
20121,DLG5,discs large MAGUK scaffold protein 5,ENSG00000151208,ENST00000372391,10,5760,3.760422483423212,False,True,DLG5 [ENST00000372391]
29514,ZNFX1,zinc finger NFX1-type containing 1,ENSG00000124201,ENST00000396105,20,5757,3.760196229455134,True,True,ZNFX1 [ENST00000396105]
21813,ZNFX1,zinc finger NFX1-type containing 1,ENSG00000124201,ENST00000371752,20,5757,3.760196229455134,True,True,ZNFX1 [ENST00000371752]
102588,SHROOM3,shroom family member 3,ENSG00000138771,ENST00000646790,4,5748,3.759516759462188,False,True,SHROOM3 [ENST00000646790]
106928,ANK2,ankyrin 2,ENSG00000145362,ENST00000671762,4,5748,3.759516759462188,True,True,ANK2 [ENST00000671762]
31832,ANKRD36,ankyrin repeat domain 36,ENSG00000135976,ENST00000420699,2,5748,3.759516759462188,False,True,ANKRD36 [ENST00000420699]
49726,ANKRD36,ankyrin repeat domain 36,ENSG00000135976,ENST00000461153,2,5748,3.759516759462188,False,True,ANKRD36 [ENST00000461153]
99970,DENND4A,DENN domain containing 4A,ENSG00000174485,ENST00000635620,15,5748,3.759516759462188,False,True,DENND4A [ENST00000635620]
101451,SCN1A,sodium voltage-gated channel alpha subunit 1,ENSG00000144285,ENST00000641603,2,5748,3.759516759462188,True,True,SCN1A [ENST00000641603]
105570,ANKRD36,ankyrin repeat domain 36,ENSG00000135976,ENST00000652721,2,5748,3.759516759462188,False,True,ANKRD36 [ENST00000652721]
115676,MYLK,myosin light chain kinase,ENSG00000065534,ENST00000686761,3,5745,3.759290033024304,True,True,MYLK [ENST00000686761]
119557,KIF26A,kinesin family member 26A,ENSG00000066735,ENST00000697132,14,5745,3.759290033024304,True,True,KIF26A [ENST00000697132]
17334,MYLK,myosin light chain kinase,ENSG00000065534,ENST00000360304,3,5745,3.759290033024304,True,True,MYLK [ENST00000360304]
19937,RLF,RLF zinc finger,ENSG00000117000,ENST00000372771,1,5745,3.759290033024304,False,True,RLF [ENST00000372771]
104869,CHD4,chromodomain helicase DNA binding protein 4,ENSG00000111642,ENST00000645005,12,5745,3.759290033024304,True,True,CHD4 [ENST00000645005]
115609,MYLK,myosin light chain kinase,ENSG00000065534,ENST00000686406,3,5742,3.759063188160487,True,True,MYLK [ENST00000686406]
107178,TNRC6A,trinucleotide repeat containing adaptor 6A,ENSG00000288130,ENST00000672933,CHR_HG2471_PATCH,5742,3.759063188160487,False,True,TNRC6A [ENST00000672933]
7539,TNRC6A,trinucleotide repeat containing adaptor 6A,ENSG00000090905,ENST00000315183,16,5742,3.759063188160487,False,True,TNRC6A [ENST00000315183]
70018,PTPRD,protein tyrosine phosphatase receptor type D,ENSG00000153707,ENST00000540109,9,5739,3.7588362247469584,False,True,PTPRD [ENST00000540109]
95384,PTPRD,protein tyrosine phosphatase receptor type D,ENSG00000282932,ENST00000634556,CHR_HSCHR9_1_CTG6,5739,3.7588362247469584,False,True,PTPRD [ENST00000634556]
96529,PTPRD,protein tyrosine phosphatase receptor type D,ENSG00000282932,ENST00000635012,CHR_HSCHR9_1_CTG6,5739,3.7588362247469584,False,True,PTPRD [ENST00000635012]
97112,PTPRD,protein tyrosine phosphatase receptor type D,ENSG00000282932,ENST00000634608,CHR_HSCHR9_1_CTG6,5739,3.7588362247469584,False,True,PTPRD [ENST00000634608]
23431,PTPRD,protein tyrosine phosphatase receptor type D,ENSG00000153707,ENST00000381196,9,5739,3.7588362247469584,False,True,PTPRD [ENST00000381196]
74101,CHD4,chromodomain helicase DNA binding protein 4,ENSG00000111642,ENST00000544040,12,5739,3.7588362247469584,True,True,CHD4 [ENST00000544040]
21234,CACNA1F,calcium voltage-gated channel subunit alpha1 F,ENSG00000102001,ENST00000376251,X,5739,3.7588362247469584,True,True,CACNA1F [ENST00000376251]
15393,PTPRD,protein tyrosine phosphatase receptor type D,ENSG00000153707,ENST00000356435,9,5739,3.7588362247469584,False,True,PTPRD [ENST00000356435]
39270,AK9,adenylate kinase 9,ENSG00000155085,ENST00000424296,6,5736,3.758609142659744,False,True,AK9 [ENST00000424296]
82684,PTPRS,protein tyrosine phosphatase receptor type S,ENSG00000105426,ENST00000588012,19,5733,3.758381941774675,False,True,PTPRS [ENST00000588012]
73701,ZFC3H1,zinc finger C3H1-type containing,ENSG00000133858,ENST00000552994,12,5733,3.758381941774675,False,True,ZFC3H1 [ENST00000552994]
4448,TICRR,TOPBP1 interacting checkpoint and replication regulator,ENSG00000140534,ENST00000268138,15,5733,3.758381941774675,False,True,TICRR [ENST00000268138]
25939,ADAMTS20,ADAM metallopeptidase with thrombospondin type 1 motif 20,ENSG00000173157,ENST00000389420,12,5733,3.758381941774675,False,True,ADAMTS20 [ENST00000389420]
107639,ANK2,ankyrin 2,ENSG00000145362,ENST00000673430,4,5733,3.758381941774675,True,True,ANK2 [ENST00000673430]
77685,TICRR,TOPBP1 interacting checkpoint and replication regulator,ENSG00000140534,ENST00000560985,15,5730,3.75815462196739,False,True,TICRR [ENST00000560985]
88235,DENND4C,DENN domain containing 4C,ENSG00000137145,ENST00000602925,9,5730,3.75815462196739,False,True,DENND4C [ENST00000602925]
15557,PLXNB3,plexin B3,ENSG00000198753,ENST00000361971,X,5730,3.75815462196739,False,True,PLXNB3 [ENST00000361971]
30977,NCKAP5,NCK associated protein 5,ENSG00000176771,ENST00000409261,2,5730,3.75815462196739,False,True,NCKAP5 [ENST00000409261]
106346,PTPRZ1,protein tyrosine phosphatase receptor type Z1,ENSG00000106278,ENST00000651842,7,5727,3.7579271831133294,False,True,PTPRZ1 [ENST00000651842]
105720,PTPRZ1,protein tyrosine phosphatase receptor type Z1,ENSG00000106278,ENST00000651390,7,5727,3.7579271831133294,False,True,PTPRZ1 [ENST00000651390]
119758,TRIO,trio Rho guanine nucleotide exchange factor,ENSG00000038382,ENST00000698541,5,5727,3.7579271831133294,True,True,TRIO [ENST00000698541]
6081,ADAMTS9,ADAM metallopeptidase with thrombospondin type 1 motif 9,ENSG00000163638,ENST00000295903,3,5724,3.7576996250877386,False,True,ADAMTS9 [ENST00000295903]
114586,TAF1,TATA-box binding protein associated factor 1,ENSG00000147133,ENST00000683782,X,5724,3.7576996250877386,True,True,TAF1 [ENST00000683782]
42677,DENND4A,DENN domain containing 4A,ENSG00000174485,ENST00000443035,15,5724,3.7576996250877386,False,True,DENND4A [ENST00000443035]
69461,PTPRB,protein tyrosine phosphatase receptor type B,ENSG00000127329,ENST00000538708,12,5724,3.7576996250877386,False,True,PTPRB [ENST00000538708]
73372,PTPRB,protein tyrosine phosphatase receptor type B,ENSG00000127329,ENST00000550857,12,5724,3.7576996250877386,False,True,PTPRB [ENST00000550857]
15913,PTPRF,protein tyrosine phosphatase receptor type F,ENSG00000142949,ENST00000359947,1,5724,3.7576996250877386,False,True,PTPRF [ENST00000359947]
13728,MIA3,MIA SH3 domain ER export factor 3,ENSG00000154305,ENST00000344922,1,5724,3.7576996250877386,False,True,MIA3 [ENST00000344922]
17259,RAI1,retinoic acid induced 1,ENSG00000108557,ENST00000353383,17,5721,3.757471947765668,True,True,RAI1 [ENST00000353383]
82400,ZNF106,zinc finger protein 106,ENSG00000103994,ENST00000564754,15,5721,3.757471947765668,False,True,ZNF106 [ENST00000564754]
26271,VWA8,von Willebrand factor A domain containing 8,ENSG00000102763,ENST00000379310,13,5718,3.75724415102197,False,True,VWA8 [ENST00000379310]
102143,CHD4,chromodomain helicase DNA binding protein 4,ENSG00000111642,ENST00000645022,12,5718,3.75724415102197,True,True,CHD4 [ENST00000645022]
73695,BAZ2A,bromodomain adjacent to zinc finger domain 2A,ENSG00000076108,ENST00000551812,12,5718,3.75724415102197,False,True,BAZ2A [ENST00000551812]
4697,MTCL1,microtubule crosslinking factor 1,ENSG00000168502,ENST00000306329,18,5718,3.75724415102197,False,True,MTCL1 [ENST00000306329]
22547,LRP4,LDL receptor related protein 4,ENSG00000134569,ENST00000378623,11,5718,3.75724415102197,True,True,LRP4 [ENST00000378623]
76909,TEP1,telomerase associated protein 1,ENSG00000129566,ENST00000555008,14,5715,3.7570162347313008,False,True,TEP1 [ENST00000555008]
108888,SVIL,supervillin,ENSG00000197321,ENST00000674475,10,5715,3.7570162347313008,True,True,SVIL [ENST00000674475]
118036,MED12,mediator complex subunit 12,ENSG00000184634,ENST00000693324,X,5712,3.7567881987681178,True,True,MED12 [ENST00000693324]
73887,BAZ2A,bromodomain adjacent to zinc finger domain 2A,ENSG00000076108,ENST00000549884,12,5712,3.7567881987681178,False,True,BAZ2A [ENST00000549884]
101334,ARID1A,AT-rich interaction domain 1A,ENSG00000117713,ENST00000636219,1,5712,3.7567881987681178,True,True,ARID1A [ENST00000636219]
103137,CHD4,chromodomain helicase DNA binding protein 4,ENSG00000111642,ENST00000643335,12,5712,3.7567881987681178,True,True,CHD4 [ENST00000643335]
96031,DOCK11,dedicator of cytokinesis 11,ENSG00000147251,ENST00000633080,X,5709,3.756560043006683,False,True,DOCK11 [ENST00000633080]
14039,CHD4,chromodomain helicase DNA binding protein 4,ENSG00000111642,ENST00000357008,12,5709,3.756560043006683,True,True,CHD4 [ENST00000357008]
20075,ARID1A,AT-rich interaction domain 1A,ENSG00000117713,ENST00000374152,1,5709,3.756560043006683,True,True,ARID1A [ENST00000374152]
36905,ARID1A,AT-rich interaction domain 1A,ENSG00000117713,ENST00000430799,1,5706,3.7563317673210577,True,True,ARID1A [ENST00000430799]
98,AKAP11,A-kinase anchoring protein 11,ENSG00000023516,ENST00000025301,13,5706,3.7563317673210577,False,True,AKAP11 [ENST00000025301]
116948,SBF1,SET binding factor 1,ENSG00000100241,ENST00000693052,22,5700,3.7558748556724915,True,True,SBF1 [ENST00000693052]
103809,CHD4,chromodomain helicase DNA binding protein 4,ENSG00000111642,ENST00000645645,12,5700,3.7558748556724915,True,True,CHD4 [ENST00000645645]
121365,ANK2,ankyrin 2,ENSG00000145362,ENST00000705785,4,5700,3.7558748556724915,True,True,ANK2 [ENST00000705785]
9404,COL12A1,collagen type XII alpha 1 chain,ENSG00000111799,ENST00000345356,6,5700,3.7558748556724915,True,True,COL12A1 [ENST00000345356]
118398,MED12,mediator complex subunit 12,ENSG00000184634,ENST00000691468,X,5697,3.75564621945668,True,True,MED12 [ENST00000691468]
24465,NYNRIN,NYN domain and retroviral integrase containing,ENSG00000205978,ENST00000382554,14,5697,3.75564621945668,False,True,NYNRIN [ENST00000382554]
41886,PTPRF,protein tyrosine phosphatase receptor type F,ENSG00000142949,ENST00000438120,1,5697,3.75564621945668,False,True,PTPRF [ENST00000438120]
2601,ANK1,ankyrin 1,ENSG00000029534,ENST00000265709,8,5694,3.7554174628109362,True,True,ANK1 [ENST00000265709]
117956,TNRC6C,trinucleotide repeat containing adaptor 6C,ENSG00000078687,ENST00000696541,17,5694,3.7554174628109362,False,True,TNRC6C [ENST00000696541]
30440,OBSL1,obscurin like cytoskeletal adaptor 1,ENSG00000124006,ENST00000404537,2,5691,3.755188585608325,True,True,OBSL1 [ENST00000404537]
23257,PLXNA1,plexin A1,ENSG00000114554,ENST00000393409,3,5691,3.755188585608325,True,True,PLXNA1 [ENST00000393409]
117470,EIF4G3,eukaryotic translation initiation factor 4 gamma 3,ENSG00000075151,ENST00000693470,1,5688,3.75495958772171,False,True,EIF4G3 [ENST00000693470]
108379,ANK2,ankyrin 2,ENSG00000145362,ENST00000672362,4,5685,3.7547304690237535,True,True,ANK2 [ENST00000672362]
114487,SBF1,SET binding factor 1,ENSG00000100241,ENST00000684986,22,5685,3.7547304690237535,True,True,SBF1 [ENST00000684986]
9995,PLXNA4,plexin A4,ENSG00000221866,ENST00000321063,7,5685,3.7547304690237535,False,True,PLXNA4 [ENST00000321063]
17461,PLXNA2,plexin A2,ENSG00000076356,ENST00000367033,1,5685,3.7547304690237535,False,True,PLXNA2 [ENST00000367033]
6580,FNDC1,fibronectin type III domain containing 1,ENSG00000164694,ENST00000297267,6,5685,3.7547304690237535,False,True,FNDC1 [ENST00000297267]
17478,PLXNA4,plexin A4,ENSG00000221866,ENST00000359827,7,5685,3.7547304690237535,False,True,PLXNA4 [ENST00000359827]
15137,CDK5RAP2,CDK5 regulatory subunit associated protein 2,ENSG00000136861,ENST00000349780,9,5682,3.754501229386917,True,True,CDK5RAP2 [ENST00000349780]
24442,SBF1,SET binding factor 1,ENSG00000100241,ENST00000380817,22,5682,3.754501229386917,True,True,SBF1 [ENST00000380817]
114370,SBF1,SET binding factor 1,ENSG00000100241,ENST00000688066,22,5682,3.754501229386917,True,True,SBF1 [ENST00000688066]
103077,CHD4,chromodomain helicase DNA binding protein 4,ENSG00000111642,ENST00000646806,12,5679,3.754271868683459,True,True,CHD4 [ENST00000646806]
115442,CDK5RAP2,CDK5 regulatory subunit associated protein 2,ENSG00000136861,ENST00000687279,9,5679,3.754271868683459,True,True,CDK5RAP2 [ENST00000687279]
108010,GBF1,golgi brefeldin A resistant guanine nucleotide exchange factor 1,ENSG00000107862,ENST00000673650,10,5679,3.754271868683459,True,True,GBF1 [ENST00000673650]
7860,ASPM,assembly factor for spindle microtubules,ENSG00000066279,ENST00000294732,1,5679,3.754271868683459,True,True,ASPM [ENST00000294732]
117309,SBF1,SET binding factor 1,ENSG00000100241,ENST00000693440,22,5679,3.754271868683459,True,True,SBF1 [ENST00000693440]
117291,SBF1,SET binding factor 1,ENSG00000100241,ENST00000690990,22,5676,3.7540423867854362,True,True,SBF1 [ENST00000690990]
107476,ANK2,ankyrin 2,ENSG00000145362,ENST00000672990,4,5676,3.7540423867854362,True,True,ANK2 [ENST00000672990]
18114,KAT6B,lysine acetyltransferase 6B,ENSG00000156650,ENST00000372724,10,5673,3.753812783564702,True,True,KAT6B [ENST00000372724]
59723,AFDN,"afadin, adherens junction formation factor",ENSG00000130396,ENST00000515794,6,5673,3.753812783564702,False,True,AFDN [ENST00000515794]
97549,KAT6B,lysine acetyltransferase 6B,ENSG00000281813,ENST00000629879,CHR_HG2191_PATCH,5673,3.753812783564702,True,True,KAT6B [ENST00000629879]
95887,KAT6B,lysine acetyltransferase 6B,ENSG00000281813,ENST00000628523,CHR_HG2191_PATCH,5673,3.753812783564702,True,True,KAT6B [ENST00000628523]
18028,KAT6B,lysine acetyltransferase 6B,ENSG00000156650,ENST00000372711,10,5673,3.753812783564702,True,True,KAT6B [ENST00000372711]
107108,WIZ,WIZ zinc finger,ENSG00000011451,ENST00000673675,19,5670,3.7535830588929064,False,True,WIZ [ENST00000673675]
61094,CPLANE1,ciliogenesis and planar polarity effector complex subunit 1,ENSG00000197603,ENST00000509849,5,5670,3.7535830588929064,True,True,CPLANE1 [ENST00000509849]
100896,CHD4,chromodomain helicase DNA binding protein 4,ENSG00000111642,ENST00000642594,12,5670,3.7535830588929064,True,True,CHD4 [ENST00000642594]
7990,UBR3,ubiquitin protein ligase E3 component n-recognin 3,ENSG00000144357,ENST00000272793,2,5667,3.753353212641496,False,True,UBR3 [ENST00000272793]
20383,NUP210L,nucleoporin 210 like,ENSG00000143552,ENST00000368559,1,5667,3.753353212641496,False,True,NUP210L [ENST00000368559]
118551,SBF1,SET binding factor 1,ENSG00000100241,ENST00000691792,22,5667,3.753353212641496,True,True,SBF1 [ENST00000691792]
108880,ANK2,ankyrin 2,ENSG00000145362,ENST00000672779,4,5664,3.7531232446817127,True,True,ANK2 [ENST00000672779]
107114,ANK2,ankyrin 2,ENSG00000145362,ENST00000673240,4,5664,3.7531232446817127,True,True,ANK2 [ENST00000673240]
112023,QRICH2,glutamine rich 2,ENSG00000129646,ENST00000680821,17,5664,3.7531232446817127,True,True,QRICH2 [ENST00000680821]
107725,PCSK5,proprotein convertase subtilisin/kexin type 5,ENSG00000099139,ENST00000674117,9,5664,3.7531232446817127,False,True,PCSK5 [ENST00000674117]
2535,NUP210,nucleoporin 210,ENSG00000132182,ENST00000254508,3,5664,3.7531232446817127,False,True,NUP210 [ENST00000254508]
32819,ZNF142,zinc finger protein 142,ENSG00000115568,ENST00000411696,2,5664,3.7531232446817127,True,True,ZNF142 [ENST00000411696]
70687,TTC6,tetratricopeptide repeat domain 6,ENSG00000139865,ENST00000553443,14,5661,3.752893154884594,False,True,TTC6 [ENST00000553443]
93007,DOCK1,dedicator of cytokinesis 1,ENSG00000150760,ENST00000623213,10,5661,3.752893154884594,False,True,DOCK1 [ENST00000623213]
42576,PCDH15,protocadherin related 15,ENSG00000150275,ENST00000437009,10,5661,3.752893154884594,True,True,PCDH15 [ENST00000437009]
42980,CPAMD8,C3 and PZP like alpha-2-macroglobulin domain containing 8,ENSG00000160111,ENST00000443236,19,5658,3.752662943120972,True,True,CPAMD8 [ENST00000443236]
107040,GBF1,golgi brefeldin A resistant guanine nucleotide exchange factor 1,ENSG00000107862,ENST00000674034,10,5655,3.752432609261474,True,True,GBF1 [ENST00000674034]
49719,BRCA1,BRCA1 DNA repair associated,ENSG00000012048,ENST00000471181,17,5655,3.752432609261474,True,True,BRCA1 [ENST00000471181]
194,TMEM131,transmembrane protein 131,ENSG00000075568,ENST00000186436,2,5652,3.752202153176521,False,True,TMEM131 [ENST00000186436]
3859,ZNF106,zinc finger protein 106,ENSG00000103994,ENST00000263805,15,5652,3.752202153176521,False,True,ZNF106 [ENST00000263805]
107789,ANK2,ankyrin 2,ENSG00000145362,ENST00000672402,4,5649,3.751971574736327,True,True,ANK2 [ENST00000672402]
38910,KIF26A,kinesin family member 26A,ENSG00000066735,ENST00000423312,14,5649,3.751971574736327,True,True,KIF26A [ENST00000423312]
101341,PATJ,PATJ crumbs cell polarity complex component,ENSG00000132849,ENST00000642238,1,5649,3.751971574736327,False,True,PATJ [ENST00000642238]
114383,SBF2,SET binding factor 2,ENSG00000133812,ENST00000689128,11,5646,3.7517408738109004,True,True,SBF2 [ENST00000689128]
115272,BLTP1,bridge-like lipid transfer protein family member 1,ENSG00000138688,ENST00000686836,4,5646,3.7517408738109004,False,True,BLTP1 [ENST00000686836]
15685,ANK1,ankyrin 1,ENSG00000029534,ENST00000347528,8,5646,3.7517408738109004,True,True,ANK1 [ENST00000347528]
8712,ANK1,ankyrin 1,ENSG00000029534,ENST00000289734,8,5643,3.751510050270041,True,True,ANK1 [ENST00000289734]
106427,LRBA,LPS responsive beige-like anchor protein,ENSG00000198589,ENST00000651035,4,5643,3.751510050270041,True,True,LRBA [ENST00000651035]
116881,SBF1,SET binding factor 1,ENSG00000100241,ENST00000689981,22,5643,3.751510050270041,True,True,SBF1 [ENST00000689981]
28145,MYO5A,myosin VA,ENSG00000197535,ENST00000399233,15,5643,3.751510050270041,True,True,MYO5A [ENST00000399233]
46849,MYO16,myosin XVI,ENSG00000041515,ENST00000457511,13,5643,3.751510050270041,False,True,MYO16 [ENST00000457511]
108175,ANK2,ankyrin 2,ENSG00000145362,ENST00000672045,4,5640,3.751279103983342,True,True,ANK2 [ENST00000672045]
108143,ANK2,ankyrin 2,ENSG00000145362,ENST00000672880,4,5640,3.751279103983342,True,True,ANK2 [ENST00000672880]
16388,NAV1,neuron navigator 1,ENSG00000134369,ENST00000367296,1,5634,3.7508168426497543,False,True,NAV1 [ENST00000367296]
112901,TAF1,TATA-box binding protein associated factor 1,ENSG00000147133,ENST00000683202,X,5634,3.7508168426497543,True,True,TAF1 [ENST00000683202]
30747,ARHGEF4,Rho guanine nucleotide exchange factor 4,ENSG00000136002,ENST00000409359,2,5631,3.7505855273410087,False,True,ARHGEF4 [ENST00000409359]
23991,BAZ2A,bromodomain adjacent to zinc finger domain 2A,ENSG00000076108,ENST00000379441,12,5628,3.750354088762708,False,True,BAZ2A [ENST00000379441]
109212,SBF2,SET binding factor 2,ENSG00000133812,ENST00000675281,11,5625,3.7501225267834,True,True,SBF2 [ENST00000675281]
56601,LY75-CD302,LY75-CD302 readthrough,ENSG00000248672,ENST00000504764,2,5622,3.749890841271422,False,True,LY75-CD302 [ENST00000504764]
5729,ANKRD31,ankyrin repeat domain 31,ENSG00000145700,ENST00000274361,5,5622,3.749890841271422,False,True,ANKRD31 [ENST00000274361]
337,RALGAPA2,Ral GTPase activating protein catalytic subunit alpha 2,ENSG00000188559,ENST00000202677,20,5622,3.749890841271422,False,True,RALGAPA2 [ENST00000202677]
115193,SPG11,"SPG11 vesicle trafficking associated, spatacsin",ENSG00000104133,ENST00000684676,15,5622,3.749890841271422,True,True,SPG11 [ENST00000684676]
100285,SCN2A,sodium voltage-gated channel alpha subunit 2,ENSG00000136531,ENST00000636985,2,5622,3.749890841271422,True,True,SCN2A [ENST00000636985]
14698,CACNA1S,calcium voltage-gated channel subunit alpha1 S,ENSG00000081248,ENST00000362061,1,5622,3.749890841271422,True,True,CACNA1S [ENST00000362061]
36677,TAF1,TATA-box binding protein associated factor 1,ENSG00000147133,ENST00000423759,X,5622,3.749890841271422,True,True,TAF1 [ENST00000423759]
105035,PDCD11,programmed cell death 11,ENSG00000148843,ENST00000649849,10,5619,3.7496590320949,False,True,PDCD11 [ENST00000649849]
108141,ANK2,ankyrin 2,ENSG00000145362,ENST00000673255,4,5619,3.7496590320949,True,True,ANK2 [ENST00000673255]
25771,ANK2,ankyrin 2,ENSG00000145362,ENST00000394537,4,5619,3.7496590320949,True,True,ANK2 [ENST00000394537]
21867,PLXNA3,plexin A3,ENSG00000130827,ENST00000369682,X,5616,3.749427099121749,False,True,PLXNA3 [ENST00000369682]
43210,CCDC88A,coiled-coil domain containing 88A,ENSG00000115355,ENST00000436346,2,5616,3.749427099121749,False,True,CCDC88A [ENST00000436346]
98360,CCDC88A,coiled-coil domain containing 88A,ENSG00000115355,ENST00000642200,2,5616,3.749427099121749,False,True,CCDC88A [ENST00000642200]
107071,ANK2,ankyrin 2,ENSG00000145362,ENST00000672088,4,5616,3.749427099121749,True,True,ANK2 [ENST00000672088]
101388,LCORL,ligand dependent nuclear receptor corepressor like,ENSG00000178177,ENST00000635767,4,5616,3.749427099121749,False,True,LCORL [ENST00000635767]
18887,PDCD11,programmed cell death 11,ENSG00000148843,ENST00000369797,10,5616,3.749427099121749,False,True,PDCD11 [ENST00000369797]
13906,CCDC88A,coiled-coil domain containing 88A,ENSG00000115355,ENST00000336838,2,5613,3.7491950422196725,False,True,CCDC88A [ENST00000336838]
6049,DOCK5,dedicator of cytokinesis 5,ENSG00000147459,ENST00000276440,8,5613,3.7491950422196725,False,True,DOCK5 [ENST00000276440]
56555,ANK3,ankyrin 3,ENSG00000151150,ENST00000503366,10,5607,3.7487305560984945,True,True,ANK3 [ENST00000503366]
117858,DICER1,"dicer 1, ribonuclease III",ENSG00000100697,ENST00000696736,14,5607,3.7487305560984945,True,True,DICER1 [ENST00000696736]
115524,SBF1,SET binding factor 1,ENSG00000100241,ENST00000689129,22,5607,3.7487305560984945,True,True,SBF1 [ENST00000689129]
110490,SBF2,SET binding factor 2,ENSG00000133812,ENST00000676387,11,5607,3.7487305560984945,True,True,SBF2 [ENST00000676387]
118262,CDK5RAP2,CDK5 regulatory subunit associated protein 2,ENSG00000136861,ENST00000693728,9,5604,3.748498126613737,True,True,CDK5RAP2 [ENST00000693728]
15279,SBF1,SET binding factor 1,ENSG00000100241,ENST00000348911,22,5604,3.748498126613737,True,True,SBF1 [ENST00000348911]
115689,NLRC5,NLR family CARD domain containing 5,ENSG00000140853,ENST00000688547,16,5601,3.748265572668741,False,True,NLRC5 [ENST00000688547]
2902,NLRC5,NLR family CARD domain containing 5,ENSG00000140853,ENST00000262510,16,5601,3.748265572668741,False,True,NLRC5 [ENST00000262510]
116331,SBF1,SET binding factor 1,ENSG00000100241,ENST00000691233,22,5601,3.748265572668741,True,True,SBF1 [ENST00000691233]
102413,TRPM7,transient receptor potential cation channel subfamily M member 7,ENSG00000092439,ENST00000646667,15,5598,3.7480328941301435,False,True,TRPM7 [ENST00000646667]
5600,DOCK1,dedicator of cytokinesis 1,ENSG00000150760,ENST00000280333,10,5598,3.7480328941301435,False,True,DOCK1 [ENST00000280333]
116607,KIAA1217,KIAA1217,ENSG00000120549,ENST00000696626,10,5595,3.7478000908643687,False,True,KIAA1217 [ENST00000696626]
77669,TRPM7,transient receptor potential cation channel subfamily M member 7,ENSG00000092439,ENST00000560955,15,5595,3.7478000908643687,False,True,TRPM7 [ENST00000560955]
105441,QSER1,glutamine and serine rich 1,ENSG00000060749,ENST00000650167,11,5595,3.7478000908643687,False,True,QSER1 [ENST00000650167]
115217,SBF1,SET binding factor 1,ENSG00000100241,ENST00000685809,22,5595,3.7478000908643687,True,True,SBF1 [ENST00000685809]
35792,DENND4A,DENN domain containing 4A,ENSG00000174485,ENST00000431932,15,5592,3.747567162737625,False,True,DENND4A [ENST00000431932]
15417,MYLK,myosin light chain kinase,ENSG00000065534,ENST00000360772,3,5592,3.747567162737625,True,True,MYLK [ENST00000360772]
15367,BRCA1,BRCA1 DNA repair associated,ENSG00000012048,ENST00000357654,17,5592,3.747567162737625,True,True,BRCA1 [ENST00000357654]
55787,ANK2,ankyrin 2,ENSG00000145362,ENST00000506722,4,5592,3.747567162737625,True,True,ANK2 [ENST00000506722]
15889,TJP1,tight junction protein 1,ENSG00000104067,ENST00000356107,15,5586,3.747100931364986,False,True,TJP1 [ENST00000356107]
21649,ANK3,ankyrin 3,ENSG00000151150,ENST00000373827,10,5586,3.747100931364986,True,True,ANK3 [ENST00000373827]
32108,CDK5RAP2,CDK5 regulatory subunit associated protein 2,ENSG00000136861,ENST00000416449,9,5586,3.747100931364986,True,True,CDK5RAP2 [ENST00000416449]
3807,TANC1,"tetratricopeptide repeat, ankyrin repeat and coiled-coil containing 1",ENSG00000115183,ENST00000263635,2,5586,3.747100931364986,False,True,TANC1 [ENST00000263635]
62144,PCM1,pericentriolar material 1,ENSG00000078674,ENST00000524226,8,5583,3.7468676278504294,False,True,PCM1 [ENST00000524226]
114480,CDK5RAP2,CDK5 regulatory subunit associated protein 2,ENSG00000136861,ENST00000687633,9,5583,3.7468676278504294,True,True,CDK5RAP2 [ENST00000687633]
102183,TNS1,tensin 1,ENSG00000079308,ENST00000646520,2,5583,3.7468676278504294,False,True,TNS1 [ENST00000646520]
21427,GBF1,golgi brefeldin A resistant guanine nucleotide exchange factor 1,ENSG00000107862,ENST00000369983,10,5583,3.7468676278504294,True,True,GBF1 [ENST00000369983]
16983,COL27A1,collagen type XXVII alpha 1 chain,ENSG00000196739,ENST00000356083,9,5583,3.7468676278504294,True,True,COL27A1 [ENST00000356083]
71775,PCSK5,proprotein convertase subtilisin/kexin type 5,ENSG00000099139,ENST00000545128,9,5583,3.7468676278504294,False,True,PCSK5 [ENST00000545128]
110613,GBF1,golgi brefeldin A resistant guanine nucleotide exchange factor 1,ENSG00000107862,ENST00000676513,10,5580,3.7466341989375787,True,True,GBF1 [ENST00000676513]
110086,GBF1,golgi brefeldin A resistant guanine nucleotide exchange factor 1,ENSG00000107862,ENST00000676939,10,5580,3.7466341989375787,True,True,GBF1 [ENST00000676939]
116203,SBF1,SET binding factor 1,ENSG00000100241,ENST00000687016,22,5580,3.7466341989375787,True,True,SBF1 [ENST00000687016]
8276,KMT2E,lysine methyltransferase 2E (inactive),ENSG00000005483,ENST00000311117,7,5577,3.746400644491561,True,True,KMT2E [ENST00000311117]
121328,MAP2,microtubule associated protein 2,ENSG00000078018,ENST00000704357,2,5577,3.746400644491561,False,True,MAP2 [ENST00000704357]
107890,ANK2,ankyrin 2,ENSG00000145362,ENST00000672350,4,5577,3.746400644491561,True,True,ANK2 [ENST00000672350]
17473,MYO16,myosin XVI,ENSG00000041515,ENST00000356711,13,5577,3.746400644491561,False,True,MYO16 [ENST00000356711]
93235,MGAM,maltase-glucoamylase,ENSG00000257335,ENST00000620571,7,5574,3.7461669643772852,False,True,MGAM [ENST00000620571]
13591,TSPOAP1,TSPO associated protein 1,ENSG00000005379,ENST00000343736,17,5574,3.7461669643772852,False,True,TSPOAP1 [ENST00000343736]
64140,FER1L6,fer-1 like family member 6,ENSG00000214814,ENST00000522917,8,5574,3.7461669643772852,False,True,FER1L6 [ENST00000522917]
72948,MGAM,maltase-glucoamylase,ENSG00000257335,ENST00000549489,7,5574,3.7461669643772852,False,True,MGAM [ENST00000549489]
111082,GBF1,golgi brefeldin A resistant guanine nucleotide exchange factor 1,ENSG00000107862,ENST00000677240,10,5571,3.745933158459443,True,True,GBF1 [ENST00000677240]
31105,MYO5A,myosin VA,ENSG00000197535,ENST00000399231,15,5568,3.7456992266025058,True,True,MYO5A [ENST00000399231]
110730,GBF1,golgi brefeldin A resistant guanine nucleotide exchange factor 1,ENSG00000107862,ENST00000676993,10,5568,3.7456992266025058,True,True,GBF1 [ENST00000676993]
23255,CFAP44,cilia and flagella associated protein 44,ENSG00000206530,ENST00000393845,3,5565,3.745465168670727,True,True,CFAP44 [ENST00000393845]
120893,ANK1,ankyrin 1,ENSG00000029534,ENST00000705522,8,5565,3.745465168670727,True,True,ANK1 [ENST00000705522]
16639,CACNA1S,calcium voltage-gated channel subunit alpha1 S,ENSG00000081248,ENST00000367338,1,5565,3.745465168670727,True,True,CACNA1S [ENST00000367338]
121532,TNC,tenascin C,ENSG00000041982,ENST00000705192,9,5565,3.745465168670727,True,True,TNC [ENST00000705192]
113874,CACNA1S,calcium voltage-gated channel subunit alpha1 S,ENSG00000081248,ENST00000681874,1,5562,3.7452309845281406,True,True,CACNA1S [ENST00000681874]
14277,MYO5A,myosin VA,ENSG00000197535,ENST00000356338,15,5562,3.7452309845281406,True,True,MYO5A [ENST00000356338]
117571,MYO5A,myosin VA,ENSG00000197535,ENST00000692556,15,5559,3.74499667403856,True,True,MYO5A [ENST00000692556]
18276,TAF1,TATA-box binding protein associated factor 1,ENSG00000147133,ENST00000373790,X,5559,3.74499667403856,True,True,TAF1 [ENST00000373790]
108957,ANK2,ankyrin 2,ENSG00000145362,ENST00000671825,4,5556,3.744762237065578,True,True,ANK2 [ENST00000671825]
107939,ANK2,ankyrin 2,ENSG00000145362,ENST00000672793,4,5550,3.7442929831226763,True,True,ANK2 [ENST00000672793]
90353,SHANK2,SH3 and multiple ankyrin repeat domains 2,ENSG00000162105,ENST00000601538,11,5550,3.7442929831226763,False,True,SHANK2 [ENST00000601538]
3829,SBF2,SET binding factor 2,ENSG00000133812,ENST00000256190,11,5550,3.7442929831226763,True,True,SBF2 [ENST00000256190]
11501,KIAA1549L,KIAA1549 like,ENSG00000110427,ENST00000321505,11,5550,3.7442929831226763,False,True,KIAA1549L [ENST00000321505]
3119,ARFGEF1,ADP ribosylation factor guanine nucleotide exchange factor 1,ENSG00000066777,ENST00000262215,8,5550,3.7442929831226763,True,True,ARFGEF1 [ENST00000262215]
3129,BTAF1,B-TFIID TATA-box binding protein associated factor 1,ENSG00000095564,ENST00000265990,10,5550,3.7442929831226763,False,True,BTAF1 [ENST00000265990]
117375,NUP214,nucleoporin 214,ENSG00000126883,ENST00000695498,9,5547,3.7440581658788354,True,True,NUP214 [ENST00000695498]
5955,MYO5B,myosin VB,ENSG00000167306,ENST00000285039,18,5547,3.7440581658788354,True,True,MYO5B [ENST00000285039]
121593,TRRAP,transformation/transcription domain associated protein,ENSG00000196367,ENST00000704587,7,5544,3.7438232216037504,True,True,TRRAP [ENST00000704587]
118595,SBF2,SET binding factor 2,ENSG00000133812,ENST00000689940,11,5544,3.7438232216037504,True,True,SBF2 [ENST00000689940]
93800,DSCAM,DS cell adhesion molecule,ENSG00000171587,ENST00000617870,21,5544,3.7438232216037504,False,True,DSCAM [ENST00000617870]
13099,ZNF236,zinc finger protein 236,ENSG00000130856,ENST00000320610,18,5544,3.7438232216037504,False,True,ZNF236 [ENST00000320610]
107495,ANK2,ankyrin 2,ENSG00000145362,ENST00000671854,4,5541,3.743588150159904,True,True,ANK2 [ENST00000671854]
118034,MYLK,myosin light chain kinase,ENSG00000065534,ENST00000693689,3,5538,3.743352951409556,True,True,MYLK [ENST00000693689]
101397,KIF13A,kinesin family member 13A,ENSG00000137177,ENST00000636847,6,5538,3.743352951409556,False,True,KIF13A [ENST00000636847]
2400,ZNF236,zinc finger protein 236,ENSG00000130856,ENST00000253159,18,5538,3.743352951409556,False,True,ZNF236 [ENST00000253159]
12348,ATAD5,ATPase family AAA domain containing 5,ENSG00000176208,ENST00000321990,17,5535,3.7431176252147416,False,True,ATAD5 [ENST00000321990]
11231,XIRP1,xin actin binding repeat containing 1,ENSG00000168334,ENST00000340369,3,5532,3.742882171437273,False,True,XIRP1 [ENST00000340369]
31118,PSME4,proteasome activator subunit 4,ENSG00000068878,ENST00000404125,2,5532,3.742882171437273,False,True,PSME4 [ENST00000404125]
62593,DSCAML1,DS cell adhesion molecule like 1,ENSG00000177103,ENST00000527706,11,5532,3.742882171437273,False,True,DSCAML1 [ENST00000527706]
3472,CCDC88A,coiled-coil domain containing 88A,ENSG00000115355,ENST00000263630,2,5532,3.742882171437273,False,True,CCDC88A [ENST00000263630]
110158,GBF1,golgi brefeldin A resistant guanine nucleotide exchange factor 1,ENSG00000107862,ENST00000677439,10,5532,3.742882171437273,True,True,GBF1 [ENST00000677439]
28305,ZSWIM8,zinc finger SWIM-type containing 8,ENSG00000214655,ENST00000398706,10,5529,3.7426465899387362,False,True,ZSWIM8 [ENST00000398706]
102392,CCDC88A,coiled-coil domain containing 88A,ENSG00000115355,ENST00000643413,2,5529,3.7426465899387362,False,True,CCDC88A [ENST00000643413]
103829,NAV3,neuron navigator 3,ENSG00000067798,ENST00000644176,12,5529,3.7426465899387362,False,True,NAV3 [ENST00000644176]
75965,MYO5A,myosin VA,ENSG00000197535,ENST00000553916,15,5526,3.7424108805804925,True,True,MYO5A [ENST00000553916]
12039,ECPAS,Ecm29 proteasome adaptor and scaffold,ENSG00000136813,ENST00000338205,9,5520,3.741939077729199,False,True,ECPAS [ENST00000338205]
111982,TNS1,tensin 1,ENSG00000079308,ENST00000682258,2,5520,3.741939077729199,False,True,TNS1 [ENST00000682258]
114751,ECPAS,Ecm29 proteasome adaptor and scaffold,ENSG00000136813,ENST00000684092,9,5520,3.741939077729199,False,True,ECPAS [ENST00000684092]
108618,ANK2,ankyrin 2,ENSG00000145362,ENST00000672366,4,5520,3.741939077729199,True,True,ANK2 [ENST00000672366]
21512,COL5A1,collagen type V alpha 1 chain,ENSG00000130635,ENST00000371820,9,5517,3.74170298395774,True,True,COL5A1 [ENST00000371820]
47090,PLXNB2,plexin B2,ENSG00000196576,ENST00000449103,22,5517,3.74170298395774,False,True,PLXNB2 [ENST00000449103]
14375,PLXNB2,plexin B2,ENSG00000196576,ENST00000359337,22,5517,3.74170298395774,False,True,PLXNB2 [ENST00000359337]
74127,TNC,tenascin C,ENSG00000041982,ENST00000542877,9,5517,3.74170298395774,True,True,TNC [ENST00000542877]
107758,ANK2,ankyrin 2,ENSG00000145362,ENST00000672356,4,5517,3.74170298395774,True,True,ANK2 [ENST00000672356]
19067,COL5A1,collagen type V alpha 1 chain,ENSG00000130635,ENST00000371817,9,5517,3.74170298395774,True,True,COL5A1 [ENST00000371817]
68855,NLRC5,NLR family CARD domain containing 5,ENSG00000140853,ENST00000539144,16,5514,3.741466761769755,False,True,NLRC5 [ENST00000539144]
117587,KIF1B,kinesin family member 1B,ENSG00000054523,ENST00000696502,1,5514,3.741466761769755,True,True,KIF1B [ENST00000696502]
88724,ZSWIM8,zinc finger SWIM-type containing 8,ENSG00000214655,ENST00000605216,10,5514,3.741466761769755,False,True,ZSWIM8 [ENST00000605216]
42808,SCN4A,sodium voltage-gated channel alpha subunit 4,ENSG00000007314,ENST00000435607,17,5511,3.741230411025471,True,True,SCN4A [ENST00000435607]
118442,CDK5RAP2,CDK5 regulatory subunit associated protein 2,ENSG00000136861,ENST00000690646,9,5508,3.740993931584886,True,True,CDK5RAP2 [ENST00000690646]
114692,BLTP1,bridge-like lipid transfer protein family member 1,ENSG00000138688,ENST00000688248,4,5508,3.740993931584886,False,True,BLTP1 [ENST00000688248]
13250,ARID2,AT-rich interaction domain 2,ENSG00000189079,ENST00000334344,12,5508,3.740993931584886,True,True,ARID2 [ENST00000334344]
8438,SLX4,SLX4 structure-specific endonuclease subunit,ENSG00000188827,ENST00000294008,16,5505,3.7407573233077707,True,True,SLX4 [ENST00000294008]
28478,AFDN,"afadin, adherens junction formation factor",ENSG00000130396,ENST00000400822,6,5505,3.7407573233077707,False,True,AFDN [ENST00000400822]
88399,ZSWIM8,zinc finger SWIM-type containing 8,ENSG00000214655,ENST00000604729,10,5505,3.7407573233077707,False,True,ZSWIM8 [ENST00000604729]
120368,PHIP,pleckstrin homology domain interacting protein,ENSG00000146247,ENST00000700118,6,5505,3.7407573233077707,True,True,PHIP [ENST00000700118]
45434,TNRC6B,trinucleotide repeat containing adaptor 6B,ENSG00000100354,ENST00000454349,22,5502,3.7405205860536648,True,True,TNRC6B [ENST00000454349]
5966,ZNF646,zinc finger protein 646,ENSG00000167395,ENST00000300850,16,5499,3.7402837196818792,False,True,ZNF646 [ENST00000300850]
98883,KIF16B,kinesin family member 16B,ENSG00000089177,ENST00000635823,20,5499,3.7402837196818792,False,True,KIF16B [ENST00000635823]
114183,AFDN,"afadin, adherens junction formation factor",ENSG00000130396,ENST00000683244,6,5496,3.740046724051494,False,True,AFDN [ENST00000683244]
17241,NAV1,neuron navigator 1,ENSG00000134369,ENST00000367302,1,5493,3.739809599021359,False,True,NAV1 [ENST00000367302]
107489,ANK2,ankyrin 2,ENSG00000145362,ENST00000672965,4,5493,3.739809599021359,True,True,ANK2 [ENST00000672965]
64298,DOCK2,dedicator of cytokinesis 2,ENSG00000134516,ENST00000520908,5,5493,3.739809599021359,True,True,DOCK2 [ENST00000520908]
116359,RGPD6,RANBP2 like and GRIP domain containing 6,ENSG00000183054,ENST00000696446,2,5493,3.739809599021359,False,True,RGPD6 [ENST00000696446]
31112,ZNF646,zinc finger protein 646,ENSG00000167395,ENST00000394979,16,5490,3.739572344450092,False,True,ZNF646 [ENST00000394979]
100940,QRICH2,glutamine rich 2,ENSG00000129646,ENST00000636395,17,5490,3.739572344450092,True,True,QRICH2 [ENST00000636395]
66818,DICER1,"dicer 1, ribonuclease III",ENSG00000100697,ENST00000541352,14,5490,3.739572344450092,True,True,DICER1 [ENST00000541352]
115928,MYO5A,myosin VA,ENSG00000197535,ENST00000687574,15,5487,3.7393349601960795,True,True,MYO5A [ENST00000687574]
114547,SBF2,SET binding factor 2,ENSG00000133812,ENST00000689258,11,5487,3.7393349601960795,True,True,SBF2 [ENST00000689258]
106174,HECTD4,HECT domain E3 ubiquitin protein ligase 4,ENSG00000173064,ENST00000651701,12,5487,3.7393349601960795,True,True,HECTD4 [ENST00000651701]
22836,CHD2,chromodomain helicase DNA binding protein 2,ENSG00000173575,ENST00000394196,15,5487,3.7393349601960795,True,True,CHD2 [ENST00000394196]
15851,MAP2,microtubule associated protein 2,ENSG00000078018,ENST00000360351,2,5484,3.739097446117475,False,True,MAP2 [ENST00000360351]
105233,TNS1,tensin 1,ENSG00000079308,ENST00000651849,2,5484,3.739097446117475,False,True,TNS1 [ENST00000651849]
119110,PHIP,pleckstrin homology domain interacting protein,ENSG00000146247,ENST00000700013,6,5484,3.739097446117475,True,True,PHIP [ENST00000700013]
109996,GBF1,golgi brefeldin A resistant guanine nucleotide exchange factor 1,ENSG00000107862,ENST00000677247,10,5484,3.739097446117475,True,True,GBF1 [ENST00000677247]
3754,SI,sucrase-isomaltase,ENSG00000090402,ENST00000264382,3,5484,3.739097446117475,True,True,SI [ENST00000264382]
112013,MAP2,microtubule associated protein 2,ENSG00000078018,ENST00000682079,2,5484,3.739097446117475,False,True,MAP2 [ENST00000682079]
108854,ANK2,ankyrin 2,ENSG00000145362,ENST00000672696,4,5484,3.739097446117475,True,True,ANK2 [ENST00000672696]
62426,KIF13B,kinesin family member 13B,ENSG00000197892,ENST00000524189,8,5481,3.7388598020722004,False,True,KIF13B [ENST00000524189]
1579,TAF1L,TATA-box binding protein associated factor 1 like,ENSG00000122728,ENST00000242310,9,5481,3.7388598020722004,False,True,TAF1L [ENST00000242310]
44787,AFDN,"afadin, adherens junction formation factor",ENSG00000130396,ENST00000447894,6,5475,3.738384123512156,False,True,AFDN [ENST00000447894]
1624,LAMA4,laminin subunit alpha 4,ENSG00000112769,ENST00000230538,6,5472,3.73814608871206,True,True,LAMA4 [ENST00000230538]
23527,KIF1B,kinesin family member 1B,ENSG00000054523,ENST00000377081,1,5472,3.73814608871206,True,True,KIF1B [ENST00000377081]
43362,MAP2,microtubule associated protein 2,ENSG00000078018,ENST00000447185,2,5472,3.73814608871206,False,True,MAP2 [ENST00000447185]
479,ITGB4,integrin subunit beta 4,ENSG00000132470,ENST00000200181,17,5469,3.737907923374639,True,True,ITGB4 [ENST00000200181]
107230,ANK2,ankyrin 2,ENSG00000145362,ENST00000672177,4,5469,3.737907923374639,True,True,ANK2 [ENST00000672177]
17391,SPEF2,sperm flagellar 2,ENSG00000152582,ENST00000356031,5,5469,3.737907923374639,True,True,SPEF2 [ENST00000356031]
2896,LTBP2,latent transforming growth factor beta binding protein 2,ENSG00000119681,ENST00000261978,14,5466,3.737669627356642,True,True,LTBP2 [ENST00000261978]
7800,PHIP,pleckstrin homology domain interacting protein,ENSG00000146247,ENST00000275034,6,5466,3.737669627356642,True,True,PHIP [ENST00000275034]
20680,KIF20B,kinesin family member 20B,ENSG00000138182,ENST00000371728,10,5463,3.7374312005145827,False,True,KIF20B [ENST00000371728]
42976,C2CD6,C2 calcium dependent domain containing 6,ENSG00000155754,ENST00000439140,2,5463,3.7374312005145827,False,True,C2CD6 [ENST00000439140]
120001,PHIP,pleckstrin homology domain interacting protein,ENSG00000146247,ENST00000700115,6,5463,3.7374312005145827,True,True,PHIP [ENST00000700115]
1908,TUBGCP6,tubulin gamma complex associated protein 6,ENSG00000128159,ENST00000248846,22,5460,3.7371926427047373,True,True,TUBGCP6 [ENST00000248846]
107841,ANK2,ankyrin 2,ENSG00000145362,ENST00000672312,4,5457,3.736953953783146,True,True,ANK2 [ENST00000672312]
16698,COL11A1,collagen type XI alpha 1 chain,ENSG00000060718,ENST00000358392,1,5457,3.736953953783146,True,True,COL11A1 [ENST00000358392]
43110,SPEF2,sperm flagellar 2,ENSG00000152582,ENST00000440995,5,5457,3.736953953783146,True,True,SPEF2 [ENST00000440995]
103928,ITPR1,"inositol 1,4,5-trisphosphate receptor type 1",ENSG00000150995,ENST00000648431,3,5457,3.736953953783146,True,True,ITPR1 [ENST00000648431]
56052,LY75-CD302,LY75-CD302 readthrough,ENSG00000248672,ENST00000505052,2,5454,3.7367151336056112,False,True,LY75-CD302 [ENST00000505052]
14219,NUP98,nucleoporin 98 and 96 precursor,ENSG00000110713,ENST00000359171,11,5454,3.7367151336056112,False,True,NUP98 [ENST00000359171]
106983,ANK2,ankyrin 2,ENSG00000145362,ENST00000672221,4,5454,3.7367151336056112,True,True,ANK2 [ENST00000672221]
53602,BRCA1,BRCA1 DNA repair associated,ENSG00000012048,ENST00000493795,17,5451,3.7364761820276966,True,True,BRCA1 [ENST00000493795]
51708,KMT2E,lysine methyltransferase 2E (inactive),ENSG00000005483,ENST00000473063,7,5451,3.7364761820276966,True,True,KMT2E [ENST00000473063]
15021,AFDN,"afadin, adherens junction formation factor",ENSG00000130396,ENST00000351017,6,5451,3.7364761820276966,False,True,AFDN [ENST00000351017]
38920,LAMA4,laminin subunit alpha 4,ENSG00000112769,ENST00000424408,6,5451,3.7364761820276966,True,True,LAMA4 [ENST00000424408]
109703,KIF1B,kinesin family member 1B,ENSG00000054523,ENST00000676179,1,5451,3.7364761820276966,True,True,KIF1B [ENST00000676179]
23563,KIF1B,kinesin family member 1B,ENSG00000054523,ENST00000377086,1,5451,3.7364761820276966,True,True,KIF1B [ENST00000377086]
65011,LAMA4,laminin subunit alpha 4,ENSG00000112769,ENST00000522006,6,5451,3.7364761820276966,True,True,LAMA4 [ENST00000522006]
24633,LAMA4,laminin subunit alpha 4,ENSG00000112769,ENST00000389463,6,5451,3.7364761820276966,True,True,LAMA4 [ENST00000389463]
106378,CPAMD8,C3 and PZP like alpha-2-macroglobulin domain containing 8,ENSG00000160111,ENST00000651564,19,5448,3.736237098904729,True,True,CPAMD8 [ENST00000651564]
82278,ZNF407,zinc finger protein 407,ENSG00000215421,ENST00000577538,18,5448,3.736237098904729,True,True,ZNF407 [ENST00000577538]
77745,CHD8,chromodomain helicase DNA binding protein 8,ENSG00000100888,ENST00000555935,14,5448,3.736237098904729,True,True,CHD8 [ENST00000555935]
16142,CDK5RAP2,CDK5 regulatory subunit associated protein 2,ENSG00000136861,ENST00000360190,9,5445,3.735997884091794,True,True,CDK5RAP2 [ENST00000360190]
5849,GREB1L,GREB1 like retinoic acid receptor coactivator,ENSG00000141449,ENST00000269218,18,5445,3.735997884091794,True,True,GREB1L [ENST00000269218]
4654,VIRMA,vir like m6A methyltransferase associated,ENSG00000164944,ENST00000297591,8,5439,3.735519058815171,False,True,VIRMA [ENST00000297591]
93482,LTN1,listerin E3 ubiquitin protein ligase 1,ENSG00000198862,ENST00000614971,21,5439,3.735519058815171,False,True,LTN1 [ENST00000614971]
108904,ANK2,ankyrin 2,ENSG00000145362,ENST00000672955,4,5433,3.7350397050337207,True,True,ANK2 [ENST00000672955]
116473,SETD2,"SET domain containing 2, histone lysine methyltransferase",ENSG00000181555,ENST00000690461,3,5433,3.7350397050337207,True,True,SETD2 [ENST00000690461]
108754,ANK2,ankyrin 2,ENSG00000145362,ENST00000671704,4,5433,3.7350397050337207,True,True,ANK2 [ENST00000671704]
111856,ADAMTSL1,ADAMTS like 1,ENSG00000178031,ENST00000680146,9,5433,3.7350397050337207,False,True,ADAMTSL1 [ENST00000680146]
92997,KIF1B,kinesin family member 1B,ENSG00000054523,ENST00000620295,1,5430,3.734799829588847,True,True,KIF1B [ENST00000620295]
5567,MED12L,mediator complex subunit 12L,ENSG00000144893,ENST00000273432,3,5430,3.734799829588847,True,True,MED12L [ENST00000273432]
798,TSC2,TSC complex subunit 2,ENSG00000103197,ENST00000219476,16,5424,3.734319680859007,True,True,TSC2 [ENST00000219476]
114507,CNTRL,centriolin,ENSG00000119397,ENST00000686219,9,5421,3.734079407280594,False,True,CNTRL [ENST00000686219]
107160,ANK2,ankyrin 2,ENSG00000145362,ENST00000672854,4,5421,3.734079407280594,True,True,ANK2 [ENST00000672854]
117356,SBF2,SET binding factor 2,ENSG00000133812,ENST00000692716,11,5421,3.734079407280594,True,True,SBF2 [ENST00000692716]
30769,KIAA1671,KIAA1671,ENSG00000197077,ENST00000406486,22,5421,3.734079407280594,False,True,KIAA1671 [ENST00000406486]
19013,COL11A1,collagen type XI alpha 1 chain,ENSG00000060718,ENST00000370096,1,5421,3.734079407280594,True,True,COL11A1 [ENST00000370096]
17646,KIAA1671,KIAA1671,ENSG00000197077,ENST00000358431,22,5421,3.734079407280594,False,True,KIAA1671 [ENST00000358431]
4414,KIF13A,kinesin family member 13A,ENSG00000137177,ENST00000259711,6,5418,3.7338390006971496,False,True,KIF13A [ENST00000259711]
44898,ITGB4,integrin subunit beta 4,ENSG00000132470,ENST00000449880,17,5418,3.7338390006971496,True,True,ITGB4 [ENST00000449880]
101912,TSC2,TSC complex subunit 2,ENSG00000103197,ENST00000646388,16,5418,3.7338390006971496,True,True,TSC2 [ENST00000646388]
17869,OBSL1,obscurin like cytoskeletal adaptor 1,ENSG00000124006,ENST00000373876,2,5415,3.733598460961339,True,True,OBSL1 [ENST00000373876]
76070,SIPA1L1,signal induced proliferation associated 1 like 1,ENSG00000197555,ENST00000555818,14,5415,3.733598460961339,False,True,SIPA1L1 [ENST00000555818]
74839,DICER1,"dicer 1, ribonuclease III",ENSG00000100697,ENST00000556045,14,5409,3.7331169814420644,True,True,DICER1 [ENST00000556045]
18625,BRWD3,bromodomain and WD repeat domain containing 3,ENSG00000165288,ENST00000373275,X,5409,3.7331169814420644,True,True,BRWD3 [ENST00000373275]
12484,FOCAD,focadhesin,ENSG00000188352,ENST00000338382,9,5406,3.7328760413627067,True,True,FOCAD [ENST00000338382]
119297,PHIP,pleckstrin homology domain interacting protein,ENSG00000146247,ENST00000700114,6,5406,3.7328760413627067,True,True,PHIP [ENST00000700114]
19414,PATJ,PATJ crumbs cell polarity complex component,ENSG00000132849,ENST00000371158,1,5406,3.7328760413627067,False,True,PATJ [ENST00000371158]
53063,PARP14,poly(ADP-ribose) polymerase family member 14,ENSG00000173193,ENST00000474629,3,5406,3.7328760413627067,False,True,PARP14 [ENST00000474629]
24345,FOCAD,focadhesin,ENSG00000188352,ENST00000380249,9,5406,3.7328760413627067,True,True,FOCAD [ENST00000380249]
22177,WNK3,WNK lysine deficient protein kinase 3,ENSG00000196632,ENST00000375159,X,5403,3.732634967539196,False,True,WNK3 [ENST00000375159]
12459,NUP98,nucleoporin 98 and 96 precursor,ENSG00000110713,ENST00000324932,11,5403,3.732634967539196,False,True,NUP98 [ENST00000324932]
17416,WNK3,WNK lysine deficient protein kinase 3,ENSG00000196632,ENST00000354646,X,5403,3.732634967539196,False,True,WNK3 [ENST00000354646]
30694,KIF1A,kinesin family member 1A,ENSG00000130294,ENST00000404283,2,5400,3.7323937598229686,True,True,KIF1A [ENST00000404283]
33799,LAMB2,laminin subunit beta 2,ENSG00000172037,ENST00000418109,3,5397,3.7321524180652137,True,True,LAMB2 [ENST00000418109]
14259,MAST2,microtubule associated serine/threonine kinase 2,ENSG00000086015,ENST00000361297,1,5397,3.7321524180652137,False,True,MAST2 [ENST00000361297]
8448,LAMB2,laminin subunit beta 2,ENSG00000172037,ENST00000305544,3,5397,3.7321524180652137,True,True,LAMB2 [ENST00000305544]
60424,CHD1,chromodomain helicase DNA binding protein 1,ENSG00000153922,ENST00000511067,5,5397,3.7321524180652137,True,True,CHD1 [ENST00000511067]
35558,CCDC88A,coiled-coil domain containing 88A,ENSG00000115355,ENST00000413716,2,5394,3.7319109421168726,False,True,CCDC88A [ENST00000413716]
93750,KIF1B,kinesin family member 1B,ENSG00000054523,ENST00000622724,1,5394,3.7319109421168726,True,True,KIF1B [ENST00000622724]
2735,TSPOAP1,TSPO associated protein 1,ENSG00000005379,ENST00000268893,17,5394,3.7319109421168726,False,True,TSPOAP1 [ENST00000268893]
107874,ANK2,ankyrin 2,ENSG00000145362,ENST00000673546,4,5394,3.7319109421168726,True,True,ANK2 [ENST00000673546]
117271,FANCM,FA complementation group M,ENSG00000187790,ENST00000696647,14,5391,3.7316693318286362,True,True,FANCM [ENST00000696647]
102383,CCDC88A,coiled-coil domain containing 88A,ENSG00000115355,ENST00000646796,2,5391,3.7316693318286362,False,True,CCDC88A [ENST00000646796]
89592,ZSWIM8,zinc finger SWIM-type containing 8,ENSG00000214655,ENST00000603114,10,5391,3.7316693318286362,False,True,ZSWIM8 [ENST00000603114]
4730,COL14A1,collagen type XIV alpha 1 chain,ENSG00000187955,ENST00000297848,8,5391,3.7316693318286362,False,True,COL14A1 [ENST00000297848]
27526,TET3,tet methylcytosine dioxygenase 3,ENSG00000187605,ENST00000409262,2,5388,3.731427587050948,True,True,TET3 [ENST00000409262]
12745,MYLK,myosin light chain kinase,ENSG00000065534,ENST00000346322,3,5385,3.7311857076340003,True,True,MYLK [ENST00000346322]
4796,MPRIP,myosin phosphatase Rho interacting protein,ENSG00000133030,ENST00000313485,17,5385,3.7311857076340003,False,True,MPRIP [ENST00000313485]
60380,C4orf54,chromosome 4 open reading frame 54,ENSG00000248713,ENST00000511828,4,5382,3.7309436934277356,False,True,C4orf54 [ENST00000511828]
116248,KMT2C,lysine methyltransferase 2C,ENSG00000055609,ENST00000684649,7,5382,3.7309436934277356,True,True,KMT2C [ENST00000684649]
114419,KMT2A,lysine methyltransferase 2A,ENSG00000118058,ENST00000686370,11,5381,3.730862992046494,True,True,KMT2A [ENST00000686370]
62440,NUP98,nucleoporin 98 and 96 precursor,ENSG00000110713,ENST00000527104,11,5379,3.730701544281845,False,True,NUP98 [ENST00000527104]
49164,ANK3,ankyrin 3,ENSG00000151150,ENST00000467420,10,5379,3.730701544281845,True,True,ANK3 [ENST00000467420]
9909,RBBP6,"RB binding protein 6, ubiquitin ligase",ENSG00000122257,ENST00000319715,16,5379,3.730701544281845,False,True,RBBP6 [ENST00000319715]
98758,BTBD8,BTB domain containing 8,ENSG00000189195,ENST00000636805,1,5379,3.730701544281845,False,True,BTBD8 [ENST00000636805]
35146,KMT2C,lysine methyltransferase 2C,ENSG00000055609,ENST00000418061,7,5379,3.730701544281845,True,True,KMT2C [ENST00000418061]
107379,SCN11A,sodium voltage-gated channel alpha subunit 11,ENSG00000168356,ENST00000668754,3,5376,3.7304592600457687,True,True,SCN11A [ENST00000668754]
56108,KIF1A,kinesin family member 1A,ENSG00000130294,ENST00000498729,2,5376,3.7304592600457687,True,True,KIF1A [ENST00000498729]
116967,KIF1B,kinesin family member 1B,ENSG00000054523,ENST00000696504,1,5376,3.7304592600457687,True,True,KIF1B [ENST00000696504]
119980,NUP98,nucleoporin 98 and 96 precursor,ENSG00000110713,ENST00000700597,11,5376,3.7304592600457687,False,True,NUP98 [ENST00000700597]
116771,KIF1B,kinesin family member 1B,ENSG00000054523,ENST00000696503,1,5376,3.7304592600457687,True,True,KIF1B [ENST00000696503]
7589,SCN11A,sodium voltage-gated channel alpha subunit 11,ENSG00000168356,ENST00000302328,3,5376,3.7304592600457687,True,True,SCN11A [ENST00000302328]
18365,PAPPA2,pappalysin 2,ENSG00000116183,ENST00000367662,1,5376,3.7304592600457687,True,True,PAPPA2 [ENST00000367662]
116555,DICER1,"dicer 1, ribonuclease III",ENSG00000100697,ENST00000696924,14,5373,3.730216840568694,True,True,DICER1 [ENST00000696924]
92026,PCDH15,protocadherin related 15,ENSG00000150275,ENST00000613657,10,5373,3.730216840568694,True,True,PCDH15 [ENST00000613657]
10675,FNDC1,fibronectin type III domain containing 1,ENSG00000164694,ENST00000329629,6,5373,3.730216840568694,False,True,FNDC1 [ENST00000329629]
117464,DICER1,"dicer 1, ribonuclease III",ENSG00000100697,ENST00000696733,14,5373,3.730216840568694,True,True,DICER1 [ENST00000696733]
115614,CNTRL,centriolin,ENSG00000119397,ENST00000685839,9,5373,3.730216840568694,False,True,CNTRL [ENST00000685839]
112160,KMT2C,lysine methyltransferase 2C,ENSG00000055609,ENST00000683502,7,5370,3.7299742856995555,True,True,KMT2C [ENST00000683502]
117326,DICER1,"dicer 1, ribonuclease III",ENSG00000100697,ENST00000696923,14,5370,3.7299742856995555,True,True,DICER1 [ENST00000696923]
116414,DICER1,"dicer 1, ribonuclease III",ENSG00000100697,ENST00000696734,14,5370,3.7299742856995555,True,True,DICER1 [ENST00000696734]
21164,SVIL,supervillin,ENSG00000197321,ENST00000375400,10,5367,3.7297315952870354,True,True,SVIL [ENST00000375400]
1066,LAMB1,laminin subunit beta 1,ENSG00000091136,ENST00000222399,7,5361,3.7292458072253067,True,True,LAMB1 [ENST00000222399]
114466,DCDC1,doublecortin domain containing 1,ENSG00000170959,ENST00000684477,11,5361,3.7292458072253067,False,True,DCDC1 [ENST00000684477]
50394,ABI3BP,ABI family member 3 binding protein,ENSG00000154175,ENST00000471714,3,5361,3.7292458072253067,False,True,ABI3BP [ENST00000471714]
21090,DMBT1,deleted in malignant brain tumors 1,ENSG00000187908,ENST00000368956,10,5358,3.7290027092721902,False,True,DMBT1 [ENST00000368956]
108424,ANK2,ankyrin 2,ENSG00000145362,ENST00000672684,4,5358,3.7290027092721902,True,True,ANK2 [ENST00000672684]
12551,DMBT1,deleted in malignant brain tumors 1,ENSG00000187908,ENST00000330163,10,5358,3.7290027092721902,False,True,DMBT1 [ENST00000330163]
18551,ARFGEF2,ADP ribosylation factor guanine nucleotide exchange factor 2,ENSG00000124198,ENST00000371917,20,5358,3.7290027092721902,True,True,ARFGEF2 [ENST00000371917]
66633,BCORL1,BCL6 corepressor like 1,ENSG00000085185,ENST00000540052,X,5358,3.7290027092721902,True,True,BCORL1 [ENST00000540052]
109543,ARFGEF2,ADP ribosylation factor guanine nucleotide exchange factor 2,ENSG00000124198,ENST00000679436,20,5355,3.7287594751678745,True,True,ARFGEF2 [ENST00000679436]
16873,TSC2,TSC complex subunit 2,ENSG00000103197,ENST00000350773,16,5355,3.7287594751678745,True,True,TSC2 [ENST00000350773]
23639,SIPA1L1,signal induced proliferation associated 1 like 1,ENSG00000197555,ENST00000381232,14,5352,3.7285161047597666,False,True,SIPA1L1 [ENST00000381232]
29426,PCDH15,protocadherin related 15,ENSG00000150275,ENST00000395445,10,5352,3.7285161047597666,True,True,PCDH15 [ENST00000395445]
89429,DCDC1,doublecortin domain containing 1,ENSG00000170959,ENST00000597505,11,5352,3.7285161047597666,False,True,DCDC1 [ENST00000597505]
119170,NUP98,nucleoporin 98 and 96 precursor,ENSG00000110713,ENST00000700598,11,5352,3.7285161047597666,False,True,NUP98 [ENST00000700598]
103953,KIF1A,kinesin family member 1A,ENSG00000130294,ENST00000648129,2,5349,3.728272597895017,True,True,KIF1A [ENST00000648129]
103162,TSC2,TSC complex subunit 2,ENSG00000103197,ENST00000643946,16,5349,3.728272597895017,True,True,TSC2 [ENST00000643946]
2291,AKAP12,A-kinase anchoring protein 12,ENSG00000131016,ENST00000253332,6,5349,3.728272597895017,False,True,AKAP12 [ENST00000253332]
14190,SIPA1L1,signal induced proliferation associated 1 like 1,ENSG00000197555,ENST00000358550,14,5349,3.728272597895017,False,True,SIPA1L1 [ENST00000358550]
105394,KIF1A,kinesin family member 1A,ENSG00000130294,ENST00000650130,2,5349,3.728272597895017,True,True,KIF1A [ENST00000650130]
29922,AKAP12,A-kinase anchoring protein 12,ENSG00000131016,ENST00000402676,6,5349,3.728272597895017,False,True,AKAP12 [ENST00000402676]
117729,EPG5,ectopic P-granules 5 autophagy tethering factor,ENSG00000152223,ENST00000696485,18,5349,3.728272597895017,True,True,EPG5 [ENST00000696485]
86770,EPG5,ectopic P-granules 5 autophagy tethering factor,ENSG00000152223,ENST00000590884,18,5349,3.728272597895017,True,True,EPG5 [ENST00000590884]
16075,AFDN,"afadin, adherens junction formation factor",ENSG00000130396,ENST00000366806,6,5346,3.7280289544205183,False,True,AFDN [ENST00000366806]
1280,SIPA1L3,signal induced proliferation associated 1 like 3,ENSG00000105738,ENST00000222345,19,5346,3.7280289544205183,False,True,SIPA1L3 [ENST00000222345]
105446,KAT6B,lysine acetyltransferase 6B,ENSG00000156650,ENST00000649006,10,5346,3.7280289544205183,True,True,KAT6B [ENST00000649006]
97296,KAT6B,lysine acetyltransferase 6B,ENSG00000281813,ENST00000628038,CHR_HG2191_PATCH,5346,3.7280289544205183,True,True,KAT6B [ENST00000628038]
103334,TSC2,TSC complex subunit 2,ENSG00000103197,ENST00000644399,16,5346,3.7280289544205183,True,True,TSC2 [ENST00000644399]
19101,KAT6B,lysine acetyltransferase 6B,ENSG00000156650,ENST00000372714,10,5346,3.7280289544205183,True,True,KAT6B [ENST00000372714]
105833,KAT6B,lysine acetyltransferase 6B,ENSG00000281813,ENST00000649574,CHR_HG2191_PATCH,5346,3.7280289544205183,True,True,KAT6B [ENST00000649574]
97574,KAT6B,lysine acetyltransferase 6B,ENSG00000281813,ENST00000629233,CHR_HG2191_PATCH,5346,3.7280289544205183,True,True,KAT6B [ENST00000629233]
105213,KAT6B,lysine acetyltransferase 6B,ENSG00000156650,ENST00000648892,10,5346,3.7280289544205183,True,True,KAT6B [ENST00000648892]
105998,KAT6B,lysine acetyltransferase 6B,ENSG00000281813,ENST00000650575,CHR_HG2191_PATCH,5346,3.7280289544205183,True,True,KAT6B [ENST00000650575]
21699,KAT6B,lysine acetyltransferase 6B,ENSG00000156650,ENST00000372725,10,5346,3.7280289544205183,True,True,KAT6B [ENST00000372725]
5284,COL14A1,collagen type XIV alpha 1 chain,ENSG00000187955,ENST00000309791,8,5343,3.727785174182906,False,True,COL14A1 [ENST00000309791]
106432,FRMPD4,FERM and PDZ domain containing 4,ENSG00000169933,ENST00000656302,X,5343,3.727785174182906,True,True,FRMPD4 [ENST00000656302]
2700,KIF20B,kinesin family member 20B,ENSG00000138182,ENST00000260753,10,5343,3.727785174182906,False,True,KIF20B [ENST00000260753]
45107,ANKRD36C,ankyrin repeat domain 36C,ENSG00000174501,ENST00000456556,2,5337,3.7272972028035873,False,True,ANKRD36C [ENST00000456556]
11521,DLEC1,DLEC1 cilia and flagella associated protein,ENSG00000008226,ENST00000346219,3,5337,3.7272972028035873,False,True,DLEC1 [ENST00000346219]
93473,MUC2,"mucin 2, oligomeric mucus/gel-forming",ENSG00000278466,ENST00000622511,CHR_HSCHR11_3_CTG1,5337,3.7272972028035873,False,True,MUC2 [ENST00000622511]
115835,DOP1B,DOP1 leucine zipper like protein B,ENSG00000142197,ENST00000685394,21,5337,3.7272972028035873,False,True,DOP1B [ENST00000685394]
107330,ANK2,ankyrin 2,ENSG00000145362,ENST00000672759,4,5334,3.727053011353857,True,True,ANK2 [ENST00000672759]
77773,LTBP2,latent transforming growth factor beta binding protein 2,ENSG00000119681,ENST00000556690,14,5334,3.727053011353857,True,True,LTBP2 [ENST00000556690]
4663,FRMPD3,FERM and PDZ domain containing 3,ENSG00000147234,ENST00000276185,X,5334,3.727053011353857,False,True,FRMPD3 [ENST00000276185]
108584,ANK2,ankyrin 2,ENSG00000145362,ENST00000671951,4,5334,3.727053011353857,True,True,ANK2 [ENST00000671951]
114872,FRMPD3,FERM and PDZ domain containing 3,ENSG00000147234,ENST00000683843,X,5334,3.727053011353857,False,True,FRMPD3 [ENST00000683843]
55530,CACNA1G,calcium voltage-gated channel subunit alpha1 G,ENSG00000006283,ENST00000506406,17,5331,3.726808682524964,True,True,CACNA1G [ENST00000506406]
121215,TRIP12,thyroid hormone receptor interactor 12,ENSG00000153827,ENST00000704584,2,5331,3.726808682524964,True,True,TRIP12 [ENST00000704584]
47576,STRC,stereocilin,ENSG00000242866,ENST00000450892,15,5328,3.7265642161622448,True,True,STRC [ENST00000450892]
98109,EIF4G3,eukaryotic translation initiation factor 4 gamma 3,ENSG00000075151,ENST00000634879,1,5325,3.726319612110775,False,True,EIF4G3 [ENST00000634879]
70051,PKD1L2,polycystin 1 like 2 (gene/pseudogene),ENSG00000166473,ENST00000533478,16,5324,3.7262380468026377,False,True,PKD1L2 [ENST00000533478]
20873,CNTRL,centriolin,ENSG00000119397,ENST00000373850,9,5322,3.72607487021537,False,True,CNTRL [ENST00000373850]
74715,MUC22,mucin 22,ENSG00000261272,ENST00000561890,6,5322,3.72607487021537,False,True,MUC22 [ENST00000561890]
111535,SIPA1L2,signal induced proliferation associated 1 like 2,ENSG00000116991,ENST00000676213,1,5322,3.72607487021537,False,True,SIPA1L2 [ENST00000676213]
14585,TOGARAM1,TOG array regulator of axonemal microtubules 1,ENSG00000198718,ENST00000361462,14,5322,3.72607487021537,True,True,TOGARAM1 [ENST00000361462]
32874,WNK2,WNK lysine deficient protein kinase 2,ENSG00000165238,ENST00000411624,9,5322,3.72607487021537,False,True,WNK2 [ENST00000411624]
2711,KIDINS220,kinase D interacting substrate 220,ENSG00000134313,ENST00000256707,2,5316,3.725584972270694,True,True,KIDINS220 [ENST00000256707]
108625,ANK2,ankyrin 2,ENSG00000145362,ENST00000673453,4,5313,3.725339815909737,True,True,ANK2 [ENST00000673453]
4200,KIF1B,kinesin family member 1B,ENSG00000054523,ENST00000263934,1,5313,3.725339815909737,True,True,KIF1B [ENST00000263934]
24741,KIF13A,kinesin family member 13A,ENSG00000137177,ENST00000378826,6,5313,3.725339815909737,False,True,KIF13A [ENST00000378826]
2777,N4BP2,NEDD4 binding protein 2,ENSG00000078177,ENST00000261435,4,5313,3.725339815909737,False,True,N4BP2 [ENST00000261435]
74652,LTBP2,latent transforming growth factor beta binding protein 2,ENSG00000119681,ENST00000553939,14,5310,3.725094521081469,True,True,LTBP2 [ENST00000553939]
104268,TSC2,TSC complex subunit 2,ENSG00000103197,ENST00000644329,16,5310,3.725094521081469,True,True,TSC2 [ENST00000644329]
94872,TJP1,tight junction protein 1,ENSG00000104067,ENST00000614355,15,5307,3.7248490876293854,False,True,TJP1 [ENST00000614355]
108844,ANK2,ankyrin 2,ENSG00000145362,ENST00000673044,4,5307,3.7248490876293854,True,True,ANK2 [ENST00000673044]
94126,TJP1,tight junction protein 1,ENSG00000277401,ENST00000621049,CHR_HSCHR15_4_CTG8,5307,3.7248490876293854,False,True,TJP1 [ENST00000621049]
107622,ANK2,ankyrin 2,ENSG00000145362,ENST00000672315,4,5307,3.7248490876293854,True,True,ANK2 [ENST00000672315]
109046,NALCN,"sodium leak channel, non-selective",ENSG00000102452,ENST00000675332,13,5304,3.7246035153967165,True,True,NALCN [ENST00000675332]
14497,COL11A1,collagen type XI alpha 1 chain,ENSG00000060718,ENST00000353414,1,5304,3.7246035153967165,True,True,COL11A1 [ENST00000353414]
39365,KMT2C,lysine methyltransferase 2C,ENSG00000055609,ENST00000424877,7,5301,3.7243578042264267,True,True,KMT2C [ENST00000424877]
16904,LTN1,listerin E3 ubiquitin protein ligase 1,ENSG00000198862,ENST00000361371,21,5301,3.7243578042264267,False,True,LTN1 [ENST00000361371]
26635,LTN1,listerin E3 ubiquitin protein ligase 1,ENSG00000198862,ENST00000389194,21,5301,3.7243578042264267,False,True,LTN1 [ENST00000389194]
57252,CACNA1G,calcium voltage-gated channel subunit alpha1 G,ENSG00000006283,ENST00000504076,17,5298,3.7241119539612124,True,True,CACNA1G [ENST00000504076]
111917,KMT2C,lysine methyltransferase 2C,ENSG00000055609,ENST00000683178,7,5298,3.7241119539612124,True,True,KMT2C [ENST00000683178]
9157,RGPD8,RANBP2 like and GRIP domain containing 8,ENSG00000169629,ENST00000302558,2,5298,3.7241119539612124,False,True,RGPD8 [ENST00000302558]
145,RGPD5,RANBP2 like and GRIP domain containing 5,ENSG00000015568,ENST00000016946,2,5298,3.7241119539612124,False,True,RGPD5 [ENST00000016946]
9388,RGPD6,RANBP2 like and GRIP domain containing 6,ENSG00000183054,ENST00000329516,2,5298,3.7241119539612124,False,True,RGPD6 [ENST00000329516]
117824,KIDINS220,kinase D interacting substrate 220,ENSG00000134313,ENST00000691030,2,5295,3.7238659644435037,True,True,KIDINS220 [ENST00000691030]
121008,TNS1,tensin 1,ENSG00000079308,ENST00000705226,2,5295,3.7238659644435037,False,True,TNS1 [ENST00000705226]
103348,TSC2,TSC complex subunit 2,ENSG00000103197,ENST00000644043,16,5295,3.7238659644435037,True,True,TSC2 [ENST00000644043]
108582,ANK2,ankyrin 2,ENSG00000145362,ENST00000671756,4,5292,3.7236198355154633,True,True,ANK2 [ENST00000671756]
103301,TSC2,TSC complex subunit 2,ENSG00000103197,ENST00000642936,16,5292,3.7236198355154633,True,True,TSC2 [ENST00000642936]
36882,ARID2,AT-rich interaction domain 2,ENSG00000189079,ENST00000422737,12,5289,3.7233735670189843,True,True,ARID2 [ENST00000422737]
110685,FRMPD4,FERM and PDZ domain containing 4,ENSG00000169933,ENST00000675598,X,5289,3.7233735670189843,True,True,FRMPD4 [ENST00000675598]
25201,ADAMTSL1,ADAMTS like 1,ENSG00000178031,ENST00000380548,9,5289,3.7233735670189843,False,True,ADAMTSL1 [ENST00000380548]
348,LAMB4,laminin subunit beta 4,ENSG00000091128,ENST00000205386,7,5286,3.7231271587956916,False,True,LAMB4 [ENST00000205386]
110296,GBF1,golgi brefeldin A resistant guanine nucleotide exchange factor 1,ENSG00000107862,ENST00000678351,10,5286,3.7231271587956916,True,True,GBF1 [ENST00000678351]
26481,LAMB4,laminin subunit beta 4,ENSG00000091128,ENST00000388781,7,5286,3.7231271587956916,False,True,LAMB4 [ENST00000388781]
4607,KDM3B,lysine demethylase 3B,ENSG00000120733,ENST00000314358,5,5286,3.7231271587956916,True,True,KDM3B [ENST00000314358]
111719,GBF1,golgi brefeldin A resistant guanine nucleotide exchange factor 1,ENSG00000107862,ENST00000679238,10,5286,3.7231271587956916,True,True,GBF1 [ENST00000679238]
99366,TSC2,TSC complex subunit 2,ENSG00000103197,ENST00000642561,16,5283,3.722880610686939,True,True,TSC2 [ENST00000642561]
4995,RGPD3,RANBP2 like and GRIP domain containing 3,ENSG00000153165,ENST00000304514,2,5283,3.722880610686939,False,True,RGPD3 [ENST00000304514]
120410,MYO5B,myosin VB,ENSG00000167306,ENST00000697219,18,5283,3.722880610686939,True,True,MYO5B [ENST00000697219]
23321,CASZ1,castor zinc finger 1,ENSG00000130940,ENST00000377022,1,5280,3.722633922533812,False,True,CASZ1 [ENST00000377022]
102674,RBBP6,"RB binding protein 6, ubiquitin ligase",ENSG00000122257,ENST00000646282,16,5279,3.7225516620009587,False,True,RBBP6 [ENST00000646282]
115485,KMT2A,lysine methyltransferase 2A,ENSG00000118058,ENST00000685397,11,5279,3.7225516620009587,True,True,KMT2A [ENST00000685397]
28351,RGPD4,RANBP2 like and GRIP domain containing 4,ENSG00000196862,ENST00000408999,2,5277,3.7223870941771238,False,True,RGPD4 [ENST00000408999]
107968,ANK2,ankyrin 2,ENSG00000145362,ENST00000672246,4,5277,3.7223870941771238,True,True,ANK2 [ENST00000672246]
60195,CACNA1G,calcium voltage-gated channel subunit alpha1 G,ENSG00000006283,ENST00000511765,17,5277,3.7223870941771238,True,True,CACNA1G [ENST00000511765]
31440,ARID1B,AT-rich interaction domain 1B,ENSG00000049618,ENST00000414678,6,5277,3.7223870941771238,True,True,ARID1B [ENST00000414678]
34961,RGPD3,RANBP2 like and GRIP domain containing 3,ENSG00000153165,ENST00000409886,2,5277,3.7223870941771238,False,True,RGPD3 [ENST00000409886]
40373,FRMPD3,FERM and PDZ domain containing 3,ENSG00000147234,ENST00000439554,X,5277,3.7223870941771238,False,True,FRMPD3 [ENST00000439554]
16583,RBBP6,"RB binding protein 6, ubiquitin ligase",ENSG00000122257,ENST00000348022,16,5277,3.7223870941771238,False,True,RBBP6 [ENST00000348022]
110029,GBF1,golgi brefeldin A resistant guanine nucleotide exchange factor 1,ENSG00000107862,ENST00000677618,10,5274,3.7221401254574156,True,True,GBF1 [ENST00000677618]
23124,KIF13A,kinesin family member 13A,ENSG00000137177,ENST00000378843,6,5274,3.7221401254574156,False,True,KIF13A [ENST00000378843]
28079,RGPD1,RANBP2 like and GRIP domain containing 1,ENSG00000187627,ENST00000398193,2,5271,3.7218930162149575,False,True,RGPD1 [ENST00000398193]
10394,PPL,periplakin,ENSG00000118898,ENST00000345988,16,5271,3.7218930162149575,False,True,PPL [ENST00000345988]
98875,RGPD1,RANBP2 like and GRIP domain containing 1,ENSG00000187627,ENST00000641458,2,5271,3.7218930162149575,False,True,RGPD1 [ENST00000641458]
29273,RGPD2,RANBP2 like and GRIP domain containing 2,ENSG00000185304,ENST00000398146,2,5271,3.7218930162149575,False,True,RGPD2 [ENST00000398146]
8471,DLEC1,DLEC1 cilia and flagella associated protein,ENSG00000008226,ENST00000308059,3,5268,3.7216457662897464,False,True,DLEC1 [ENST00000308059]
26013,BCOR,BCL6 corepressor,ENSG00000183337,ENST00000378444,X,5268,3.7216457662897464,True,True,BCOR [ENST00000378444]
91603,BCOR,BCL6 corepressor,ENSG00000183337,ENST00000615339,X,5268,3.7216457662897464,True,True,BCOR [ENST00000615339]
108943,ANK2,ankyrin 2,ENSG00000145362,ENST00000672731,4,5268,3.7216457662897464,True,True,ANK2 [ENST00000672731]
110393,BCOR,BCL6 corepressor,ENSG00000183337,ENST00000679513,X,5268,3.7216457662897464,True,True,BCOR [ENST00000679513]
18867,UBR2,ubiquitin protein ligase E3 component n-recognin 2,ENSG00000024048,ENST00000372899,6,5268,3.7216457662897464,False,True,UBR2 [ENST00000372899]
107954,BCOR,BCL6 corepressor,ENSG00000183337,ENST00000672922,X,5268,3.7216457662897464,True,True,BCOR [ENST00000672922]
28159,BCOR,BCL6 corepressor,ENSG00000183337,ENST00000406200,X,5268,3.7216457662897464,True,True,BCOR [ENST00000406200]
111927,BCOR,BCL6 corepressor,ENSG00000183337,ENST00000680831,X,5268,3.7216457662897464,True,True,BCOR [ENST00000680831]
21499,UBR2,ubiquitin protein ligase E3 component n-recognin 2,ENSG00000024048,ENST00000372901,6,5268,3.7216457662897464,False,True,UBR2 [ENST00000372901]
17103,COL18A1,collagen type XVIII alpha 1 chain,ENSG00000182871,ENST00000359759,21,5265,3.721398375521505,True,True,COL18A1 [ENST00000359759]
16539,CDC42BPA,CDC42 binding protein kinase alpha,ENSG00000143776,ENST00000366766,1,5265,3.721398375521505,False,True,CDC42BPA [ENST00000366766]
82972,PPL,periplakin,ENSG00000118898,ENST00000590782,16,5265,3.721398375521505,False,True,PPL [ENST00000590782]
113417,NOTCH1,notch receptor 1,ENSG00000148400,ENST00000680778,9,5265,3.721398375521505,True,True,NOTCH1 [ENST00000680778]
64398,NUP98,nucleoporin 98 and 96 precursor,ENSG00000110713,ENST00000529379,11,5262,3.721150843749684,False,True,NUP98 [ENST00000529379]
44751,SCN11A,sodium voltage-gated channel alpha subunit 11,ENSG00000168356,ENST00000456224,3,5262,3.721150843749684,True,True,SCN11A [ENST00000456224]
56240,CACNA1G,calcium voltage-gated channel subunit alpha1 G,ENSG00000006283,ENST00000503436,17,5262,3.721150843749684,True,True,CACNA1G [ENST00000503436]
120134,NUP98,nucleoporin 98 and 96 precursor,ENSG00000110713,ENST00000700603,11,5262,3.721150843749684,False,True,NUP98 [ENST00000700603]
45425,ITGB4,integrin subunit beta 4,ENSG00000132470,ENST00000450894,17,5259,3.7209031708134575,True,True,ITGB4 [ENST00000450894]
79200,ITGB4,integrin subunit beta 4,ENSG00000132470,ENST00000579662,17,5259,3.7209031708134575,True,True,ITGB4 [ENST00000579662]
51875,KIDINS220,kinase D interacting substrate 220,ENSG00000134313,ENST00000473731,2,5259,3.7209031708134575,True,True,KIDINS220 [ENST00000473731]
80730,TSC2,TSC complex subunit 2,ENSG00000103197,ENST00000568454,16,5256,3.7206553565517244,True,True,TSC2 [ENST00000568454]
72179,WDR90,WD repeat domain 90,ENSG00000161996,ENST00000549091,16,5253,3.7204074008031087,False,True,WDR90 [ENST00000549091]
5380,KNDC1,kinase non-catalytic C-lobe domain containing 1,ENSG00000171798,ENST00000304613,10,5250,3.720159303405957,False,True,KNDC1 [ENST00000304613]
4016,IFT172,intraflagellar transport 172,ENSG00000138002,ENST00000260570,2,5250,3.720159303405957,True,True,IFT172 [ENST00000260570]
24778,KIF13A,kinesin family member 13A,ENSG00000137177,ENST00000378814,6,5250,3.720159303405957,False,True,KIF13A [ENST00000378814]
5134,UBR1,ubiquitin protein ligase E3 component n-recognin 1,ENSG00000159459,ENST00000290650,15,5250,3.720159303405957,True,True,UBR1 [ENST00000290650]
21076,NUP188,nucleoporin 188,ENSG00000095319,ENST00000372577,9,5250,3.720159303405957,True,True,NUP188 [ENST00000372577]
11758,TJP1,tight junction protein 1,ENSG00000104067,ENST00000346128,15,5247,3.719911064198339,False,True,TJP1 [ENST00000346128]
4866,WDR90,WD repeat domain 90,ENSG00000161996,ENST00000293879,16,5247,3.719911064198339,False,True,WDR90 [ENST00000293879]
110224,NOTCH1,notch receptor 1,ENSG00000148400,ENST00000679595,9,5247,3.719911064198339,True,True,NOTCH1 [ENST00000679595]
116609,RGPD6,RANBP2 like and GRIP domain containing 6,ENSG00000183054,ENST00000696448,2,5247,3.719911064198339,False,True,RGPD6 [ENST00000696448]
115933,EIF4G3,eukaryotic translation initiation factor 4 gamma 3,ENSG00000075151,ENST00000685872,1,5244,3.7196626830180466,False,True,EIF4G3 [ENST00000685872]
6250,RESF1,retroelement silencing factor 1,ENSG00000174718,ENST00000312561,12,5244,3.7196626830180466,False,True,RESF1 [ENST00000312561]
26946,DSCAM,DS cell adhesion molecule,ENSG00000171587,ENST00000404019,21,5241,3.7194141597025934,False,True,DSCAM [ENST00000404019]
77211,PEAK1,pseudopodium enriched atypical kinase 1,ENSG00000173517,ENST00000560626,15,5241,3.7194141597025934,False,True,PEAK1 [ENST00000560626]
113274,PEAK1,pseudopodium enriched atypical kinase 1,ENSG00000173517,ENST00000682557,15,5241,3.7194141597025934,False,True,PEAK1 [ENST00000682557]
8879,PEAK1,pseudopodium enriched atypical kinase 1,ENSG00000173517,ENST00000312493,15,5241,3.7194141597025934,False,True,PEAK1 [ENST00000312493]
58899,CACNA1G,calcium voltage-gated channel subunit alpha1 G,ENSG00000006283,ENST00000511768,17,5241,3.7194141597025934,True,True,CACNA1G [ENST00000511768]
3898,COL5A3,collagen type V alpha 3 chain,ENSG00000080573,ENST00000264828,19,5238,3.7191654940892134,False,True,COL5A3 [ENST00000264828]
77169,AKAP13,A-kinase anchoring protein 13,ENSG00000170776,ENST00000559362,15,5236,3.718999637878718,False,True,AKAP13 [ENST00000559362]
24705,C4A,complement C4A (Rodgers blood group),ENSG00000206340,ENST00000383325,CHR_HSCHR6_MHC_QBL_CTG1,5235,3.718916686014861,True,True,C4A [ENST00000383325]
20119,C4B,complement C4B (Chido blood group),ENSG00000228454,ENST00000375177,CHR_HSCHR6_MHC_SSTO_CTG1,5235,3.718916686014861,True,True,C4B [ENST00000375177]
33054,C4A,complement C4A (Rodgers blood group),ENSG00000227746,ENST00000421274,CHR_HSCHR6_MHC_MCF_CTG1,5235,3.718916686014861,True,True,C4A [ENST00000421274]
46746,C4B,complement C4B (Chido blood group),ENSG00000236625,ENST00000449788,CHR_HSCHR6_MHC_DBB_CTG1,5235,3.718916686014861,True,True,C4B [ENST00000449788]
42339,C4B,complement C4B (Chido blood group),ENSG00000224389,ENST00000435363,6,5235,3.718916686014861,True,True,C4B [ENST00000435363]
39037,C4A,complement C4A (Rodgers blood group),ENSG00000244731,ENST00000428956,6,5235,3.718916686014861,True,True,C4A [ENST00000428956]
40931,C4B_2,"complement component 4B (Chido blood group), copy 2",ENSG00000233312,ENST00000435500,CHR_HSCHR6_MHC_SSTO_CTG1,5235,3.718916686014861,False,True,C4B_2 [ENST00000435500]
32742,C4B,complement C4B (Chido blood group),ENSG00000228267,ENST00000411583,CHR_HSCHR6_MHC_COX_CTG1,5235,3.718916686014861,True,True,C4B [ENST00000411583]
18582,C4A,complement C4A (Rodgers blood group),ENSG00000244207,ENST00000375295,CHR_HSCHR6_MHC_DBB_CTG1,5235,3.718916686014861,True,True,C4A [ENST00000375295]
8014,KIF26A,kinesin family member 26A,ENSG00000066735,ENST00000315264,14,5232,3.718667735316211,True,True,KIF26A [ENST00000315264]
20210,WNK3,WNK lysine deficient protein kinase 3,ENSG00000196632,ENST00000375169,X,5232,3.718667735316211,False,True,WNK3 [ENST00000375169]
22626,AFDN,"afadin, adherens junction formation factor",ENSG00000130396,ENST00000392112,6,5232,3.718667735316211,False,True,AFDN [ENST00000392112]
2890,MYO5C,myosin VC,ENSG00000128833,ENST00000261839,15,5229,3.7184186418296554,False,True,MYO5C [ENST00000261839]
8763,NWD2,NACHT and WD repeat domain containing 2,ENSG00000174145,ENST00000309447,4,5229,3.7184186418296554,False,True,NWD2 [ENST00000309447]
29240,MARF1,meiosis regulator and mRNA stability factor 1,ENSG00000166783,ENST00000396368,16,5229,3.7184186418296554,False,True,MARF1 [ENST00000396368]
94216,MARF1,meiosis regulator and mRNA stability factor 1,ENSG00000277140,ENST00000621511,CHR_HSCHR16_1_CTG1,5229,3.7184186418296554,False,True,MARF1 [ENST00000621511]
74109,MARF1,meiosis regulator and mRNA stability factor 1,ENSG00000166783,ENST00000551742,16,5229,3.7184186418296554,False,True,MARF1 [ENST00000551742]
32167,ATG2A,autophagy related 2A,ENSG00000110046,ENST00000418259,11,5229,3.7184186418296554,False,True,ATG2A [ENST00000418259]
23015,RREB1,ras responsive element binding protein 1,ENSG00000124782,ENST00000379938,6,5229,3.7184186418296554,False,True,RREB1 [ENST00000379938]
97012,MARF1,meiosis regulator and mRNA stability factor 1,ENSG00000277140,ENST00000632628,CHR_HSCHR16_1_CTG1,5229,3.7184186418296554,False,True,MARF1 [ENST00000632628]
99895,TSC2,TSC complex subunit 2,ENSG00000103197,ENST00000642797,16,5226,3.718169405391307,True,True,TSC2 [ENST00000642797]
110201,ASH1L,ASH1 like histone lysine methyltransferase,ENSG00000116539,ENST00000678699,1,5226,3.718169405391307,True,True,ASH1L [ENST00000678699]
84199,TNRC6C,trinucleotide repeat containing adaptor 6C,ENSG00000078687,ENST00000588061,17,5223,3.7179200258369938,False,True,TNRC6C [ENST00000588061]
37844,RALGAPA2,Ral GTPase activating protein catalytic subunit alpha 2,ENSG00000188559,ENST00000430436,20,5223,3.7179200258369938,False,True,RALGAPA2 [ENST00000430436]
101988,PCDH15,protocadherin related 15,ENSG00000150275,ENST00000644397,10,5223,3.7179200258369938,True,True,PCDH15 [ENST00000644397]
26886,TSC2,TSC complex subunit 2,ENSG00000103197,ENST00000401874,16,5223,3.7179200258369938,True,True,TSC2 [ENST00000401874]
95183,CHD2,chromodomain helicase DNA binding protein 2,ENSG00000173575,ENST00000626874,15,5220,3.717670503002262,True,True,CHD2 [ENST00000626874]
102133,TSC2,TSC complex subunit 2,ENSG00000103197,ENST00000644335,16,5220,3.717670503002262,True,True,TSC2 [ENST00000644335]
97222,MARF1,meiosis regulator and mRNA stability factor 1,ENSG00000277140,ENST00000632465,CHR_HSCHR16_1_CTG1,5220,3.717670503002262,False,True,MARF1 [ENST00000632465]
71583,MARF1,meiosis regulator and mRNA stability factor 1,ENSG00000166783,ENST00000548025,16,5220,3.717670503002262,False,True,MARF1 [ENST00000548025]
108397,ANK2,ankyrin 2,ENSG00000145362,ENST00000672986,4,5220,3.717670503002262,True,True,ANK2 [ENST00000672986]
102586,ITPR1,"inositol 1,4,5-trisphosphate receptor type 1",ENSG00000150995,ENST00000648212,3,5220,3.717670503002262,True,True,ITPR1 [ENST00000648212]
115973,DOT1L,DOT1 like histone lysine methyltransferase,ENSG00000104885,ENST00000686010,19,5217,3.717420836722375,False,True,DOT1L [ENST00000686010]
2239,NALCN,"sodium leak channel, non-selective",ENSG00000102452,ENST00000251127,13,5217,3.717420836722375,True,True,NALCN [ENST00000251127]
64218,ARHGAP32,Rho GTPase activating protein 32,ENSG00000134909,ENST00000527272,11,5217,3.717420836722375,False,True,ARHGAP32 [ENST00000527272]
102192,TSC2,TSC complex subunit 2,ENSG00000103197,ENST00000643088,16,5217,3.717420836722375,True,True,TSC2 [ENST00000643088]
26137,ARHGAP32,Rho GTPase activating protein 32,ENSG00000134909,ENST00000392657,11,5217,3.717420836722375,False,True,ARHGAP32 [ENST00000392657]
39698,BCOR,BCL6 corepressor,ENSG00000183337,ENST00000427012,X,5214,3.71717102683231,True,True,BCOR [ENST00000427012]
6951,NUP210L,nucleoporin 210 like,ENSG00000143552,ENST00000271854,1,5211,3.7169210731667612,False,True,NUP210L [ENST00000271854]
71435,COL11A2,collagen type XI alpha 2 chain,ENSG00000227801,ENST00000549811,CHR_HSCHR6_MHC_COX_CTG1,5211,3.7169210731667612,True,True,COL11A2 [ENST00000549811]
13036,COL11A2,collagen type XI alpha 2 chain,ENSG00000204248,ENST00000341947,6,5211,3.7169210731667612,True,True,COL11A2 [ENST00000341947]
71097,COL11A2,collagen type XI alpha 2 chain,ENSG00000206290,ENST00000549836,CHR_HSCHR6_MHC_QBL_CTG1,5211,3.7169210731667612,True,True,COL11A2 [ENST00000549836]
72838,COL11A2,collagen type XI alpha 2 chain,ENSG00000223699,ENST00000551413,CHR_HSCHR6_MHC_MANN_CTG1,5211,3.7169210731667612,True,True,COL11A2 [ENST00000551413]
70709,COL11A2,collagen type XI alpha 2 chain,ENSG00000235708,ENST00000549885,CHR_HSCHR6_MHC_MCF_CTG1,5211,3.7169210731667612,True,True,COL11A2 [ENST00000549885]
72762,COL11A2,collagen type XI alpha 2 chain,ENSG00000230930,ENST00000551758,CHR_HSCHR6_MHC_DBB_CTG1,5211,3.7169210731667612,True,True,COL11A2 [ENST00000551758]
55706,CACNA1G,calcium voltage-gated channel subunit alpha1 G,ENSG00000006283,ENST00000503607,17,5208,3.7166709755601355,True,True,CACNA1G [ENST00000503607]
151,TNS1,tensin 1,ENSG00000079308,ENST00000171887,2,5208,3.7166709755601355,False,True,TNS1 [ENST00000171887]
115748,LARP4B,La ribonucleoprotein 4B,ENSG00000107929,ENST00000689323,10,5208,3.7166709755601355,False,True,LARP4B [ENST00000689323]
65859,EXPH5,exophilin 5,ENSG00000110723,ENST00000526312,11,5200,3.716003343634799,True,True,EXPH5 [ENST00000526312]
7556,RICTOR,RPTOR independent companion of MTOR complex 2,ENSG00000164327,ENST00000296782,5,5199,3.7159198174335795,False,True,RICTOR [ENST00000296782]
92441,PKD1L3,"polycystin 1 like 3, transient receptor potential channel interacting",ENSG00000277481,ENST00000620267,16,5199,3.7159198174335795,False,True,PKD1L3 [ENST00000620267]
10447,CDC42BPA,CDC42 binding protein kinase alpha,ENSG00000143776,ENST00000334218,1,5199,3.7159198174335795,False,True,CDC42BPA [ENST00000334218]
22254,NRAP,nebulin related anchoring protein,ENSG00000197893,ENST00000369358,10,5196,3.71566914240099,False,True,NRAP [ENST00000369358]
72023,ARHGEF28,Rho guanine nucleotide exchange factor 28,ENSG00000214944,ENST00000545377,5,5196,3.71566914240099,False,True,ARHGEF28 [ENST00000545377]
40592,ARHGEF28,Rho guanine nucleotide exchange factor 28,ENSG00000214944,ENST00000437974,5,5196,3.71566914240099,False,True,ARHGEF28 [ENST00000437974]
109831,SCN11A,sodium voltage-gated channel alpha subunit 11,ENSG00000168356,ENST00000675892,3,5196,3.71566914240099,True,True,SCN11A [ENST00000675892]
62855,TIAM2,TIAM Rac1 associated GEF 2,ENSG00000146426,ENST00000529824,6,5193,3.715418322595056,False,True,TIAM2 [ENST00000529824]
107716,CUL7,cullin 7,ENSG00000044090,ENST00000674100,6,5193,3.715418322595056,True,True,CUL7 [ENST00000674100]
106978,CUL7,cullin 7,ENSG00000044090,ENST00000674134,6,5193,3.715418322595056,True,True,CUL7 [ENST00000674134]
17224,NRAP,nebulin related anchoring protein,ENSG00000197893,ENST00000359988,10,5193,3.715418322595056,False,True,NRAP [ENST00000359988]
56606,ANK2,ankyrin 2,ENSG00000145362,ENST00000504454,4,5191,3.7152510288788494,True,True,ANK2 [ENST00000504454]
14389,TNKS1BP1,tankyrase 1 binding protein 1,ENSG00000149115,ENST00000358252,11,5190,3.7151673578484576,False,True,TNKS1BP1 [ENST00000358252]
66543,TNKS1BP1,tankyrase 1 binding protein 1,ENSG00000149115,ENST00000532437,11,5190,3.7151673578484576,False,True,TNKS1BP1 [ENST00000532437]
113083,ARFGEF2,ADP ribosylation factor guanine nucleotide exchange factor 2,ENSG00000124198,ENST00000681021,20,5187,3.714916247993585,True,True,ARFGEF2 [ENST00000681021]
103446,KIF1A,kinesin family member 1A,ENSG00000130294,ENST00000647885,2,5187,3.714916247993585,True,True,KIF1A [ENST00000647885]
101317,MBD5,methyl-CpG binding domain protein 5,ENSG00000204406,ENST00000642680,2,5184,3.714664992862537,True,True,MBD5 [ENST00000642680]
110892,IFT172,intraflagellar transport 172,ENSG00000138002,ENST00000675690,2,5184,3.714664992862537,True,True,IFT172 [ENST00000675690]
14431,KIF26B,kinesin family member 26B,ENSG00000162849,ENST00000366518,1,5184,3.714664992862537,False,True,KIF26B [ENST00000366518]
10309,SUPT6H,"SPT6 homolog, histone chaperone and transcription elongation factor",ENSG00000109111,ENST00000347486,17,5181,3.714413592287121,False,True,SUPT6H [ENST00000347486]
110594,ASH1L,ASH1 like histone lysine methyltransferase,ENSG00000116539,ENST00000677042,1,5181,3.714413592287121,True,True,ASH1L [ENST00000677042]
14660,NUP98,nucleoporin 98 and 96 precursor,ENSG00000110713,ENST00000355260,11,5181,3.714413592287121,False,True,NUP98 [ENST00000355260]
6423,SUPT6H,"SPT6 homolog, histone chaperone and transcription elongation factor",ENSG00000109111,ENST00000314616,17,5181,3.714413592287121,False,True,SUPT6H [ENST00000314616]
17070,SYNE1,spectrin repeat containing nuclear envelope protein 1,ENSG00000131018,ENST00000367253,6,5178,3.714162046098853,True,True,SYNE1 [ENST00000367253]
17548,TIAM2,TIAM Rac1 associated GEF 2,ENSG00000146426,ENST00000360366,6,5178,3.714162046098853,False,True,TIAM2 [ENST00000360366]
8734,LAMA3,laminin subunit alpha 3,ENSG00000053747,ENST00000269217,18,5175,3.7139103541289553,True,True,LAMA3 [ENST00000269217]
26204,PARP4,poly(ADP-ribose) polymerase family member 4,ENSG00000102699,ENST00000381989,13,5175,3.7139103541289553,False,True,PARP4 [ENST00000381989]
105260,KIF1A,kinesin family member 1A,ENSG00000130294,ENST00000649306,2,5175,3.7139103541289553,True,True,KIF1A [ENST00000649306]
12090,TNRC6B,trinucleotide repeat containing adaptor 6B,ENSG00000100354,ENST00000335727,22,5172,3.7136585162083566,True,True,TNRC6B [ENST00000335727]
108785,SIPA1L2,signal induced proliferation associated 1 like 2,ENSG00000116991,ENST00000674635,1,5169,3.713406532167691,False,True,SIPA1L2 [ENST00000674635]
14666,SIPA1L2,signal induced proliferation associated 1 like 2,ENSG00000116991,ENST00000366630,1,5169,3.713406532167691,False,True,SIPA1L2 [ENST00000366630]
72056,UNC13A,unc-13 homolog A,ENSG00000130477,ENST00000551649,19,5169,3.713406532167691,False,True,UNC13A [ENST00000551649]
24417,TRIP12,thyroid hormone receptor interactor 12,ENSG00000153827,ENST00000389045,2,5169,3.713406532167691,True,True,TRIP12 [ENST00000389045]
25134,LRRIQ1,leucine rich repeats and IQ motif containing 1,ENSG00000133640,ENST00000393217,12,5169,3.713406532167691,False,True,LRRIQ1 [ENST00000393217]
4486,LY75,lymphocyte antigen 75,ENSG00000054219,ENST00000263636,2,5169,3.713406532167691,False,True,LY75 [ENST00000263636]
10106,FMN2,formin 2,ENSG00000155816,ENST00000319653,1,5169,3.713406532167691,True,True,FMN2 [ENST00000319653]
26936,LTBP1,latent transforming growth factor beta binding protein 1,ENSG00000049323,ENST00000404816,2,5166,3.7131544018372984,True,True,LTBP1 [ENST00000404816]
31084,BCOR,BCL6 corepressor,ENSG00000183337,ENST00000397354,X,5166,3.7131544018372984,True,True,BCOR [ENST00000397354]
13183,BCOR,BCL6 corepressor,ENSG00000183337,ENST00000342274,X,5166,3.7131544018372984,True,True,BCOR [ENST00000342274]
32929,TNS1,tensin 1,ENSG00000079308,ENST00000419504,2,5166,3.7131544018372984,False,True,TNS1 [ENST00000419504]
106868,BCOR,BCL6 corepressor,ENSG00000183337,ENST00000673391,X,5166,3.7131544018372984,True,True,BCOR [ENST00000673391]
25638,ITSN1,intersectin 1,ENSG00000205726,ENST00000381318,21,5166,3.7131544018372984,False,True,ITSN1 [ENST00000381318]
16470,TOGARAM1,TOG array regulator of axonemal microtubules 1,ENSG00000198718,ENST00000361577,14,5163,3.7129021250472225,True,True,TOGARAM1 [ENST00000361577]
3820,POLR1A,RNA polymerase I subunit A,ENSG00000068654,ENST00000263857,2,5163,3.7129021250472225,True,True,POLR1A [ENST00000263857]
109550,TRPM3,transient receptor potential cation channel subfamily M member 3,ENSG00000083067,ENST00000677713,9,5160,3.7126497016272113,True,True,TRPM3 [ENST00000677713]
16615,CDC42BPA,CDC42 binding protein kinase alpha,ENSG00000143776,ENST00000366769,1,5160,3.7126497016272113,False,True,CDC42BPA [ENST00000366769]
98468,MON2,"MON2 homolog, regulator of endosome-to-Golgi trafficking",ENSG00000061987,ENST00000641654,12,5157,3.712397131406715,False,True,MON2 [ENST00000641654]
2088,PRDM2,PR/SET domain 2,ENSG00000116731,ENST00000235372,1,5157,3.712397131406715,False,True,PRDM2 [ENST00000235372]
115647,SBF2,SET binding factor 2,ENSG00000133812,ENST00000688344,11,5157,3.712397131406715,True,True,SBF2 [ENST00000688344]
6718,PRDM2,PR/SET domain 2,ENSG00000116731,ENST00000311066,1,5157,3.712397131406715,False,True,PRDM2 [ENST00000311066]
2690,PHLPP1,PH domain and leucine rich repeat protein phosphatase 1,ENSG00000081913,ENST00000262719,18,5154,3.712144414214886,False,True,PHLPP1 [ENST00000262719]
24783,MON2,"MON2 homolog, regulator of endosome-to-Golgi trafficking",ENSG00000061987,ENST00000393630,12,5154,3.712144414214886,False,True,MON2 [ENST00000393630]
29082,ITSN1,intersectin 1,ENSG00000205726,ENST00000399367,21,5151,3.711891549880579,False,True,ITSN1 [ENST00000399367]
121564,NRXN2,neurexin 2,ENSG00000110076,ENST00000704782,11,5148,3.711638538232349,False,True,NRXN2 [ENST00000704782]
54715,TTC3,tetratricopeptide repeat domain 3,ENSG00000182670,ENST00000492275,21,5148,3.711638538232349,False,True,TTC3 [ENST00000492275]
115535,SBF1,SET binding factor 1,ENSG00000100241,ENST00000686801,22,5148,3.711638538232349,True,True,SBF1 [ENST00000686801]
49549,TTC3,tetratricopeptide repeat domain 3,ENSG00000182670,ENST00000463216,21,5148,3.711638538232349,False,True,TTC3 [ENST00000463216]
69058,DICER1,"dicer 1, ribonuclease III",ENSG00000100697,ENST00000532939,14,5148,3.711638538232349,True,True,DICER1 [ENST00000532939]
117082,DICER1,"dicer 1, ribonuclease III",ENSG00000100697,ENST00000696737,14,5148,3.711638538232349,True,True,DICER1 [ENST00000696737]
93219,TNS1,tensin 1,ENSG00000079308,ENST00000615025,2,5145,3.7113853790984517,False,True,TNS1 [ENST00000615025]
19259,COL24A1,collagen type XXIV alpha 1 chain,ENSG00000171502,ENST00000370571,1,5145,3.7113853790984517,False,True,COL24A1 [ENST00000370571]
24326,DDX60,DExD/H-box helicase 60,ENSG00000137628,ENST00000393743,4,5139,3.710878617685173,False,True,DDX60 [ENST00000393743]
2762,NRXN2,neurexin 2,ENSG00000110076,ENST00000265459,11,5139,3.710878617685173,False,True,NRXN2 [ENST00000265459]
16782,COL4A2,collagen type IV alpha 2 chain,ENSG00000134871,ENST00000360467,13,5139,3.710878617685173,True,True,COL4A2 [ENST00000360467]
1248,BCORL1,BCL6 corepressor like 1,ENSG00000085185,ENST00000218147,X,5136,3.710625015060797,True,True,BCORL1 [ENST00000218147]
24738,MON2,"MON2 homolog, regulator of endosome-to-Golgi trafficking",ENSG00000061987,ENST00000393629,12,5136,3.710625015060797,False,True,MON2 [ENST00000393629]
15847,CDC42BPB,CDC42 binding protein kinase beta,ENSG00000198752,ENST00000361246,14,5136,3.710625015060797,True,True,CDC42BPB [ENST00000361246]
15710,TRPM3,transient receptor potential cation channel subfamily M member 3,ENSG00000083067,ENST00000357533,9,5136,3.710625015060797,True,True,TRPM3 [ENST00000357533]
93921,CHD1,chromodomain helicase DNA binding protein 1,ENSG00000153922,ENST00000614616,5,5133,3.710371264260763,True,True,CHD1 [ENST00000614616]
23142,CEP152,centrosomal protein 152,ENSG00000103995,ENST00000380950,15,5133,3.710371264260763,True,True,CEP152 [ENST00000380950]
20208,ANKRD26,ankyrin repeat domain containing 26,ENSG00000107890,ENST00000376087,10,5133,3.710371264260763,True,True,ANKRD26 [ENST00000376087]
109668,NALCN,"sodium leak channel, non-selective",ENSG00000102452,ENST00000676315,13,5130,3.7101173651118162,True,True,NALCN [ENST00000676315]
40926,ANKRD26,ankyrin repeat domain containing 26,ENSG00000107890,ENST00000436985,10,5130,3.7101173651118162,True,True,ANKRD26 [ENST00000436985]
29265,KIAA1210,KIAA1210,ENSG00000250423,ENST00000402510,X,5130,3.7101173651118162,False,True,KIAA1210 [ENST00000402510]
12469,SIGLEC1,sialic acid binding Ig like lectin 1,ENSG00000088827,ENST00000344754,20,5130,3.7101173651118162,False,True,SIGLEC1 [ENST00000344754]
109720,ASH1L,ASH1 like histone lysine methyltransferase,ENSG00000116539,ENST00000676814,1,5130,3.7101173651118162,True,True,ASH1L [ENST00000676814]
108768,ANK2,ankyrin 2,ENSG00000145362,ENST00000673536,4,5127,3.709863317440399,True,True,ANK2 [ENST00000673536]
103245,KIF1A,kinesin family member 1A,ENSG00000130294,ENST00000648680,2,5127,3.709863317440399,True,True,KIF1A [ENST00000648680]
14503,RICTOR,RPTOR independent companion of MTOR complex 2,ENSG00000164327,ENST00000357387,5,5127,3.709863317440399,False,True,RICTOR [ENST00000357387]
3628,SETD1A,"SET domain containing 1A, histone lysine methyltransferase",ENSG00000099381,ENST00000262519,16,5124,3.7096091210726487,True,True,SETD1A [ENST00000262519]
28097,COL4A6,collagen type IV alpha 6 chain,ENSG00000197565,ENST00000394872,X,5124,3.7096091210726487,False,True,COL4A6 [ENST00000394872]
25126,TRPM3,transient receptor potential cation channel subfamily M member 3,ENSG00000083067,ENST00000377110,9,5124,3.7096091210726487,True,True,TRPM3 [ENST00000377110]
115258,SETD1A,"SET domain containing 1A, histone lysine methyltransferase",ENSG00000099381,ENST00000684162,16,5124,3.7096091210726487,True,True,SETD1A [ENST00000684162]
113831,DDX60L,DExD/H-box 60 like,ENSG00000181381,ENST00000682922,4,5121,3.709354775834396,False,True,DDX60L [ENST00000682922]
58944,DDX60L,DExD/H-box 60 like,ENSG00000181381,ENST00000511577,4,5121,3.709354775834396,False,True,DDX60L [ENST00000511577]
3295,XRN1,5'-3' exoribonuclease 1,ENSG00000114127,ENST00000264951,3,5121,3.709354775834396,False,True,XRN1 [ENST00000264951]
60742,ARHGEF28,Rho guanine nucleotide exchange factor 28,ENSG00000214944,ENST00000513042,5,5118,3.7091002815511667,False,True,ARHGEF28 [ENST00000513042]
38106,ARHGEF28,Rho guanine nucleotide exchange factor 28,ENSG00000214944,ENST00000426542,5,5118,3.7091002815511667,False,True,ARHGEF28 [ENST00000426542]
2706,ALPK3,alpha kinase 3,ENSG00000136383,ENST00000258888,15,5118,3.7091002815511667,True,True,ALPK3 [ENST00000258888]
31177,NRXN2,neurexin 2,ENSG00000110076,ENST00000409571,11,5118,3.7091002815511667,False,True,NRXN2 [ENST00000409571]
5500,ARAP2,"ArfGAP with RhoGAP domain, ankyrin repeat and PH domain 2",ENSG00000047365,ENST00000303965,4,5115,3.708845638048179,False,True,ARAP2 [ENST00000303965]
121697,PBRM1,polybromo 1,ENSG00000163939,ENST00000707071,3,5115,3.708845638048179,False,True,PBRM1 [ENST00000707071]
40382,TSC2,TSC complex subunit 2,ENSG00000103197,ENST00000439673,16,5115,3.708845638048179,True,True,TSC2 [ENST00000439673]
8672,ABCA3,ATP binding cassette subfamily A member 3,ENSG00000167972,ENST00000301732,16,5115,3.708845638048179,True,True,ABCA3 [ENST00000301732]
109162,SIPA1L2,signal induced proliferation associated 1 like 2,ENSG00000116991,ENST00000675685,1,5115,3.708845638048179,False,True,SIPA1L2 [ENST00000675685]
110803,SIPA1L2,signal induced proliferation associated 1 like 2,ENSG00000116991,ENST00000675407,1,5115,3.708845638048179,False,True,SIPA1L2 [ENST00000675407]
107021,SIPA1L2,signal induced proliferation associated 1 like 2,ENSG00000116991,ENST00000674749,1,5115,3.708845638048179,False,True,SIPA1L2 [ENST00000674749]
59953,UNC13A,unc-13 homolog A,ENSG00000130477,ENST00000519716,19,5112,3.7085908451503435,False,True,UNC13A [ENST00000519716]
20445,NRAP,nebulin related anchoring protein,ENSG00000197893,ENST00000369360,10,5112,3.7085908451503435,False,True,NRAP [ENST00000369360]
25148,BCOR,BCL6 corepressor,ENSG00000183337,ENST00000378455,X,5112,3.7085908451503435,True,True,BCOR [ENST00000378455]
8475,TET3,tet methylcytosine dioxygenase 3,ENSG00000187605,ENST00000305799,2,5109,3.7083359026822635,True,True,TET3 [ENST00000305799]
114065,TIAM2,TIAM Rac1 associated GEF 2,ENSG00000146426,ENST00000682666,6,5106,3.7080808104682315,False,True,TIAM2 [ENST00000682666]
121623,SIGLEC1,sialic acid binding Ig like lectin 1,ENSG00000088827,ENST00000707083,20,5106,3.7080808104682315,False,True,SIGLEC1 [ENST00000707083]
48991,TIAM2,TIAM Rac1 associated GEF 2,ENSG00000146426,ENST00000461783,6,5106,3.7080808104682315,False,True,TIAM2 [ENST00000461783]
89326,LRRC37A3,leucine rich repeat containing 37 member A3,ENSG00000275621,ENST00000611424,CHR_HSCHR17_1_CTG5,5103,3.7078255683322316,False,True,LRRC37A3 [ENST00000611424]
91754,LRRC37A2,leucine rich repeat containing 37 member A2,ENSG00000274332,ENST00000614665,CHR_HSCHR17_1_CTG5,5103,3.7078255683322316,False,True,LRRC37A2 [ENST00000614665]
22438,SPHKAP,"SPHK1 interactor, AKAP domain containing",ENSG00000153820,ENST00000392056,2,5103,3.7078255683322316,False,True,SPHKAP [ENST00000392056]
118937,NBAS,NBAS subunit of NRZ tethering complex,ENSG00000151779,ENST00000700061,2,5103,3.7078255683322316,True,True,NBAS [ENST00000700061]
88921,LRRC37A2,leucine rich repeat containing 37 member A2,ENSG00000277221,ENST00000611862,CHR_HSCHR17_2_CTG5,5103,3.7078255683322316,False,True,LRRC37A2 [ENST00000611862]
90295,LRRC37A,leucine rich repeat containing 37A,ENSG00000278742,ENST00000611823,CHR_HSCHR17_1_CTG5,5103,3.7078255683322316,False,True,LRRC37A [ENST00000611823]
82210,LRRC37A2,leucine rich repeat containing 37 member A2,ENSG00000238083,ENST00000576629,17,5103,3.7078255683322316,False,True,LRRC37A2 [ENST00000576629]
13820,LRRC37A,leucine rich repeat containing 37A,ENSG00000176681,ENST00000320254,17,5103,3.7078255683322316,False,True,LRRC37A [ENST00000320254]
21333,CNTRL,centriolin,ENSG00000119397,ENST00000373847,9,5103,3.7078255683322316,False,True,CNTRL [ENST00000373847]
17399,CDC42BPA,CDC42 binding protein kinase alpha,ENSG00000143776,ENST00000366764,1,5100,3.7075701760979363,False,True,CDC42BPA [ENST00000366764]
104066,KIF1A,kinesin family member 1A,ENSG00000130294,ENST00000647731,2,5100,3.7075701760979363,True,True,KIF1A [ENST00000647731]
103499,WIZ,WIZ zinc finger,ENSG00000011451,ENST00000643092,19,5100,3.7075701760979363,False,True,WIZ [ENST00000643092]
102023,KIF1A,kinesin family member 1A,ENSG00000130294,ENST00000648364,2,5100,3.7075701760979363,True,True,KIF1A [ENST00000648364]
73122,C4A,complement C4A (Rodgers blood group),ENSG00000244207,ENST00000546746,CHR_HSCHR6_MHC_DBB_CTG1,5097,3.707314633588708,True,True,C4A [ENST00000546746]
71813,C4B,complement C4B (Chido blood group),ENSG00000236625,ENST00000546399,CHR_HSCHR6_MHC_DBB_CTG1,5097,3.707314633588708,True,True,C4B [ENST00000546399]
70530,C4B_2,"complement component 4B (Chido blood group), copy 2",ENSG00000233312,ENST00000552464,CHR_HSCHR6_MHC_SSTO_CTG1,5097,3.707314633588708,False,True,C4B_2 [ENST00000552464]
37614,C4B,complement C4B (Chido blood group),ENSG00000224389,ENST00000425700,6,5097,3.707314633588708,True,True,C4B [ENST00000425700]
72369,C4B,complement C4B (Chido blood group),ENSG00000228267,ENST00000548530,CHR_HSCHR6_MHC_COX_CTG1,5097,3.707314633588708,True,True,C4B [ENST00000548530]
72535,C4A,complement C4A (Rodgers blood group),ENSG00000206340,ENST00000549812,CHR_HSCHR6_MHC_QBL_CTG1,5097,3.707314633588708,True,True,C4A [ENST00000549812]
72697,C4B,complement C4B (Chido blood group),ENSG00000228454,ENST00000548301,CHR_HSCHR6_MHC_SSTO_CTG1,5097,3.707314633588708,True,True,C4B [ENST00000548301]
57409,C4A,complement C4A (Rodgers blood group),ENSG00000244731,ENST00000498271,6,5097,3.707314633588708,True,True,C4A [ENST00000498271]
72812,C4A,complement C4A (Rodgers blood group),ENSG00000227746,ENST00000550297,CHR_HSCHR6_MHC_MCF_CTG1,5097,3.707314633588708,True,True,C4A [ENST00000550297]
116832,CUL7,cullin 7,ENSG00000044090,ENST00000690231,6,5097,3.707314633588708,True,True,CUL7 [ENST00000690231]
3255,CUL7,cullin 7,ENSG00000044090,ENST00000265348,6,5097,3.707314633588708,True,True,CUL7 [ENST00000265348]
12055,KIF1A,kinesin family member 1A,ENSG00000130294,ENST00000320389,2,5097,3.707314633588708,True,True,KIF1A [ENST00000320389]
17265,ITSN2,intersectin 2,ENSG00000198399,ENST00000355123,2,5094,3.707058940627596,False,True,ITSN2 [ENST00000355123]
74262,UNC13A,unc-13 homolog A,ENSG00000130477,ENST00000552293,19,5094,3.707058940627596,False,True,UNC13A [ENST00000552293]
17598,NRAP,nebulin related anchoring protein,ENSG00000197893,ENST00000360478,10,5088,3.7065471026403576,False,True,NRAP [ENST00000360478]
74843,TRIP11,thyroid hormone receptor interactor 11,ENSG00000100815,ENST00000554357,14,5088,3.7065471026403576,True,True,TRIP11 [ENST00000554357]
24064,XRN1,5'-3' exoribonuclease 1,ENSG00000114127,ENST00000392981,3,5085,3.7062909572587635,False,True,XRN1 [ENST00000392981]
9602,PLCH1,phospholipase C eta 1,ENSG00000114805,ENST00000340059,3,5082,3.7060346607143506,True,True,PLCH1 [ENST00000340059]
65682,RIMS1,regulating synaptic membrane exocytosis 1,ENSG00000079841,ENST00000521978,6,5079,3.705778212828598,True,True,RIMS1 [ENST00000521978]
30886,TJP1,tight junction protein 1,ENSG00000104067,ENST00000400011,15,5079,3.705778212828598,False,True,TJP1 [ENST00000400011]
90491,TJP1,tight junction protein 1,ENSG00000277401,ENST00000612628,CHR_HSCHR15_4_CTG8,5079,3.705778212828598,False,True,TJP1 [ENST00000612628]
24949,TSC2,TSC complex subunit 2,ENSG00000103197,ENST00000382538,16,5079,3.705778212828598,True,True,TSC2 [ENST00000382538]
6636,TOPAZ1,testis and ovary specific TOPAZ 1,ENSG00000173769,ENST00000309765,3,5079,3.705778212828598,False,True,TOPAZ1 [ENST00000309765]
11140,COL4A5,collagen type IV alpha 5 chain,ENSG00000188153,ENST00000328300,X,5076,3.705521613422667,True,True,COL4A5 [ENST00000328300]
112740,ALS2,alsin Rho guanine nucleotide exchange factor ALS2,ENSG00000003393,ENST00000680497,2,5076,3.705521613422667,True,True,ALS2 [ENST00000680497]
21661,COL4A6,collagen type IV alpha 6 chain,ENSG00000197565,ENST00000372216,X,5076,3.705521613422667,False,True,COL4A6 [ENST00000372216]
5007,ADAMTSL3,ADAMTS like 3,ENSG00000156218,ENST00000286744,15,5076,3.705521613422667,False,True,ADAMTSL3 [ENST00000286744]
12833,COL4A6,collagen type IV alpha 6 chain,ENSG00000197565,ENST00000334504,X,5073,3.7052648623174043,False,True,COL4A6 [ENST00000334504]
106369,KIF1A,kinesin family member 1A,ENSG00000130294,ENST00000650053,2,5073,3.7052648623174043,True,True,KIF1A [ENST00000650053]
34228,BCOR,BCL6 corepressor,ENSG00000183337,ENST00000413905,X,5073,3.7052648623174043,True,True,BCOR [ENST00000413905]
60849,COL11A1,collagen type XI alpha 1 chain,ENSG00000060718,ENST00000512756,1,5073,3.7052648623174043,True,True,COL11A1 [ENST00000512756]
26931,COL4A4,collagen type IV alpha 4 chain,ENSG00000081052,ENST00000396625,2,5073,3.7052648623174043,True,True,COL4A4 [ENST00000396625]
29253,KDM5A,lysine demethylase 5A,ENSG00000073614,ENST00000399788,12,5073,3.7052648623174043,False,True,KDM5A [ENST00000399788]
105193,KIF1A,kinesin family member 1A,ENSG00000130294,ENST00000649096,2,5073,3.7052648623174043,True,True,KIF1A [ENST00000649096]
108663,ANK2,ankyrin 2,ENSG00000145362,ENST00000671893,4,5070,3.705007959333336,True,True,ANK2 [ENST00000671893]
7221,PBRM1,polybromo 1,ENSG00000163939,ENST00000296302,3,5070,3.705007959333336,False,True,PBRM1 [ENST00000296302]
87558,MROH2A,maestro heat like repeat family member 2A,ENSG00000185038,ENST00000610772,2,5067,3.704750904290671,False,True,MROH2A [ENST00000610772]
111726,TJP1,tight junction protein 1,ENSG00000104067,ENST00000677774,15,5067,3.704750904290671,False,True,TJP1 [ENST00000677774]
74241,MON2,"MON2 homolog, regulator of endosome-to-Golgi trafficking",ENSG00000061987,ENST00000552738,12,5067,3.704750904290671,False,True,MON2 [ENST00000552738]
25210,RREB1,ras responsive element binding protein 1,ENSG00000124782,ENST00000379933,6,5064,3.7044936970092985,False,True,RREB1 [ENST00000379933]
16030,RREB1,ras responsive element binding protein 1,ENSG00000124782,ENST00000349384,6,5064,3.7044936970092985,False,True,RREB1 [ENST00000349384]
118852,PRKDC,"protein kinase, DNA-activated, catalytic subunit",ENSG00000253729,ENST00000697603,8,5064,3.7044936970092985,True,True,PRKDC [ENST00000697603]
47170,ZNF142,zinc finger protein 142,ENSG00000115568,ENST00000449707,2,5064,3.7044936970092985,True,True,ZNF142 [ENST00000449707]
95593,SHPRH,SNF2 histone linker PHD RING helicase,ENSG00000146414,ENST00000629427,6,5064,3.7044936970092985,False,True,SHPRH [ENST00000629427]
118180,PCF11,PCF11 cleavage and polyadenylation factor subunit,ENSG00000165494,ENST00000690938,11,5061,3.7042363373087874,False,True,PCF11 [ENST00000690938]
2790,PIK3C2A,phosphatidylinositol-4-phosphate 3-kinase catalytic subunit type 2 alpha,ENSG00000011405,ENST00000265970,11,5061,3.7042363373087874,True,True,PIK3C2A [ENST00000265970]
117740,PIK3C2A,phosphatidylinositol-4-phosphate 3-kinase catalytic subunit type 2 alpha,ENSG00000011405,ENST00000691414,11,5061,3.7042363373087874,True,True,PIK3C2A [ENST00000691414]
22551,ADAMTS7,ADAM metallopeptidase with thrombospondin type 1 motif 7,ENSG00000136378,ENST00000388820,15,5061,3.7042363373087874,False,True,ADAMTS7 [ENST00000388820]
77754,CDC42BPB,CDC42 binding protein kinase beta,ENSG00000198752,ENST00000559043,14,5058,3.703978825008386,True,True,CDC42BPB [ENST00000559043]
14520,COL4A5,collagen type IV alpha 5 chain,ENSG00000188153,ENST00000361603,X,5058,3.703978825008386,True,True,COL4A5 [ENST00000361603]
46213,PLCH1,phospholipase C eta 1,ENSG00000114805,ENST00000460012,3,5058,3.703978825008386,True,True,PLCH1 [ENST00000460012]
15800,MYOM1,myomesin 1,ENSG00000101605,ENST00000356443,18,5058,3.703978825008386,False,True,MYOM1 [ENST00000356443]
10331,USP54,ubiquitin specific peptidase 54,ENSG00000166348,ENST00000339859,10,5055,3.70372115992702,False,True,USP54 [ENST00000339859]
9154,GCC2,GRIP and coiled-coil domain containing 2,ENSG00000135968,ENST00000309863,2,5055,3.70372115992702,False,True,GCC2 [ENST00000309863]
115143,USP54,ubiquitin specific peptidase 54,ENSG00000166348,ENST00000687698,10,5055,3.70372115992702,False,True,USP54 [ENST00000687698]
15243,AKAP12,A-kinase anchoring protein 12,ENSG00000131016,ENST00000354675,6,5055,3.70372115992702,False,True,AKAP12 [ENST00000354675]
19340,SHPRH,SNF2 histone linker PHD RING helicase,ENSG00000146414,ENST00000367505,6,5052,3.703463341883293,False,True,SHPRH [ENST00000367505]
5605,SHPRH,SNF2 histone linker PHD RING helicase,ENSG00000146414,ENST00000275233,6,5052,3.703463341883293,False,True,SHPRH [ENST00000275233]
114649,KMT2A,lysine methyltransferase 2A,ENSG00000118058,ENST00000689424,11,5051,3.7033773685123497,True,True,KMT2A [ENST00000689424]
116321,C5,complement C5,ENSG00000106804,ENST00000696281,9,5049,3.7032053706954864,True,True,C5 [ENST00000696281]
1393,KDM6B,lysine demethylase 6B,ENSG00000132510,ENST00000254846,17,5049,3.7032053706954864,True,True,KDM6B [ENST00000254846]
79085,ADAMTSL3,ADAMTS like 3,ENSG00000156218,ENST00000567476,15,5049,3.7032053706954864,False,True,ADAMTSL3 [ENST00000567476]
52407,CLTC,clathrin heavy chain,ENSG00000141367,ENST00000472651,17,5049,3.7032053706954864,True,True,CLTC [ENST00000472651]
42991,SCN7A,sodium voltage-gated channel alpha subunit 7,ENSG00000136546,ENST00000441411,2,5049,3.7032053706954864,False,True,SCN7A [ENST00000441411]
93562,PCDH15,protocadherin related 15,ENSG00000150275,ENST00000621708,10,5049,3.7032053706954864,True,True,PCDH15 [ENST00000621708]
102825,SCN7A,sodium voltage-gated channel alpha subunit 7,ENSG00000136546,ENST00000643258,2,5049,3.7032053706954864,False,True,SCN7A [ENST00000643258]
110303,GBF1,golgi brefeldin A resistant guanine nucleotide exchange factor 1,ENSG00000107862,ENST00000677655,10,5049,3.7032053706954864,True,True,GBF1 [ENST00000677655]
113664,DDX60,DExD/H-box helicase 60,ENSG00000137628,ENST00000680771,4,5049,3.7032053706954864,False,True,DDX60 [ENST00000680771]
110857,LAMB1,laminin subunit beta 1,ENSG00000091136,ENST00000677793,7,5049,3.7032053706954864,True,True,LAMB1 [ENST00000677793]
42560,MAST4,microtubule associated serine/threonine kinase family member 4,ENSG00000069020,ENST00000443808,5,5043,3.7026889681591335,False,True,MAST4 [ENST00000443808]
119053,CLTC,clathrin heavy chain,ENSG00000141367,ENST00000700709,17,5043,3.7026889681591335,True,True,CLTC [ENST00000700709]
121482,SPTAN1,"spectrin alpha, non-erythrocytic 1",ENSG00000197694,ENST00000704206,9,5040,3.7024305364455254,True,True,SPTAN1 [ENST00000704206]
103600,RAPGEF2,Rap guanine nucleotide exchange factor 2,ENSG00000109756,ENST00000644474,4,5040,3.7024305364455254,False,True,RAPGEF2 [ENST00000644474]
79169,CLTC,clathrin heavy chain,ENSG00000141367,ENST00000580081,17,5040,3.7024305364455254,True,True,CLTC [ENST00000580081]
102910,SMARCA4,"SWI/SNF related, matrix associated, actin dependent regulator of chromatin, subfamily a, member 4",ENSG00000127616,ENST00000646693,19,5040,3.7024305364455254,True,True,SMARCA4 [ENST00000646693]
119264,CLTC,clathrin heavy chain,ENSG00000141367,ENST00000700711,17,5040,3.7024305364455254,True,True,CLTC [ENST00000700711]
101110,ZNF831,zinc finger protein 831,ENSG00000124203,ENST00000637017,20,5034,3.701913211212344,False,True,ZNF831 [ENST00000637017]
18002,PCDH15,protocadherin related 15,ENSG00000150275,ENST00000373965,10,5034,3.701913211212344,True,True,PCDH15 [ENST00000373965]
22018,ZNF831,zinc finger protein 831,ENSG00000124203,ENST00000371030,20,5034,3.701913211212344,False,True,ZNF831 [ENST00000371030]
15019,AKAP12,A-kinase anchoring protein 12,ENSG00000131016,ENST00000359755,6,5034,3.701913211212344,False,True,AKAP12 [ENST00000359755]
102101,KAT6A,lysine acetyltransferase 6A,ENSG00000083168,ENST00000648335,8,5032,3.7017406324372124,True,True,KAT6A [ENST00000648335]
119714,CLTC,clathrin heavy chain,ENSG00000141367,ENST00000700713,17,5031,3.7016543173257483,True,True,CLTC [ENST00000700713]
97665,LRRC37A2,leucine rich repeat containing 37 member A2,ENSG00000277221,ENST00000633100,CHR_HSCHR17_2_CTG5,5031,3.7016543173257483,False,True,LRRC37A2 [ENST00000633100]
73942,UNC13A,unc-13 homolog A,ENSG00000130477,ENST00000550896,19,5031,3.7016543173257483,False,True,UNC13A [ENST00000550896]
1074,C5,complement C5,ENSG00000106804,ENST00000223642,9,5031,3.7016543173257483,True,True,C5 [ENST00000223642]
93705,TJP1,tight junction protein 1,ENSG00000277401,ENST00000613680,CHR_HSCHR15_4_CTG8,5031,3.7016543173257483,False,True,TJP1 [ENST00000613680]
71203,MON2,"MON2 homolog, regulator of endosome-to-Golgi trafficking",ENSG00000061987,ENST00000546600,12,5028,3.7013952690139202,False,True,MON2 [ENST00000546600]
119139,CLTC,clathrin heavy chain,ENSG00000141367,ENST00000700707,17,5028,3.7013952690139202,True,True,CLTC [ENST00000700707]
91126,PCDH15,protocadherin related 15,ENSG00000150275,ENST00000616114,10,5028,3.7013952690139202,True,True,PCDH15 [ENST00000616114]
110719,LAMB1,laminin subunit beta 1,ENSG00000091136,ENST00000676777,7,5028,3.7013952690139202,True,True,LAMB1 [ENST00000676777]
5022,CLTC,clathrin heavy chain,ENSG00000141367,ENST00000269122,17,5028,3.7013952690139202,True,True,CLTC [ENST00000269122]
44493,SETD2,"SET domain containing 2, histone lysine methyltransferase",ENSG00000181555,ENST00000445387,3,5028,3.7013952690139202,True,True,SETD2 [ENST00000445387]
41998,BLTP1,bridge-like lipid transfer protein family member 1,ENSG00000138688,ENST00000438707,4,5025,3.7011360660925265,False,True,BLTP1 [ENST00000438707]
22307,MROH2A,maestro heat like repeat family member 2A,ENSG00000185038,ENST00000389758,2,5025,3.7011360660925265,False,True,MROH2A [ENST00000389758]
14883,KIF21A,kinesin family member 21A,ENSG00000139116,ENST00000361418,12,5025,3.7011360660925265,True,True,KIF21A [ENST00000361418]
6666,CAMTA1,calmodulin binding transcription activator 1,ENSG00000171735,ENST00000303635,1,5022,3.7008767083769034,True,True,CAMTA1 [ENST00000303635]
116294,KIDINS220,kinase D interacting substrate 220,ENSG00000134313,ENST00000685097,2,5019,3.700617195682057,True,True,KIDINS220 [ENST00000685097]
104518,,novel transcript,ENSG00000285238,ENST00000644480,12,5016,3.70035752782266,False,True, [ENST00000644480]
11460,SPHKAP,"SPHK1 interactor, AKAP domain containing",ENSG00000153820,ENST00000344657,2,5016,3.70035752782266,False,True,SPHKAP [ENST00000344657]
30640,COL4A3,collagen type IV alpha 3 chain,ENSG00000169031,ENST00000396578,2,5013,3.7000977046130537,True,True,COL4A3 [ENST00000396578]
115300,TASOR,transcription activation suppressor,ENSG00000163946,ENST00000683822,3,5013,3.7000977046130537,False,True,TASOR [ENST00000683822]
14678,ITSN2,intersectin 2,ENSG00000198399,ENST00000361999,2,5013,3.7000977046130537,False,True,ITSN2 [ENST00000361999]
19016,COL4A1,collagen type IV alpha 1 chain,ENSG00000187498,ENST00000375820,13,5010,3.699837725867246,True,True,COL4A1 [ENST00000375820]
110337,ZC3H13,zinc finger CCCH-type containing 13,ENSG00000123200,ENST00000679008,13,5010,3.699837725867246,False,True,ZC3H13 [ENST00000679008]
103864,CHD4,chromodomain helicase DNA binding protein 4,ENSG00000111642,ENST00000644289,12,5007,3.699577591398909,True,True,CHD4 [ENST00000644289]
5836,ITPR1,"inositol 1,4,5-trisphosphate receptor type 1",ENSG00000150995,ENST00000302640,3,5007,3.699577591398909,True,True,ITPR1 [ENST00000302640]
16829,LMO7,LIM domain 7,ENSG00000136153,ENST00000357063,13,5007,3.699577591398909,False,True,LMO7 [ENST00000357063]
71809,TJP1,tight junction protein 1,ENSG00000104067,ENST00000545208,15,5007,3.699577591398909,False,True,TJP1 [ENST00000545208]
2399,ZC3H13,zinc finger CCCH-type containing 13,ENSG00000123200,ENST00000242848,13,5007,3.699577591398909,False,True,ZC3H13 [ENST00000242848]
83208,LAMA3,laminin subunit alpha 3,ENSG00000053747,ENST00000587184,18,5007,3.699577591398909,True,True,LAMA3 [ENST00000587184]
70138,MACF1,microtubule actin crosslinking factor 1,ENSG00000127603,ENST00000530275,1,5004,3.6993173010213822,True,True,MACF1 [ENST00000530275]
113101,ADGB,androglobin,ENSG00000118492,ENST00000681847,6,5004,3.6993173010213822,False,True,ADGB [ENST00000681847]
30679,ADGB,androglobin,ENSG00000118492,ENST00000397944,6,5004,3.6993173010213822,False,True,ADGB [ENST00000397944]
92823,COL4A6,collagen type IV alpha 6 chain,ENSG00000197565,ENST00000621266,X,5001,3.699056854547668,False,True,COL4A6 [ENST00000621266]
9932,AFDN,"afadin, adherens junction formation factor",ENSG00000130396,ENST00000344191,6,4998,3.6987962517904314,False,True,AFDN [ENST00000344191]
15207,CFAP43,cilia and flagella associated protein 43,ENSG00000197748,ENST00000357060,10,4998,3.6987962517904314,True,True,CFAP43 [ENST00000357060]
63744,ZFHX4,zinc finger homeobox 4,ENSG00000091656,ENST00000523885,8,4996,3.6986224297020978,False,True,ZFHX4 [ENST00000523885]
5355,PPRC1,PPARG related coactivator 1,ENSG00000148840,ENST00000278070,10,4995,3.698535492562001,False,True,PPRC1 [ENST00000278070]
111193,SCN11A,sodium voltage-gated channel alpha subunit 11,ENSG00000168356,ENST00000676176,3,4995,3.698535492562001,True,True,SCN11A [ENST00000676176]
3468,QRICH2,glutamine rich 2,ENSG00000129646,ENST00000262765,17,4992,3.6982745766743674,True,True,QRICH2 [ENST00000262765]
2512,KALRN,kalirin RhoGEF kinase,ENSG00000160145,ENST00000240874,3,4992,3.6982745766743674,False,True,KALRN [ENST00000240874]
1550,C3,complement C3,ENSG00000125730,ENST00000245907,19,4992,3.6982745766743674,True,True,C3 [ENST00000245907]
217,CTTNBP2,cortactin binding protein 2,ENSG00000077063,ENST00000160373,7,4992,3.6982745766743674,False,True,CTTNBP2 [ENST00000160373]
14680,CDK5RAP2,CDK5 regulatory subunit associated protein 2,ENSG00000136861,ENST00000360822,9,4992,3.6982745766743674,True,True,CDK5RAP2 [ENST00000360822]
112283,C2CD3,C2 domain containing 3 centriole elongation regulator,ENSG00000168014,ENST00000680665,11,4989,3.6980135039391815,True,True,C2CD3 [ENST00000680665]
15846,KIF21A,kinesin family member 21A,ENSG00000139116,ENST00000361961,12,4986,3.6977522741677546,True,True,KIF21A [ENST00000361961]
2057,SOGA1,"suppressor of glucose, autophagy associated 1",ENSG00000149639,ENST00000237536,20,4986,3.6977522741677546,False,True,SOGA1 [ENST00000237536]
4983,CRYBG2,crystallin beta-gamma domain containing 2,ENSG00000176092,ENST00000308182,1,4986,3.6977522741677546,False,True,CRYBG2 [ENST00000308182]
119554,NUP98,nucleoporin 98 and 96 precursor,ENSG00000110713,ENST00000700602,11,4986,3.6977522741677546,False,True,NUP98 [ENST00000700602]
116388,RAPGEF2,Rap guanine nucleotide exchange factor 2,ENSG00000109756,ENST00000691494,4,4983,3.697490887171057,False,True,RAPGEF2 [ENST00000691494]
84364,ZNF407,zinc finger protein 407,ENSG00000215421,ENST00000582337,18,4983,3.697490887171057,True,True,ZNF407 [ENST00000582337]
117149,MYLK,myosin light chain kinase,ENSG00000065534,ENST00000690457,3,4983,3.697490887171057,True,True,MYLK [ENST00000690457]
6462,ZNF407,zinc finger protein 407,ENSG00000215421,ENST00000309902,18,4983,3.697490887171057,True,True,ZNF407 [ENST00000309902]
35174,POLR1A,RNA polymerase I subunit A,ENSG00000068654,ENST00000409681,2,4980,3.6972293427597176,True,True,POLR1A [ENST00000409681]
41618,BCOR,BCL6 corepressor,ENSG00000183337,ENST00000442018,X,4980,3.6972293427597176,True,True,BCOR [ENST00000442018]
117188,FANCM,FA complementation group M,ENSG00000187790,ENST00000696664,14,4980,3.6972293427597176,True,True,FANCM [ENST00000696664]
19983,PREX1,"phosphatidylinositol-3,4,5-trisphosphate dependent Rac exchange factor 1",ENSG00000124126,ENST00000371941,20,4980,3.6972293427597176,False,True,PREX1 [ENST00000371941]
43624,SHPRH,SNF2 histone linker PHD RING helicase,ENSG00000146414,ENST00000438092,6,4980,3.6972293427597176,False,True,SHPRH [ENST00000438092]
110751,DNMT1,DNA methyltransferase 1,ENSG00000130816,ENST00000678804,19,4977,3.696967640744023,True,True,DNMT1 [ENST00000678804]
107557,SCRIB,scribble planar cell polarity protein,ENSG00000180900,ENST00000674084,8,4977,3.696967640744023,False,True,SCRIB [ENST00000674084]
62637,CCDC180,coiled-coil domain containing 180,ENSG00000197816,ENST00000529487,9,4974,3.696705780933917,False,True,CCDC180 [ENST00000529487]
113715,ALS2,alsin Rho guanine nucleotide exchange factor ALS2,ENSG00000003393,ENST00000680163,2,4974,3.696705780933917,True,True,ALS2 [ENST00000680163]
110387,ALS2,alsin Rho guanine nucleotide exchange factor ALS2,ENSG00000003393,ENST00000679435,2,4974,3.696705780933917,True,True,ALS2 [ENST00000679435]
2606,ALS2,alsin Rho guanine nucleotide exchange factor ALS2,ENSG00000003393,ENST00000264276,2,4974,3.696705780933917,True,True,ALS2 [ENST00000264276]
110826,ALS2,alsin Rho guanine nucleotide exchange factor ALS2,ENSG00000003393,ENST00000679516,2,4974,3.696705780933917,True,True,ALS2 [ENST00000679516]
37053,THSD7A,thrombospondin type 1 domain containing 7A,ENSG00000005108,ENST00000423059,7,4974,3.696705780933917,False,True,THSD7A [ENST00000423059]
3496,IQGAP1,IQ motif containing GTPase activating protein 1,ENSG00000140575,ENST00000268182,15,4974,3.696705780933917,False,True,IQGAP1 [ENST00000268182]
114337,ALS2,alsin Rho guanine nucleotide exchange factor ALS2,ENSG00000003393,ENST00000680861,2,4974,3.696705780933917,True,True,ALS2 [ENST00000680861]
113825,ALS2,alsin Rho guanine nucleotide exchange factor ALS2,ENSG00000003393,ENST00000681619,2,4971,3.696443763138999,True,True,ALS2 [ENST00000681619]
81236,NF1,neurofibromin 1,ENSG00000196712,ENST00000579081,17,4971,3.696443763138999,True,True,NF1 [ENST00000579081]
90264,SCRIB,scribble planar cell polarity protein,ENSG00000274287,ENST00000612204,CHR_HSCHR8_3_CTG7,4968,3.6961815871685237,False,True,SCRIB [ENST00000612204]
109789,DNMT1,DNA methyltransferase 1,ENSG00000130816,ENST00000677946,19,4968,3.6961815871685237,True,True,DNMT1 [ENST00000677946]
44586,CROCC2,"ciliary rootlet coiled-coil, rootletin family member 2",ENSG00000226321,ENST00000443866,2,4968,3.6961815871685237,False,True,CROCC2 [ENST00000443866]
13426,PLCH1,phospholipase C eta 1,ENSG00000114805,ENST00000334686,3,4968,3.6961815871685237,True,True,PLCH1 [ENST00000334686]
90202,ZSWIM8,zinc finger SWIM-type containing 8,ENSG00000214655,ENST00000604524,10,4968,3.6961815871685237,False,True,ZSWIM8 [ENST00000604524]
16108,SCRIB,scribble planar cell polarity protein,ENSG00000180900,ENST00000356994,8,4968,3.6961815871685237,False,True,SCRIB [ENST00000356994]
108347,MAST2,microtubule associated serine/threonine kinase 2,ENSG00000086015,ENST00000674079,1,4968,3.6961815871685237,False,True,MAST2 [ENST00000674079]
15422,SYNE1,spectrin repeat containing nuclear envelope protein 1,ENSG00000131018,ENST00000367251,6,4965,3.6959192528313998,True,True,SYNE1 [ENST00000367251]
30332,CEP152,centrosomal protein 152,ENSG00000103995,ENST00000399334,15,4965,3.6959192528313998,True,True,CEP152 [ENST00000399334]
49049,KALRN,kalirin RhoGEF kinase,ENSG00000160145,ENST00000460856,3,4965,3.6959192528313998,False,True,KALRN [ENST00000460856]
116489,CROCC2,"ciliary rootlet coiled-coil, rootletin family member 2",ENSG00000226321,ENST00000690015,2,4962,3.6956567599361905,False,True,CROCC2 [ENST00000690015]
99817,KIF21A,kinesin family member 21A,ENSG00000139116,ENST00000636569,12,4962,3.6956567599361905,True,True,KIF21A [ENST00000636569]
29862,PBRM1,polybromo 1,ENSG00000163939,ENST00000409114,3,4959,3.6953941082911097,False,True,PBRM1 [ENST00000409114]
112564,ALS2,alsin Rho guanine nucleotide exchange factor ALS2,ENSG00000003393,ENST00000680000,2,4956,3.695131297704026,True,True,ALS2 [ENST00000680000]
49873,ROBO1,roundabout guidance receptor 1,ENSG00000169855,ENST00000464233,3,4956,3.695131297704026,True,True,ROBO1 [ENST00000464233]
60534,,novel protein,ENSG00000273217,ENST00000514667,5,4956,3.695131297704026,False,True, [ENST00000514667]
5167,ARHGEF28,Rho guanine nucleotide exchange factor 28,ENSG00000214944,ENST00000296794,5,4956,3.695131297704026,False,True,ARHGEF28 [ENST00000296794]
119116,CLTC,clathrin heavy chain,ENSG00000141367,ENST00000700712,17,4956,3.695131297704026,True,True,CLTC [ENST00000700712]
23412,AFDN,"afadin, adherens junction formation factor",ENSG00000130396,ENST00000392108,6,4956,3.695131297704026,False,True,AFDN [ENST00000392108]
110471,NHS,NHS actin remodeling regulator,ENSG00000188158,ENST00000676302,X,4956,3.695131297704026,True,True,NHS [ENST00000676302]
41996,COL11A2,collagen type XI alpha 2 chain,ENSG00000235708,ENST00000447349,CHR_HSCHR6_MHC_MCF_CTG1,4953,3.694868327982456,True,True,COL11A2 [ENST00000447349]
121164,MADD,MAP kinase activating death domain,ENSG00000110514,ENST00000706887,11,4953,3.694868327982456,True,True,MADD [ENST00000706887]
46875,COL11A2,collagen type XI alpha 2 chain,ENSG00000230930,ENST00000448717,CHR_HSCHR6_MHC_DBB_CTG1,4953,3.694868327982456,True,True,COL11A2 [ENST00000448717]
39022,COL11A2,collagen type XI alpha 2 chain,ENSG00000223699,ENST00000425729,CHR_HSCHR6_MHC_MANN_CTG1,4953,3.694868327982456,True,True,COL11A2 [ENST00000425729]
24926,COL11A2,collagen type XI alpha 2 chain,ENSG00000227801,ENST00000383087,CHR_HSCHR6_MHC_COX_CTG1,4953,3.694868327982456,True,True,COL11A2 [ENST00000383087]
17845,COL11A2,collagen type XI alpha 2 chain,ENSG00000204248,ENST00000374708,6,4953,3.694868327982456,True,True,COL11A2 [ENST00000374708]
22903,COL11A2,collagen type XI alpha 2 chain,ENSG00000206290,ENST00000383219,CHR_HSCHR6_MHC_QBL_CTG1,4953,3.694868327982456,True,True,COL11A2 [ENST00000383219]
23135,LAMB1,laminin subunit beta 1,ENSG00000091136,ENST00000393561,7,4950,3.694605198933569,True,True,LAMB1 [ENST00000393561]
3609,PHRF1,PHD and ring finger domains 1,ENSG00000070047,ENST00000264555,11,4950,3.694605198933569,False,True,PHRF1 [ENST00000264555]
3762,EIF2AK4,eukaryotic translation initiation factor 2 alpha kinase 4,ENSG00000128829,ENST00000263791,15,4950,3.694605198933569,True,True,EIF2AK4 [ENST00000263791]
103295,SMARCA4,"SWI/SNF related, matrix associated, actin dependent regulator of chromatin, subfamily a, member 4",ENSG00000127616,ENST00000643549,19,4950,3.694605198933569,True,True,SMARCA4 [ENST00000643549]
92463,PHRF1,PHD and ring finger domains 1,ENSG00000274780,ENST00000616346,CHR_HSCHR11_1_CTG8,4950,3.694605198933569,False,True,PHRF1 [ENST00000616346]
95338,PHRF1,PHD and ring finger domains 1,ENSG00000274780,ENST00000633631,CHR_HSCHR11_1_CTG8,4947,3.694341910364181,False,True,PHRF1 [ENST00000633631]
94105,KIF14,kinesin family member 14,ENSG00000118193,ENST00000614960,1,4947,3.694341910364181,True,True,KIF14 [ENST00000614960]
33964,PHRF1,PHD and ring finger domains 1,ENSG00000070047,ENST00000416188,11,4947,3.694341910364181,False,True,PHRF1 [ENST00000416188]
14542,KIF14,kinesin family member 14,ENSG00000118193,ENST00000367350,1,4947,3.694341910364181,True,True,KIF14 [ENST00000367350]
13479,SMARCA4,"SWI/SNF related, matrix associated, actin dependent regulator of chromatin, subfamily a, member 4",ENSG00000127616,ENST00000344626,19,4944,3.6940784620807596,True,True,SMARCA4 [ENST00000344626]
38257,SMARCA4,"SWI/SNF related, matrix associated, actin dependent regulator of chromatin, subfamily a, member 4",ENSG00000127616,ENST00000429416,19,4944,3.6940784620807596,True,True,SMARCA4 [ENST00000429416]
97813,PHRF1,PHD and ring finger domains 1,ENSG00000274780,ENST00000634091,CHR_HSCHR11_1_CTG8,4944,3.6940784620807596,False,True,PHRF1 [ENST00000634091]
4675,MADD,MAP kinase activating death domain,ENSG00000110514,ENST00000311027,11,4944,3.6940784620807596,True,True,MADD [ENST00000311027]
31925,PHRF1,PHD and ring finger domains 1,ENSG00000070047,ENST00000413872,11,4944,3.6940784620807596,False,True,PHRF1 [ENST00000413872]
100466,CACNA1D,calcium voltage-gated channel subunit alpha1 D,ENSG00000157388,ENST00000636938,3,4944,3.6940784620807596,True,True,CACNA1D [ENST00000636938]
100100,SMARCA4,"SWI/SNF related, matrix associated, actin dependent regulator of chromatin, subfamily a, member 4",ENSG00000127616,ENST00000642628,19,4941,3.6938148538894167,True,True,SMARCA4 [ENST00000642628]
25267,ABCA3,ATP binding cassette subfamily A member 3,ENSG00000167972,ENST00000382381,16,4941,3.6938148538894167,True,True,ABCA3 [ENST00000382381]
98973,SMARCA4,"SWI/SNF related, matrix associated, actin dependent regulator of chromatin, subfamily a, member 4",ENSG00000127616,ENST00000642726,19,4941,3.6938148538894167,True,True,SMARCA4 [ENST00000642726]
3146,TUT4,terminal uridylyl transferase 4,ENSG00000134744,ENST00000257177,1,4938,3.6935510855959133,False,True,TUT4 [ENST00000257177]
67985,PHRF1,PHD and ring finger domains 1,ENSG00000070047,ENST00000533464,11,4938,3.6935510855959133,False,True,PHRF1 [ENST00000533464]
96735,PHRF1,PHD and ring finger domains 1,ENSG00000274780,ENST00000632297,CHR_HSCHR11_1_CTG8,4938,3.6935510855959133,False,True,PHRF1 [ENST00000632297]
104381,CHD4,chromodomain helicase DNA binding protein 4,ENSG00000111642,ENST00000644137,12,4938,3.6935510855959133,True,True,CHD4 [ENST00000644137]
109824,NALCN,"sodium leak channel, non-selective",ENSG00000102452,ENST00000675150,13,4938,3.6935510855959133,True,True,NALCN [ENST00000675150]
16474,KIAA0586,KIAA0586,ENSG00000100578,ENST00000354386,14,4935,3.6932871570056554,True,True,KIAA0586 [ENST00000354386]
117666,CDK5RAP2,CDK5 regulatory subunit associated protein 2,ENSG00000136861,ENST00000689688,9,4935,3.6932871570056554,True,True,CDK5RAP2 [ENST00000689688]
118859,NUP98,nucleoporin 98 and 96 precursor,ENSG00000110713,ENST00000700601,11,4935,3.6932871570056554,False,True,NUP98 [ENST00000700601]
22284,TUT4,terminal uridylyl transferase 4,ENSG00000134744,ENST00000371544,1,4935,3.6932871570056554,False,True,TUT4 [ENST00000371544]
115830,USP54,ubiquitin specific peptidase 54,ENSG00000166348,ENST00000689425,10,4935,3.6932871570056554,False,True,USP54 [ENST00000689425]
87098,ANK3,ankyrin 3,ENSG00000151150,ENST00000610321,10,4932,3.693023067923694,True,True,ANK3 [ENST00000610321]
117545,RGPD6,RANBP2 like and GRIP domain containing 6,ENSG00000183054,ENST00000696449,2,4932,3.693023067923694,False,True,RGPD6 [ENST00000696449]
48230,KDM6B,lysine demethylase 6B,ENSG00000132510,ENST00000448097,17,4932,3.693023067923694,True,True,KDM6B [ENST00000448097]
98346,CACNA1D,calcium voltage-gated channel subunit alpha1 D,ENSG00000157388,ENST00000640483,3,4932,3.693023067923694,True,True,CACNA1D [ENST00000640483]
22463,NRXN2,neurexin 2,ENSG00000110076,ENST00000377559,11,4929,3.692758818154724,False,True,NRXN2 [ENST00000377559]
84188,ABCA5,ATP binding cassette subfamily A member 5,ENSG00000154265,ENST00000588877,17,4929,3.692758818154724,False,True,ABCA5 [ENST00000588877]
25117,ABCA5,ATP binding cassette subfamily A member 5,ENSG00000154265,ENST00000392676,17,4929,3.692758818154724,False,True,ABCA5 [ENST00000392676]
75073,TRPM1,transient receptor potential cation channel subfamily M member 1,ENSG00000134160,ENST00000558445,15,4929,3.692758818154724,True,True,TRPM1 [ENST00000558445]
13759,VCAN,versican,ENSG00000038427,ENST00000342785,5,4929,3.692758818154724,True,True,VCAN [ENST00000342785]
115813,FRMPD3,FERM and PDZ domain containing 3,ENSG00000147234,ENST00000684358,X,4929,3.692758818154724,False,True,FRMPD3 [ENST00000684358]
89263,TRPM1,transient receptor potential cation channel subfamily M member 1,ENSG00000274965,ENST00000611448,CHR_HSCHR15_4_CTG8,4929,3.692758818154724,True,True,TRPM1 [ENST00000611448]
9457,MROH1,maestro heat like repeat family member 1,ENSG00000179832,ENST00000326134,8,4926,3.6924944075030846,False,True,MROH1 [ENST00000326134]
89855,EIF4G3,eukaryotic translation initiation factor 4 gamma 3,ENSG00000075151,ENST00000602326,1,4926,3.6924944075030846,False,True,EIF4G3 [ENST00000602326]
63928,MROH1,maestro heat like repeat family member 1,ENSG00000179832,ENST00000528919,8,4926,3.6924944075030846,False,True,MROH1 [ENST00000528919]
35798,CLTCL1,clathrin heavy chain like 1,ENSG00000070371,ENST00000427926,22,4923,3.6922298357727557,False,True,CLTCL1 [ENST00000427926]
115287,EIF4G3,eukaryotic translation initiation factor 4 gamma 3,ENSG00000075151,ENST00000684485,1,4923,3.6922298357727557,False,True,EIF4G3 [ENST00000684485]
25708,CIT,citron rho-interacting serine/threonine kinase,ENSG00000122966,ENST00000392520,12,4923,3.6922298357727557,True,True,CIT [ENST00000392520]
98641,BIVM-ERCC5,BIVM-ERCC5 readthrough,ENSG00000270181,ENST00000639435,13,4923,3.6922298357727557,False,True,BIVM-ERCC5 [ENST00000639435]
114174,CFAP74,cilia and flagella associated protein 74,ENSG00000142609,ENST00000682832,1,4920,3.69196510276736,True,True,CFAP74 [ENST00000682832]
94504,RIMBP3,RIMS binding protein 3,ENSG00000275793,ENST00000619918,22,4920,3.69196510276736,False,True,RIMBP3 [ENST00000619918]
114190,SPG11,"SPG11 vesicle trafficking associated, spatacsin",ENSG00000104133,ENST00000682788,15,4920,3.69196510276736,True,True,SPG11 [ENST00000682788]
22750,CLTC,clathrin heavy chain,ENSG00000141367,ENST00000393043,17,4920,3.69196510276736,True,True,CLTC [ENST00000393043]
94145,RIMBP3B,RIMS binding protein 3B,ENSG00000274600,ENST00000620804,22,4920,3.69196510276736,False,True,RIMBP3B [ENST00000620804]
37613,RIMBP3C,RIMS binding protein 3C,ENSG00000183246,ENST00000433039,22,4920,3.69196510276736,False,True,RIMBP3C [ENST00000433039]
15109,CDC42BPA,CDC42 binding protein kinase alpha,ENSG00000143776,ENST00000366767,1,4917,3.6917002082901615,False,True,CDC42BPA [ENST00000366767]
34407,BLTP1,bridge-like lipid transfer protein family member 1,ENSG00000138688,ENST00000419325,4,4917,3.6917002082901615,False,True,BLTP1 [ENST00000419325]
115414,GCC2,GRIP and coiled-coil domain containing 2,ENSG00000135968,ENST00000687399,2,4917,3.6917002082901615,False,True,GCC2 [ENST00000687399]
36825,KIF21B,kinesin family member 21B,ENSG00000116852,ENST00000422435,1,4914,3.691435152144062,False,True,KIF21B [ENST00000422435]
8168,TAF1,TATA-box binding protein associated factor 1,ENSG00000147133,ENST00000276072,X,4914,3.691435152144062,True,True,TAF1 [ENST00000276072]
113425,USP54,ubiquitin specific peptidase 54,ENSG00000166348,ENST00000681793,10,4914,3.691435152144062,False,True,USP54 [ENST00000681793]
70868,KIF21A,kinesin family member 21A,ENSG00000139116,ENST00000544797,12,4914,3.691435152144062,True,True,KIF21A [ENST00000544797]
4224,PTPN23,protein tyrosine phosphatase non-receptor type 23,ENSG00000076201,ENST00000265562,3,4911,3.691169934131604,True,True,PTPN23 [ENST00000265562]
26457,LRRC37A,leucine rich repeat containing 37A,ENSG00000176681,ENST00000393465,17,4908,3.6909045540549665,False,True,LRRC37A [ENST00000393465]
96324,LRRC37A3,leucine rich repeat containing 37 member A3,ENSG00000275621,ENST00000628214,CHR_HSCHR17_1_CTG5,4908,3.6909045540549665,False,True,LRRC37A3 [ENST00000628214]
97048,LRRC37A,leucine rich repeat containing 37A,ENSG00000278742,ENST00000625784,CHR_HSCHR17_1_CTG5,4908,3.6909045540549665,False,True,LRRC37A [ENST00000625784]
97174,LRRC37A2,leucine rich repeat containing 37 member A2,ENSG00000274332,ENST00000629709,CHR_HSCHR17_1_CTG5,4908,3.6909045540549665,False,True,LRRC37A2 [ENST00000629709]
115914,PIK3C2B,phosphatidylinositol-4-phosphate 3-kinase catalytic subunit type 2 beta,ENSG00000133056,ENST00000684373,1,4905,3.6906390117159673,False,True,PIK3C2B [ENST00000684373]
30196,PBRM1,polybromo 1,ENSG00000163939,ENST00000409057,3,4905,3.6906390117159673,False,True,PBRM1 [ENST00000409057]
10718,LRRC37A3,leucine rich repeat containing 37 member A3,ENSG00000176809,ENST00000319651,17,4905,3.6906390117159673,False,True,LRRC37A3 [ENST00000319651]
86332,LRRC37A3,leucine rich repeat containing 37 member A3,ENSG00000176809,ENST00000584306,17,4905,3.6906390117159673,False,True,LRRC37A3 [ENST00000584306]
14240,PIK3C2B,phosphatidylinositol-4-phosphate 3-kinase catalytic subunit type 2 beta,ENSG00000133056,ENST00000367187,1,4905,3.6906390117159673,False,True,PIK3C2B [ENST00000367187]
105922,KMT2A,lysine methyltransferase 2A,ENSG00000118058,ENST00000649878,11,4902,3.690373306916059,True,True,KMT2A [ENST00000649878]
67147,COL4A6,collagen type IV alpha 6 chain,ENSG00000197565,ENST00000538570,X,4902,3.690373306916059,False,True,COL4A6 [ENST00000538570]
115955,EIF4G3,eukaryotic translation initiation factor 4 gamma 3,ENSG00000075151,ENST00000688741,1,4902,3.690373306916059,False,True,EIF4G3 [ENST00000688741]
118591,GCC2,GRIP and coiled-coil domain containing 2,ENSG00000135968,ENST00000692694,2,4902,3.690373306916059,False,True,GCC2 [ENST00000692694]
15127,DNMT1,DNA methyltransferase 1,ENSG00000130816,ENST00000359526,19,4899,3.6901074394563307,True,True,DNMT1 [ENST00000359526]
25537,CC2D2A,coiled-coil and C2 domain containing 2A,ENSG00000048342,ENST00000389652,4,4899,3.6901074394563307,True,True,CC2D2A [ENST00000389652]
66065,MROH1,maestro heat like repeat family member 1,ENSG00000179832,ENST00000534366,8,4899,3.6901074394563307,False,True,MROH1 [ENST00000534366]
26224,LMO7,LIM domain 7,ENSG00000136153,ENST00000377534,13,4896,3.6898414091375047,False,True,LMO7 [ENST00000377534]
14328,IQGAP3,IQ motif containing GTPase activating protein 3,ENSG00000183856,ENST00000361170,1,4896,3.6898414091375047,False,True,IQGAP3 [ENST00000361170]
23170,NHS,NHS actin remodeling regulator,ENSG00000188158,ENST00000380060,X,4893,3.6895752157599384,True,True,NHS [ENST00000380060]
91773,SCRIB,scribble planar cell polarity protein,ENSG00000274287,ENST00000622455,CHR_HSCHR8_3_CTG7,4893,3.6895752157599384,False,True,SCRIB [ENST00000622455]
9398,SCRIB,scribble planar cell polarity protein,ENSG00000180900,ENST00000320476,8,4893,3.6895752157599384,False,True,SCRIB [ENST00000320476]
73347,COL11A2,collagen type XI alpha 2 chain,ENSG00000223699,ENST00000552134,CHR_HSCHR6_MHC_MANN_CTG1,4890,3.6893088591236203,True,True,COL11A2 [ENST00000552134]
73607,COL11A2,collagen type XI alpha 2 chain,ENSG00000227801,ENST00000551542,CHR_HSCHR6_MHC_COX_CTG1,4890,3.6893088591236203,True,True,COL11A2 [ENST00000551542]
73131,COL11A2,collagen type XI alpha 2 chain,ENSG00000230930,ENST00000550998,CHR_HSCHR6_MHC_DBB_CTG1,4890,3.6893088591236203,True,True,COL11A2 [ENST00000550998]
70524,COL11A2,collagen type XI alpha 2 chain,ENSG00000235708,ENST00000552473,CHR_HSCHR6_MHC_MCF_CTG1,4890,3.6893088591236203,True,True,COL11A2 [ENST00000552473]
71774,COL11A2,collagen type XI alpha 2 chain,ENSG00000206290,ENST00000549491,CHR_HSCHR6_MHC_QBL_CTG1,4890,3.6893088591236203,True,True,COL11A2 [ENST00000549491]
104637,TRANK1,tetratricopeptide repeat and ankyrin repeat containing 1,ENSG00000168016,ENST00000646897,3,4890,3.6893088591236203,False,True,TRANK1 [ENST00000646897]
87962,KCP,kielin cysteine rich BMP regulator,ENSG00000135253,ENST00000610776,7,4887,3.689042339028172,False,True,KCP [ENST00000610776]
10052,PAPPA,pappalysin 1,ENSG00000182752,ENST00000328252,9,4884,3.688775655272845,False,True,PAPPA [ENST00000328252]
100700,PLEKHG4B,pleckstrin homology and RhoGEF domain containing G4B,ENSG00000153404,ENST00000637938,5,4884,3.688775655272845,False,True,PLEKHG4B [ENST00000637938]
97697,MADD,MAP kinase activating death domain,ENSG00000110514,ENST00000634938,11,4881,3.6885088076565213,True,True,MADD [ENST00000634938]
6792,COL22A1,collagen type XXII alpha 1 chain,ENSG00000169436,ENST00000303045,8,4881,3.6885088076565213,False,True,COL22A1 [ENST00000303045]
4282,TOP2B,DNA topoisomerase II beta,ENSG00000077097,ENST00000264331,3,4881,3.6885088076565213,True,True,TOP2B [ENST00000264331]
101180,CACNA1D,calcium voltage-gated channel subunit alpha1 D,ENSG00000157388,ENST00000636627,3,4878,3.688241795977712,True,True,CACNA1D [ENST00000636627]
3990,TRPM1,transient receptor potential cation channel subfamily M member 1,ENSG00000134160,ENST00000256552,15,4878,3.688241795977712,True,True,TRPM1 [ENST00000256552]
33921,RGPD8,RANBP2 like and GRIP domain containing 8,ENSG00000169629,ENST00000409750,2,4878,3.688241795977712,False,True,RGPD8 [ENST00000409750]
92787,TRPM1,transient receptor potential cation channel subfamily M member 1,ENSG00000274965,ENST00000615583,CHR_HSCHR15_4_CTG8,4878,3.688241795977712,True,True,TRPM1 [ENST00000615583]
11081,KIF21B,kinesin family member 21B,ENSG00000116852,ENST00000332129,1,4875,3.687974620034556,False,True,KIF21B [ENST00000332129]
11277,ABCA9,ATP binding cassette subfamily A member 9,ENSG00000154258,ENST00000340001,17,4875,3.687974620034556,False,True,ABCA9 [ENST00000340001]
5165,LTBP4,latent transforming growth factor beta binding protein 4,ENSG00000090006,ENST00000308370,19,4875,3.687974620034556,True,True,LTBP4 [ENST00000308370]
40265,COL11A2,collagen type XI alpha 2 chain,ENSG00000232541,ENST00000443138,CHR_HSCHR6_MHC_SSTO_CTG1,4872,3.687707279624819,True,True,COL11A2 [ENST00000443138]
50772,KIF21B,kinesin family member 21B,ENSG00000116852,ENST00000461742,1,4872,3.687707279624819,False,True,KIF21B [ENST00000461742]
1337,RNF17,ring finger protein 17,ENSG00000132972,ENST00000255324,13,4872,3.687707279624819,False,True,RNF17 [ENST00000255324]
9693,WDR97,WD repeat domain 97,ENSG00000179698,ENST00000323662,8,4869,3.6874397745458944,False,True,WDR97 [ENST00000323662]
86772,FHOD3,formin homology 2 domain containing 3,ENSG00000134775,ENST00000590592,18,4869,3.6874397745458944,True,True,FHOD3 [ENST00000590592]
95500,DIP2C,disco interacting protein 2 homolog C,ENSG00000151240,ENST00000634311,10,4869,3.6874397745458944,False,True,DIP2C [ENST00000634311]
29134,UNC13B,unc-13 homolog B,ENSG00000198722,ENST00000396787,9,4869,3.6874397745458944,False,True,UNC13B [ENST00000396787]
72352,KIF21A,kinesin family member 21A,ENSG00000139116,ENST00000541463,12,4866,3.6871721045948,True,True,KIF21A [ENST00000541463]
120,TARBP1,TAR (HIV-1) RNA binding protein 1,ENSG00000059588,ENST00000040877,1,4866,3.6871721045948,False,True,TARBP1 [ENST00000040877]
19663,NES,nestin,ENSG00000132688,ENST00000368223,1,4866,3.6871721045948,False,True,NES [ENST00000368223]
28752,EIF4G3,eukaryotic translation initiation factor 4 gamma 3,ENSG00000075151,ENST00000400422,1,4866,3.6871721045948,False,True,EIF4G3 [ENST00000400422]
40889,TOP2B,DNA topoisomerase II beta,ENSG00000077097,ENST00000435706,3,4866,3.6871721045948,True,True,TOP2B [ENST00000435706]
86417,ABCA8,ATP binding cassette subfamily A member 8,ENSG00000141338,ENST00000586539,17,4866,3.6871721045948,False,True,ABCA8 [ENST00000586539]
56680,CC2D2A,coiled-coil and C2 domain containing 2A,ENSG00000048342,ENST00000503292,4,4863,3.6869042695681773,True,True,CC2D2A [ENST00000503292]
115582,PLCE1,phospholipase C epsilon 1,ENSG00000138193,ENST00000686954,10,4863,3.6869042695681773,True,True,PLCE1 [ENST00000686954]
25948,ALK,ALK receptor tyrosine kinase,ENSG00000171094,ENST00000389048,2,4863,3.6869042695681773,False,True,ALK [ENST00000389048]
112833,ALS2,alsin Rho guanine nucleotide exchange factor ALS2,ENSG00000003393,ENST00000680508,2,4863,3.6869042695681773,True,True,ALS2 [ENST00000680508]
36056,CC2D2A,coiled-coil and C2 domain containing 2A,ENSG00000048342,ENST00000424120,4,4863,3.6869042695681773,True,True,CC2D2A [ENST00000424120]
4438,KATNIP,katanin interacting protein,ENSG00000047578,ENST00000261588,16,4857,3.6863681034730362,True,True,KATNIP [ENST00000261588]
100999,CACNA1H,calcium voltage-gated channel subunit alpha1 H,ENSG00000196557,ENST00000639478,16,4857,3.6863681034730362,True,True,CACNA1H [ENST00000639478]
99525,SCN1A,sodium voltage-gated channel alpha subunit 1,ENSG00000144285,ENST00000635776,2,4857,3.6863681034730362,True,True,SCN1A [ENST00000635776]
6028,ABCA6,ATP binding cassette subfamily A member 6,ENSG00000154262,ENST00000284425,17,4854,3.686099771995916,False,True,ABCA6 [ENST00000284425]
103362,SMARCA4,"SWI/SNF related, matrix associated, actin dependent regulator of chromatin, subfamily a, member 4",ENSG00000127616,ENST00000644737,19,4854,3.686099771995916,True,True,SMARCA4 [ENST00000644737]
111699,CIT,citron rho-interacting serine/threonine kinase,ENSG00000122966,ENST00000679249,12,4854,3.686099771995916,True,True,CIT [ENST00000679249]
67757,SMARCA4,"SWI/SNF related, matrix associated, actin dependent regulator of chromatin, subfamily a, member 4",ENSG00000127616,ENST00000541122,19,4854,3.686099771995916,True,True,SMARCA4 [ENST00000541122]
119938,CLTC,clathrin heavy chain,ENSG00000141367,ENST00000700708,17,4854,3.686099771995916,True,True,CLTC [ENST00000700708]
103936,SMARCA4,"SWI/SNF related, matrix associated, actin dependent regulator of chromatin, subfamily a, member 4",ENSG00000127616,ENST00000643296,19,4854,3.686099771995916,True,True,SMARCA4 [ENST00000643296]
85825,SMARCA4,"SWI/SNF related, matrix associated, actin dependent regulator of chromatin, subfamily a, member 4",ENSG00000127616,ENST00000589677,19,4851,3.6858312746260635,True,True,SMARCA4 [ENST00000589677]
12882,DNMT1,DNA methyltransferase 1,ENSG00000130816,ENST00000340748,19,4851,3.6858312746260635,True,True,DNMT1 [ENST00000340748]
23633,SHROOM2,shroom family member 2,ENSG00000146950,ENST00000380913,X,4851,3.6858312746260635,False,True,SHROOM2 [ENST00000380913]
39896,ABCA8,ATP binding cassette subfamily A member 8,ENSG00000141338,ENST00000430352,17,4851,3.6858312746260635,False,True,ABCA8 [ENST00000430352]
103329,MYO3A,myosin IIIA,ENSG00000095777,ENST00000642920,10,4851,3.6858312746260635,True,True,MYO3A [ENST00000642920]
7428,LRP5,LDL receptor related protein 5,ENSG00000162337,ENST00000294304,11,4848,3.68556261115823,True,True,LRP5 [ENST00000294304]
102532,SMARCA4,"SWI/SNF related, matrix associated, actin dependent regulator of chromatin, subfamily a, member 4",ENSG00000127616,ENST00000646510,19,4845,3.6852937813867843,True,True,SMARCA4 [ENST00000646510]
102970,SMARCA4,"SWI/SNF related, matrix associated, actin dependent regulator of chromatin, subfamily a, member 4",ENSG00000127616,ENST00000646484,19,4845,3.6852937813867843,True,True,SMARCA4 [ENST00000646484]
102792,SMARCA4,"SWI/SNF related, matrix associated, actin dependent regulator of chromatin, subfamily a, member 4",ENSG00000127616,ENST00000647230,19,4845,3.6852937813867843,True,True,SMARCA4 [ENST00000647230]
113266,ALS2,alsin Rho guanine nucleotide exchange factor ALS2,ENSG00000003393,ENST00000680814,2,4845,3.6852937813867843,True,True,ALS2 [ENST00000680814]
83185,SMARCA4,"SWI/SNF related, matrix associated, actin dependent regulator of chromatin, subfamily a, member 4",ENSG00000127616,ENST00000590574,19,4845,3.6852937813867843,True,True,SMARCA4 [ENST00000590574]
96937,LRP6,LDL receptor related protein 6,ENSG00000281324,ENST00000628182,CHR_HG1362_PATCH,4842,3.685024785105714,True,True,LRP6 [ENST00000628182]
4167,LRP6,LDL receptor related protein 6,ENSG00000070018,ENST00000261349,12,4842,3.685024785105714,True,True,LRP6 [ENST00000261349]
101976,SMARCA4,"SWI/SNF related, matrix associated, actin dependent regulator of chromatin, subfamily a, member 4",ENSG00000127616,ENST00000645460,19,4842,3.685024785105714,True,True,SMARCA4 [ENST00000645460]
114608,KALRN,kalirin RhoGEF kinase,ENSG00000160145,ENST00000684276,3,4842,3.685024785105714,False,True,KALRN [ENST00000684276]
40369,SMARCA4,"SWI/SNF related, matrix associated, actin dependent regulator of chromatin, subfamily a, member 4",ENSG00000127616,ENST00000444061,19,4842,3.685024785105714,True,True,SMARCA4 [ENST00000444061]
30700,CAMSAP1,calmodulin regulated spectrin associated protein 1,ENSG00000130559,ENST00000409386,9,4842,3.685024785105714,True,True,CAMSAP1 [ENST00000409386]
110058,DNMT1,DNA methyltransferase 1,ENSG00000130816,ENST00000676610,19,4842,3.685024785105714,True,True,DNMT1 [ENST00000676610]
35987,SYNJ1,synaptojanin 1,ENSG00000159082,ENST00000433931,21,4839,3.684755622108624,True,True,SYNJ1 [ENST00000433931]
96186,LRRC37A2,leucine rich repeat containing 37 member A2,ENSG00000277221,ENST00000632864,CHR_HSCHR17_2_CTG5,4836,3.6844862921887342,False,True,LRRC37A2 [ENST00000632864]
21014,ADCY10,adenylate cyclase 10,ENSG00000143199,ENST00000367851,1,4833,3.6842167951388807,False,True,ADCY10 [ENST00000367851]
16367,KIF21B,kinesin family member 21B,ENSG00000116852,ENST00000360529,1,4833,3.6842167951388807,False,True,KIF21B [ENST00000360529]
34302,TMEM131L,transmembrane 131 like,ENSG00000121210,ENST00000409959,4,4833,3.6842167951388807,False,True,TMEM131L [ENST00000409959]
39949,NHSL1,NHS like 1,ENSG00000135540,ENST00000427025,6,4833,3.6842167951388807,False,True,NHSL1 [ENST00000427025]
94088,UNC13B,unc-13 homolog B,ENSG00000198722,ENST00000619578,9,4833,3.6842167951388807,False,True,UNC13B [ENST00000619578]
52280,SRCAP,Snf2 related CREBBP activator protein,ENSG00000080603,ENST00000483083,16,4833,3.6842167951388807,True,True,SRCAP [ENST00000483083]
34252,PBRM1,polybromo 1,ENSG00000163939,ENST00000410007,3,4830,3.683947130751512,False,True,PBRM1 [ENST00000410007]
2654,LAMC1,laminin subunit gamma 1,ENSG00000135862,ENST00000258341,1,4830,3.683947130751512,False,True,LAMC1 [ENST00000258341]
31899,TMEM131L,transmembrane 131 like,ENSG00000121210,ENST00000409663,4,4830,3.683947130751512,False,True,TMEM131L [ENST00000409663]
8538,RAPGEF6,Rap guanine nucleotide exchange factor 6,ENSG00000158987,ENST00000296859,5,4830,3.683947130751512,False,True,RAPGEF6 [ENST00000296859]
15403,TASOR,transcription activation suppressor,ENSG00000163946,ENST00000355628,3,4830,3.683947130751512,False,True,TASOR [ENST00000355628]
23969,MAP3K4,mitogen-activated protein kinase kinase kinase 4,ENSG00000085511,ENST00000392142,6,4827,3.683677298818692,False,True,MAP3K4 [ENST00000392142]
110040,CIT,citron rho-interacting serine/threonine kinase,ENSG00000122966,ENST00000678652,12,4827,3.683677298818692,True,True,CIT [ENST00000678652]
13996,MADD,MAP kinase activating death domain,ENSG00000110514,ENST00000349238,11,4827,3.683677298818692,True,True,MADD [ENST00000349238]
111234,CIT,citron rho-interacting serine/threonine kinase,ENSG00000122966,ENST00000676849,12,4827,3.683677298818692,True,True,CIT [ENST00000676849]
79531,CIC,capicua transcriptional repressor,ENSG00000079432,ENST00000575354,19,4827,3.683677298818692,True,True,CIC [ENST00000575354]
3717,SHANK3,SH3 and multiple ankyrin repeat domains 3,ENSG00000251322,ENST00000262795,22,4824,3.683407299132095,True,True,SHANK3 [ENST00000262795]
117525,RIMS2,regulating synaptic membrane exocytosis 2,ENSG00000176406,ENST00000696799,8,4824,3.683407299132095,True,True,RIMS2 [ENST00000696799]
39679,PIK3C2B,phosphatidylinositol-4-phosphate 3-kinase catalytic subunit type 2 beta,ENSG00000133056,ENST00000424712,1,4821,3.683137131483007,False,True,PIK3C2B [ENST00000424712]
35595,THSD7B,thrombospondin type 1 domain containing 7B,ENSG00000144229,ENST00000409968,2,4821,3.683137131483007,False,True,THSD7B [ENST00000409968]
22379,EIF4G1,eukaryotic translation initiation factor 4 gamma 1,ENSG00000114867,ENST00000382330,3,4821,3.683137131483007,False,True,EIF4G1 [ENST00000382330]
15770,EIF4G1,eukaryotic translation initiation factor 4 gamma 1,ENSG00000114867,ENST00000352767,3,4821,3.683137131483007,False,True,EIF4G1 [ENST00000352767]
114658,KIDINS220,kinase D interacting substrate 220,ENSG00000134313,ENST00000687912,2,4821,3.683137131483007,True,True,KIDINS220 [ENST00000687912]
57282,ROBO1,roundabout guidance receptor 1,ENSG00000169855,ENST00000495273,3,4821,3.683137131483007,True,True,ROBO1 [ENST00000495273]
13572,NHSL1,NHS like 1,ENSG00000135540,ENST00000343505,6,4821,3.683137131483007,False,True,NHSL1 [ENST00000343505]
28632,HECW1,"HECT, C2 and WW domain containing E3 ubiquitin protein ligase 1",ENSG00000002746,ENST00000395891,7,4821,3.683137131483007,False,True,HECW1 [ENST00000395891]
4732,PREX2,"phosphatidylinositol-3,4,5-trisphosphate dependent Rac exchange factor 2",ENSG00000046889,ENST00000288368,8,4821,3.683137131483007,False,True,PREX2 [ENST00000288368]
221,CIC,capicua transcriptional repressor,ENSG00000079432,ENST00000160740,19,4821,3.683137131483007,True,True,CIC [ENST00000160740]
37137,EIF4G1,eukaryotic translation initiation factor 4 gamma 1,ENSG00000114867,ENST00000424196,3,4821,3.683137131483007,False,True,EIF4G1 [ENST00000424196]
106169,MED13L,mediator complex subunit 13L,ENSG00000123066,ENST00000649607,12,4818,3.6828667956623247,True,True,MED13L [ENST00000649607]
91469,ARHGAP23,Rho GTPase activating protein 23,ENSG00000275832,ENST00000616767,17,4818,3.6828667956623247,False,True,ARHGAP23 [ENST00000616767]
14997,MAP3K4,mitogen-activated protein kinase kinase kinase 4,ENSG00000085511,ENST00000366920,6,4815,3.6825962914605532,False,True,MAP3K4 [ENST00000366920]
102911,CCDC88A,coiled-coil domain containing 88A,ENSG00000115355,ENST00000647401,2,4815,3.6825962914605532,False,True,CCDC88A [ENST00000647401]
7223,USP32,ubiquitin specific peptidase 32,ENSG00000170832,ENST00000300896,17,4815,3.6825962914605532,False,True,USP32 [ENST00000300896]
21713,COL16A1,collagen type XVI alpha 1 chain,ENSG00000084636,ENST00000373672,1,4815,3.6825962914605532,False,True,COL16A1 [ENST00000373672]
98809,AHDC1,AT-hook DNA binding motif containing 1,ENSG00000126705,ENST00000642416,1,4812,3.6823256186678073,True,True,AHDC1 [ENST00000642416]
108637,AHDC1,AT-hook DNA binding motif containing 1,ENSG00000126705,ENST00000673934,1,4812,3.6823256186678073,True,True,AHDC1 [ENST00000673934]
105775,DEPDC5,"DEP domain containing 5, GATOR1 subcomplex subunit",ENSG00000100150,ENST00000651528,22,4812,3.6823256186678073,True,True,DEPDC5 [ENST00000651528]
98525,AHDC1,AT-hook DNA binding motif containing 1,ENSG00000126705,ENST00000642245,1,4812,3.6823256186678073,True,True,AHDC1 [ENST00000642245]
24488,DEPDC5,"DEP domain containing 5, GATOR1 subcomplex subunit",ENSG00000100150,ENST00000382112,22,4812,3.6823256186678073,True,True,DEPDC5 [ENST00000382112]
28389,TRPM1,transient receptor potential cation channel subfamily M member 1,ENSG00000134160,ENST00000397795,15,4812,3.6823256186678073,True,True,TRPM1 [ENST00000397795]
112439,ADPRHL1,ADP-ribosylhydrolase like 1,ENSG00000153531,ENST00000682618,13,4812,3.6823256186678073,False,True,ADPRHL1 [ENST00000682618]
103154,ABCC8,ATP binding cassette subfamily C member 8,ENSG00000006071,ENST00000644772,11,4812,3.6823256186678073,True,True,ABCC8 [ENST00000644772]
102796,AHDC1,AT-hook DNA binding motif containing 1,ENSG00000126705,ENST00000644989,1,4812,3.6823256186678073,True,True,AHDC1 [ENST00000644989]
121236,MADD,MAP kinase activating death domain,ENSG00000110514,ENST00000706886,11,4812,3.6823256186678073,True,True,MADD [ENST00000706886]
2244,AHDC1,AT-hook DNA binding motif containing 1,ENSG00000126705,ENST00000247087,1,4812,3.6823256186678073,True,True,AHDC1 [ENST00000247087]
94904,TRPM1,transient receptor potential cation channel subfamily M member 1,ENSG00000274965,ENST00000617515,CHR_HSCHR15_4_CTG8,4812,3.6823256186678073,True,True,TRPM1 [ENST00000617515]
94590,TRPM1,transient receptor potential cation channel subfamily M member 1,ENSG00000274965,ENST00000618210,CHR_HSCHR15_4_CTG8,4812,3.6823256186678073,True,True,TRPM1 [ENST00000618210]
110872,CIT,citron rho-interacting serine/threonine kinase,ENSG00000122966,ENST00000677993,12,4812,3.6823256186678073,True,True,CIT [ENST00000677993]
20313,AHDC1,AT-hook DNA binding motif containing 1,ENSG00000126705,ENST00000374011,1,4812,3.6823256186678073,True,True,AHDC1 [ENST00000374011]
23679,CAMSAP1,calmodulin regulated spectrin associated protein 1,ENSG00000130559,ENST00000389532,9,4809,3.6820547770738075,True,True,CAMSAP1 [ENST00000389532]
16726,PBRM1,polybromo 1,ENSG00000163939,ENST00000356770,3,4809,3.6820547770738075,False,True,PBRM1 [ENST00000356770]
60886,RAPGEF6,Rap guanine nucleotide exchange factor 6,ENSG00000158987,ENST00000509018,5,4806,3.6817837664678814,False,True,RAPGEF6 [ENST00000509018]
114229,ALS2,alsin Rho guanine nucleotide exchange factor ALS2,ENSG00000003393,ENST00000680759,2,4806,3.6817837664678814,True,True,ALS2 [ENST00000680759]
13282,EIF4G1,eukaryotic translation initiation factor 4 gamma 1,ENSG00000114867,ENST00000342981,3,4803,3.681512586638962,False,True,EIF4G1 [ENST00000342981]
108979,GBF1,golgi brefeldin A resistant guanine nucleotide exchange factor 1,ENSG00000107862,ENST00000678504,10,4803,3.681512586638962,True,True,GBF1 [ENST00000678504]
10606,EIF4G1,eukaryotic translation initiation factor 4 gamma 1,ENSG00000114867,ENST00000346169,3,4800,3.681241237375587,False,True,EIF4G1 [ENST00000346169]
68492,HEATR5A,HEAT repeat containing 5A,ENSG00000129493,ENST00000538864,14,4800,3.681241237375587,False,True,HEATR5A [ENST00000538864]
117695,MYH15,myosin heavy chain 15,ENSG00000144821,ENST00000689784,3,4800,3.681241237375587,False,True,MYH15 [ENST00000689784]
115307,TAF1,TATA-box binding protein associated factor 1,ENSG00000147133,ENST00000683668,X,4797,3.680969718465897,True,True,TAF1 [ENST00000683668]
112301,ALS2,alsin Rho guanine nucleotide exchange factor ALS2,ENSG00000003393,ENST00000681808,2,4797,3.680969718465897,True,True,ALS2 [ENST00000681808]
98562,ARHGEF5,Rho guanine nucleotide exchange factor 5,ENSG00000284933,ENST00000642803,CHR_HSCHR7_3_CTG4_4,4794,3.680698029697635,False,True,ARHGEF5 [ENST00000642803]
103467,ARHGEF5,Rho guanine nucleotide exchange factor 5,ENSG00000284933,ENST00000647153,CHR_HSCHR7_3_CTG4_4,4794,3.680698029697635,False,True,ARHGEF5 [ENST00000647153]
31928,PBRM1,polybromo 1,ENSG00000163939,ENST00000409767,3,4794,3.680698029697635,False,True,PBRM1 [ENST00000409767]
106,ARHGEF5,Rho guanine nucleotide exchange factor 5,ENSG00000050327,ENST00000056217,7,4794,3.680698029697635,False,True,ARHGEF5 [ENST00000056217]
110182,SETBP1,SET binding protein 1,ENSG00000152217,ENST00000677130,18,4791,3.680426170858145,True,True,SETBP1 [ENST00000677130]
110412,SETBP1,SET binding protein 1,ENSG00000152217,ENST00000677068,18,4791,3.680426170858145,True,True,SETBP1 [ENST00000677068]
110059,SETBP1,SET binding protein 1,ENSG00000152217,ENST00000678152,18,4791,3.680426170858145,True,True,SETBP1 [ENST00000678152]
106288,SETBP1,SET binding protein 1,ENSG00000152217,ENST00000649279,18,4791,3.680426170858145,True,True,SETBP1 [ENST00000649279]
109309,SETBP1,SET binding protein 1,ENSG00000152217,ENST00000677077,18,4791,3.680426170858145,True,True,SETBP1 [ENST00000677077]
98413,EPB41L1,erythrocyte membrane protein band 4.1 like 1,ENSG00000088367,ENST00000636016,20,4788,3.680154141734373,False,True,EPB41L1 [ENST00000636016]
71841,YLPM1,YLP motif containing 1,ENSG00000119596,ENST00000549293,14,4788,3.680154141734373,False,True,YLPM1 [ENST00000549293]
57058,ADAMTS12,ADAM metallopeptidase with thrombospondin type 1 motif 12,ENSG00000151388,ENST00000504830,5,4785,3.6798819421128623,False,True,ADAMTS12 [ENST00000504830]
59990,VCAN,versican,ENSG00000038427,ENST00000512590,5,4785,3.6798819421128623,True,True,VCAN [ENST00000512590]
104514,DEPDC5,"DEP domain containing 5, GATOR1 subcomplex subunit",ENSG00000100150,ENST00000645711,22,4785,3.6798819421128623,True,True,DEPDC5 [ENST00000645711]
126,RB1CC1,RB1 inducible coiled-coil 1,ENSG00000023287,ENST00000025008,8,4785,3.6798819421128623,True,True,RB1CC1 [ENST00000025008]
1443,THOC2,THO complex subunit 2,ENSG00000125676,ENST00000245838,X,4782,3.679609571779756,True,True,THOC2 [ENST00000245838]
16077,THOC2,THO complex subunit 2,ENSG00000125676,ENST00000355725,X,4782,3.679609571779756,True,True,THOC2 [ENST00000355725]
106631,RIMS2,regulating synaptic membrane exocytosis 2,ENSG00000176406,ENST00000666250,8,4779,3.6793370305207937,True,True,RIMS2 [ENST00000666250]
68636,TIAM1,TIAM Rac1 associated GEF 1,ENSG00000156299,ENST00000541036,21,4776,3.6790643181213127,True,True,TIAM1 [ENST00000541036]
43091,RB1CC1,RB1 inducible coiled-coil 1,ENSG00000023287,ENST00000435644,8,4776,3.6790643181213127,True,True,RB1CC1 [ENST00000435644]
115958,EIF4G3,eukaryotic translation initiation factor 4 gamma 3,ENSG00000075151,ENST00000686579,1,4776,3.6790643181213127,False,True,EIF4G3 [ENST00000686579]
117738,FANCM,FA complementation group M,ENSG00000187790,ENST00000696683,14,4776,3.6790643181213127,True,True,FANCM [ENST00000696683]
7175,TIAM1,TIAM Rac1 associated GEF 1,ENSG00000156299,ENST00000286827,21,4776,3.6790643181213127,True,True,TIAM1 [ENST00000286827]
24271,UNC13B,unc-13 homolog B,ENSG00000198722,ENST00000378495,9,4776,3.6790643181213127,False,True,UNC13B [ENST00000378495]
119290,MTOR,mechanistic target of rapamycin kinase,ENSG00000198793,ENST00000703141,1,4773,3.678791434366244,True,True,MTOR [ENST00000703141]
16989,SMARCA2,"SWI/SNF related, matrix associated, actin dependent regulator of chromatin, subfamily a, member 2",ENSG00000080503,ENST00000349721,9,4773,3.678791434366244,True,True,SMARCA2 [ENST00000349721]
8731,VWDE,von Willebrand factor D and EGF domains,ENSG00000146530,ENST00000275358,7,4773,3.678791434366244,False,True,VWDE [ENST00000275358]
23663,SMARCA2,"SWI/SNF related, matrix associated, actin dependent regulator of chromatin, subfamily a, member 2",ENSG00000080503,ENST00000382203,9,4773,3.678791434366244,True,True,SMARCA2 [ENST00000382203]
2673,MYOM1,myomesin 1,ENSG00000101605,ENST00000261606,18,4770,3.678518379040114,False,True,MYOM1 [ENST00000261606]
104213,DEPDC5,"DEP domain containing 5, GATOR1 subcomplex subunit",ENSG00000100150,ENST00000645407,22,4770,3.678518379040114,True,True,DEPDC5 [ENST00000645407]
100893,MYO15B,myosin XVB,ENSG00000266714,ENST00000642007,17,4770,3.678518379040114,False,True,MYO15B [ENST00000642007]
92967,SAMD9,sterile alpha motif domain containing 9,ENSG00000205413,ENST00000620985,7,4770,3.678518379040114,True,True,SAMD9 [ENST00000620985]
25222,SAMD9,sterile alpha motif domain containing 9,ENSG00000205413,ENST00000379958,7,4770,3.678518379040114,True,True,SAMD9 [ENST00000379958]
11740,PEG3,paternally expressed 3,ENSG00000198300,ENST00000326441,19,4767,3.678245151927042,False,True,PEG3 [ENST00000326441]
9979,MADD,MAP kinase activating death domain,ENSG00000110514,ENST00000342922,11,4767,3.678245151927042,True,True,MADD [ENST00000342922]
54651,IQGAP3,IQ motif containing GTPase activating protein 3,ENSG00000183856,ENST00000491900,1,4767,3.678245151927042,False,True,IQGAP3 [ENST00000491900]
89084,PEG3,paternally expressed 3,ENSG00000198300,ENST00000599577,19,4764,3.67797175281074,False,True,PEG3 [ENST00000599577]
27904,MADD,MAP kinase activating death domain,ENSG00000110514,ENST00000402192,11,4764,3.67797175281074,True,True,MADD [ENST00000402192]
87917,PEG3,paternally expressed 3,ENSG00000198300,ENST00000599534,19,4764,3.67797175281074,False,True,PEG3 [ENST00000599534]
112708,KMT2C,lysine methyltransferase 2C,ENSG00000055609,ENST00000683159,7,4764,3.67797175281074,True,True,KMT2C [ENST00000683159]
559,LTBP4,latent transforming growth factor beta binding protein 4,ENSG00000090006,ENST00000204005,19,4764,3.67797175281074,True,True,LTBP4 [ENST00000204005]
46955,GLI2,GLI family zinc finger 2,ENSG00000074047,ENST00000452319,2,4761,3.6776981814745104,True,True,GLI2 [ENST00000452319]
46154,ABCA9,ATP binding cassette subfamily A member 9,ENSG00000154258,ENST00000453985,17,4761,3.6776981814745104,False,True,ABCA9 [ENST00000453985]
15294,MTCL1,microtubule crosslinking factor 1,ENSG00000168502,ENST00000359865,18,4761,3.6776981814745104,False,True,MTCL1 [ENST00000359865]
77806,STARD9,StAR related lipid transfer domain containing 9,ENSG00000159433,ENST00000562619,15,4761,3.6776981814745104,False,True,STARD9 [ENST00000562619]
3945,EIF4G3,eukaryotic translation initiation factor 4 gamma 3,ENSG00000075151,ENST00000264211,1,4758,3.6774244377012475,False,True,EIF4G3 [ENST00000264211]
29974,MROH2B,maestro heat like repeat family member 2B,ENSG00000171495,ENST00000399564,5,4758,3.6774244377012475,False,True,MROH2B [ENST00000399564]
20375,ADGRB2,adhesion G protein-coupled receptor B2,ENSG00000121753,ENST00000373658,1,4758,3.6774244377012475,False,True,ADGRB2 [ENST00000373658]
32599,SAMD9L,sterile alpha motif domain containing 9 like,ENSG00000177409,ENST00000411955,7,4755,3.6771505212734326,True,True,SAMD9L [ENST00000411955]
15821,CEP170,centrosomal protein 170,ENSG00000143702,ENST00000366542,1,4755,3.6771505212734326,False,True,CEP170 [ENST00000366542]
40625,SAMD9L,sterile alpha motif domain containing 9 like,ENSG00000177409,ENST00000446959,7,4755,3.6771505212734326,True,True,SAMD9L [ENST00000446959]
40586,SAMD9L,sterile alpha motif domain containing 9 like,ENSG00000177409,ENST00000437805,7,4755,3.6771505212734326,True,True,SAMD9L [ENST00000437805]
61092,ADGRB1,adhesion G protein-coupled receptor B1,ENSG00000181790,ENST00000517894,8,4755,3.6771505212734326,False,True,ADGRB1 [ENST00000517894]
53748,CFAP74,cilia and flagella associated protein 74,ENSG00000142609,ENST00000493964,1,4755,3.6771505212734326,True,True,CFAP74 [ENST00000493964]
87520,CEP170,centrosomal protein 170,ENSG00000276725,ENST00000612450,CHR_HSCHR1_3_CTG32_1,4755,3.6771505212734326,False,True,CEP170 [ENST00000612450]
12658,SAMD9L,sterile alpha motif domain containing 9 like,ENSG00000177409,ENST00000318238,7,4755,3.6771505212734326,True,True,SAMD9L [ENST00000318238]
41491,SAMD9L,sterile alpha motif domain containing 9 like,ENSG00000177409,ENST00000446033,7,4755,3.6771505212734326,True,True,SAMD9L [ENST00000446033]
18595,ADGRB2,adhesion G protein-coupled receptor B2,ENSG00000121753,ENST00000373655,1,4755,3.6771505212734326,False,True,ADGRB2 [ENST00000373655]
32255,SAMD9L,sterile alpha motif domain containing 9 like,ENSG00000177409,ENST00000414791,7,4755,3.6771505212734326,True,True,SAMD9L [ENST00000414791]
43274,SAMD9L,sterile alpha motif domain containing 9 like,ENSG00000177409,ENST00000439952,7,4755,3.6771505212734326,True,True,SAMD9L [ENST00000439952]
119372,SAMD9L,sterile alpha motif domain containing 9 like,ENSG00000177409,ENST00000699641,7,4755,3.6771505212734326,True,True,SAMD9L [ENST00000699641]
11455,ADGRB1,adhesion G protein-coupled receptor B1,ENSG00000181790,ENST00000323289,8,4755,3.6771505212734326,False,True,ADGRB1 [ENST00000323289]
120636,MADD,MAP kinase activating death domain,ENSG00000110514,ENST00000706889,11,4752,3.6768764319731373,True,True,MADD [ENST00000706889]
91081,CLTCL1,clathrin heavy chain like 1,ENSG00000070371,ENST00000621271,22,4752,3.6768764319731373,False,True,CLTCL1 [ENST00000621271]
72415,PTPRB,protein tyrosine phosphatase receptor type B,ENSG00000127329,ENST00000551525,12,4752,3.6768764319731373,False,True,PTPRB [ENST00000551525]
114739,GCC2,GRIP and coiled-coil domain containing 2,ENSG00000135968,ENST00000685519,2,4752,3.6768764319731373,False,True,GCC2 [ENST00000685519]
7113,ABCC8,ATP binding cassette subfamily C member 8,ENSG00000006071,ENST00000302539,11,4749,3.676602169582018,True,True,ABCC8 [ENST00000302539]
13087,PBRM1,polybromo 1,ENSG00000163939,ENST00000337303,3,4749,3.676602169582018,False,True,PBRM1 [ENST00000337303]
2048,NRK,Nik related kinase,ENSG00000123572,ENST00000243300,X,4749,3.676602169582018,False,True,NRK [ENST00000243300]
29801,PBRM1,polybromo 1,ENSG00000163939,ENST00000394830,3,4749,3.676602169582018,False,True,PBRM1 [ENST00000394830]
23100,NIN,ninein,ENSG00000100503,ENST00000389869,14,4746,3.6763277338813203,False,True,NIN [ENST00000389869]
30754,MADD,MAP kinase activating death domain,ENSG00000110514,ENST00000395336,11,4746,3.6763277338813203,True,True,MADD [ENST00000395336]
27118,DEPDC5,"DEP domain containing 5, GATOR1 subcomplex subunit",ENSG00000100150,ENST00000400249,22,4746,3.6763277338813203,True,True,DEPDC5 [ENST00000400249]
3003,ABCA8,ATP binding cassette subfamily A member 8,ENSG00000141338,ENST00000269080,17,4746,3.6763277338813203,False,True,ABCA8 [ENST00000269080]
102986,DEPDC5,"DEP domain containing 5, GATOR1 subcomplex subunit",ENSG00000100150,ENST00000644331,22,4746,3.6763277338813203,True,True,DEPDC5 [ENST00000644331]
6482,MED1,mediator complex subunit 1,ENSG00000125686,ENST00000300651,17,4746,3.6763277338813203,True,True,MED1 [ENST00000300651]
23534,ABCC8,ATP binding cassette subfamily C member 8,ENSG00000006071,ENST00000389817,11,4746,3.6763277338813203,True,True,ABCC8 [ENST00000389817]
102793,ADGRB1,adhesion G protein-coupled receptor B1,ENSG00000181790,ENST00000643448,8,4746,3.6763277338813203,False,True,ADGRB1 [ENST00000643448]
104851,ABCC8,ATP binding cassette subfamily C member 8,ENSG00000006071,ENST00000643260,11,4746,3.6763277338813203,True,True,ABCC8 [ENST00000643260]
105127,DIP2A,disco interacting protein 2 homolog A,ENSG00000160305,ENST00000651436,21,4746,3.6763277338813203,False,True,DIP2A [ENST00000651436]
57696,ADGRL3,adhesion G protein-coupled receptor L3,ENSG00000150471,ENST00000506720,4,4743,3.6760531246518715,False,True,ADGRL3 [ENST00000506720]
109661,DNMT1,DNA methyltransferase 1,ENSG00000130816,ENST00000679313,19,4743,3.6760531246518715,True,True,DNMT1 [ENST00000679313]
99367,ABCC8,ATP binding cassette subfamily C member 8,ENSG00000006071,ENST00000642271,11,4743,3.6760531246518715,True,True,ABCC8 [ENST00000642271]
111634,GLI3,GLI family zinc finger 3,ENSG00000106571,ENST00000677605,7,4743,3.6760531246518715,True,True,GLI3 [ENST00000677605]
15080,KDM5B,lysine demethylase 5B,ENSG00000117139,ENST00000367264,1,4743,3.6760531246518715,True,True,KDM5B [ENST00000367264]
109841,GLI3,GLI family zinc finger 3,ENSG00000106571,ENST00000678429,7,4743,3.6760531246518715,True,True,GLI3 [ENST00000678429]
31097,GLI3,GLI family zinc finger 3,ENSG00000106571,ENST00000395925,7,4743,3.6760531246518715,True,True,GLI3 [ENST00000395925]
102393,HECW2,"HECT, C2 and WW domain containing E3 ubiquitin protein ligase 2",ENSG00000138411,ENST00000644030,2,4740,3.6757783416740852,True,True,HECW2 [ENST00000644030]
119134,CLTC,clathrin heavy chain,ENSG00000141367,ENST00000700710,17,4740,3.6757783416740852,True,True,CLTC [ENST00000700710]
119199,C4A,complement C4A (Rodgers blood group),ENSG00000244731,ENST00000698442,6,4740,3.6757783416740852,True,True,C4A [ENST00000698442]
29940,TRPM3,transient receptor potential cation channel subfamily M member 3,ENSG00000083067,ENST00000396292,9,4740,3.6757783416740852,True,True,TRPM3 [ENST00000396292]
120026,SKIC3,SKI3 subunit of superkiller complex,ENSG00000198677,ENST00000698479,5,4737,3.6755033847279566,True,True,SKIC3 [ENST00000698479]
25721,FRMPD1,FERM and PDZ domain containing 1,ENSG00000070601,ENST00000377765,9,4737,3.6755033847279566,False,True,FRMPD1 [ENST00000377765]
68336,FRMPD1,FERM and PDZ domain containing 1,ENSG00000070601,ENST00000539465,9,4737,3.6755033847279566,False,True,FRMPD1 [ENST00000539465]
12811,DNMBP,dynamin binding protein,ENSG00000107554,ENST00000324109,10,4734,3.675228253593064,True,True,DNMBP [ENST00000324109]
95723,MARF1,meiosis regulator and mRNA stability factor 1,ENSG00000277140,ENST00000631398,CHR_HSCHR16_1_CTG1,4734,3.675228253593064,False,True,MARF1 [ENST00000631398]
110797,DNMT1,DNA methyltransferase 1,ENSG00000130816,ENST00000679103,19,4734,3.675228253593064,True,True,DNMT1 [ENST00000679103]
121163,MADD,MAP kinase activating death domain,ENSG00000110514,ENST00000706890,11,4734,3.675228253593064,True,True,MADD [ENST00000706890]
43718,EIF4G1,eukaryotic translation initiation factor 4 gamma 1,ENSG00000114867,ENST00000435046,3,4734,3.675228253593064,False,True,EIF4G1 [ENST00000435046]
67367,MARF1,meiosis regulator and mRNA stability factor 1,ENSG00000166783,ENST00000540441,16,4734,3.675228253593064,False,True,MARF1 [ENST00000540441]
7336,DIP2B,disco interacting protein 2 homolog B,ENSG00000066084,ENST00000301180,12,4731,3.674952948048565,True,True,DIP2B [ENST00000301180]
13290,SPATA31D1,SPATA31 subfamily D member 1,ENSG00000214929,ENST00000344803,9,4731,3.674952948048565,False,True,SPATA31D1 [ENST00000344803]
7048,IQGAP2,IQ motif containing GTPase activating protein 2,ENSG00000145703,ENST00000274364,5,4728,3.674677467873199,False,True,IQGAP2 [ENST00000274364]
17238,LAMC3,laminin subunit gamma 3,ENSG00000050555,ENST00000361069,9,4728,3.674677467873199,True,True,LAMC3 [ENST00000361069]
106356,LRRC7,leucine rich repeat containing 7,ENSG00000033122,ENST00000651989,1,4728,3.674677467873199,False,True,LRRC7 [ENST00000651989]
38372,DEPDC5,"DEP domain containing 5, GATOR1 subcomplex subunit",ENSG00000100150,ENST00000433147,22,4728,3.674677467873199,True,True,DEPDC5 [ENST00000433147]
32074,FLNA,filamin A,ENSG00000196924,ENST00000422373,X,4725,3.674401812845282,True,True,FLNA [ENST00000422373]
107101,SYNJ1,synaptojanin 1,ENSG00000159082,ENST00000674308,21,4722,3.674125982742708,True,True,SYNJ1 [ENST00000674308]
24428,SSC5D,scavenger receptor cysteine rich family member with 5 domains,ENSG00000179954,ENST00000389623,19,4722,3.674125982742708,False,True,SSC5D [ENST00000389623]
2872,HECW2,"HECT, C2 and WW domain containing E3 ubiquitin protein ligase 2",ENSG00000138411,ENST00000260983,2,4719,3.6738499773429494,True,True,HECW2 [ENST00000260983]
25698,SMARCA2,"SWI/SNF related, matrix associated, actin dependent regulator of chromatin, subfamily a, member 2",ENSG00000080503,ENST00000382194,9,4719,3.6738499773429494,True,True,SMARCA2 [ENST00000382194]
98828,DEPDC5,"DEP domain containing 5, GATOR1 subcomplex subunit",ENSG00000100150,ENST00000642696,22,4719,3.6738499773429494,True,True,DEPDC5 [ENST00000642696]
102196,HECW2,"HECT, C2 and WW domain containing E3 ubiquitin protein ligase 2",ENSG00000138411,ENST00000644978,2,4719,3.6738499773429494,True,True,HECW2 [ENST00000644978]
102371,HECW2,"HECT, C2 and WW domain containing E3 ubiquitin protein ligase 2",ENSG00000138411,ENST00000644256,2,4719,3.6738499773429494,True,True,HECW2 [ENST00000644256]
14615,SMARCA2,"SWI/SNF related, matrix associated, actin dependent regulator of chromatin, subfamily a, member 2",ENSG00000080503,ENST00000357248,9,4719,3.6738499773429494,True,True,SMARCA2 [ENST00000357248]
45974,HECW1,"HECT, C2 and WW domain containing E3 ubiquitin protein ligase 1",ENSG00000002746,ENST00000453890,7,4719,3.6738499773429494,False,True,HECW1 [ENST00000453890]
27750,DEPDC5,"DEP domain containing 5, GATOR1 subcomplex subunit",ENSG00000100150,ENST00000400248,22,4719,3.6738499773429494,True,True,DEPDC5 [ENST00000400248]
33957,SORBS2,sorbin and SH3 domain containing 2,ENSG00000154556,ENST00000421420,4,4719,3.6738499773429494,False,True,SORBS2 [ENST00000421420]
24462,AKAP9,A-kinase anchoring protein 9,ENSG00000127914,ENST00000394534,7,4716,3.6735737964230517,False,True,AKAP9 [ENST00000394534]
10475,NRXN3,neurexin 3,ENSG00000021645,ENST00000335750,14,4716,3.6735737964230517,False,True,NRXN3 [ENST00000335750]
55265,CC2D2A,coiled-coil and C2 domain containing 2A,ENSG00000048342,ENST00000506643,4,4716,3.6735737964230517,True,True,CC2D2A [ENST00000506643]
33741,DIP2A,disco interacting protein 2 homolog A,ENSG00000160305,ENST00000417564,21,4716,3.6735737964230517,False,True,DIP2A [ENST00000417564]
57904,ADGRL3,adhesion G protein-coupled receptor L3,ENSG00000150471,ENST00000506746,4,4716,3.6735737964230517,False,True,ADGRL3 [ENST00000506746]
2254,MAST1,microtubule associated serine/threonine kinase 1,ENSG00000105613,ENST00000251472,19,4713,3.6732974397596356,True,True,MAST1 [ENST00000251472]
73978,KDM5D,lysine demethylase 5D,ENSG00000012817,ENST00000541639,Y,4713,3.6732974397596356,False,True,KDM5D [ENST00000541639]
102555,ABCC8,ATP binding cassette subfamily C member 8,ENSG00000006071,ENST00000646902,11,4713,3.6732974397596356,True,True,ABCC8 [ENST00000646902]
16596,TRPM3,transient receptor potential cation channel subfamily M member 3,ENSG00000083067,ENST00000358082,9,4710,3.673020907128896,True,True,TRPM3 [ENST00000358082]
15324,TRPM3,transient receptor potential cation channel subfamily M member 3,ENSG00000083067,ENST00000360823,9,4710,3.673020907128896,True,True,TRPM3 [ENST00000360823]
16103,GLI2,GLI family zinc finger 2,ENSG00000074047,ENST00000361492,2,4710,3.673020907128896,True,True,GLI2 [ENST00000361492]
3283,PLXNC1,plexin C1,ENSG00000136040,ENST00000258526,12,4707,3.672744198306599,False,True,PLXNC1 [ENST00000258526]
95163,LRP6,LDL receptor related protein 6,ENSG00000281324,ENST00000626698,CHR_HG1362_PATCH,4707,3.672744198306599,True,True,LRP6 [ENST00000626698]
92258,KCP,kielin cysteine rich BMP regulator,ENSG00000135253,ENST00000613019,7,4707,3.672744198306599,False,True,KCP [ENST00000613019]
71641,LRP6,LDL receptor related protein 6,ENSG00000070018,ENST00000543091,12,4707,3.672744198306599,True,True,LRP6 [ENST00000543091]
28926,DIP2A,disco interacting protein 2 homolog A,ENSG00000160305,ENST00000400274,21,4704,3.6724673130680823,False,True,DIP2A [ENST00000400274]
27932,TRPM3,transient receptor potential cation channel subfamily M member 3,ENSG00000083067,ENST00000396285,9,4701,3.6721902511882525,True,True,TRPM3 [ENST00000396285]
29605,TRPM3,transient receptor potential cation channel subfamily M member 3,ENSG00000083067,ENST00000408909,9,4701,3.6721902511882525,True,True,TRPM3 [ENST00000408909]
111563,CIT,citron rho-interacting serine/threonine kinase,ENSG00000122966,ENST00000678087,12,4701,3.6721902511882525,True,True,CIT [ENST00000678087]
10051,RERE,arginine-glutamic acid dipeptide repeats,ENSG00000142599,ENST00000337907,1,4701,3.6721902511882525,True,True,RERE [ENST00000337907]
121271,MADD,MAP kinase activating death domain,ENSG00000110514,ENST00000706888,11,4701,3.6721902511882525,True,True,MADD [ENST00000706888]
28872,RERE,arginine-glutamic acid dipeptide repeats,ENSG00000142599,ENST00000400908,1,4701,3.6721902511882525,True,True,RERE [ENST00000400908]
26109,TRPM3,transient receptor potential cation channel subfamily M member 3,ENSG00000083067,ENST00000377105,9,4701,3.6721902511882525,True,True,TRPM3 [ENST00000377105]
13414,SYNM,synemin,ENSG00000182253,ENST00000336292,15,4698,3.671913012441587,False,True,SYNM [ENST00000336292]
29324,MADD,MAP kinase activating death domain,ENSG00000110514,ENST00000407859,11,4698,3.671913012441587,True,True,MADD [ENST00000407859]
112195,ALS2,alsin Rho guanine nucleotide exchange factor ALS2,ENSG00000003393,ENST00000680726,2,4698,3.671913012441587,True,True,ALS2 [ENST00000680726]
106219,KAT6A,lysine acetyltransferase 6A,ENSG00000083168,ENST00000649817,8,4698,3.671913012441587,True,True,KAT6A [ENST00000649817]
35323,ANKHD1,ankyrin repeat and KH domain containing 1,ENSG00000131503,ENST00000421134,5,4696,3.671728088239558,False,True,ANKHD1 [ENST00000421134]
6649,ZC3H13,zinc finger CCCH-type containing 13,ENSG00000123200,ENST00000282007,13,4695,3.6716355966021297,False,True,ZC3H13 [ENST00000282007]
16590,SKIC3,SKI3 subunit of superkiller complex,ENSG00000198677,ENST00000358746,5,4695,3.6716355966021297,True,True,SKIC3 [ENST00000358746]
105484,SKIC3,SKI3 subunit of superkiller complex,ENSG00000198677,ENST00000649566,5,4695,3.6716355966021297,True,True,SKIC3 [ENST00000649566]
113144,ALS2,alsin Rho guanine nucleotide exchange factor ALS2,ENSG00000003393,ENST00000680149,2,4695,3.6716355966021297,True,True,ALS2 [ENST00000680149]
68497,TNC,tenascin C,ENSG00000041982,ENST00000537320,9,4695,3.6716355966021297,True,True,TNC [ENST00000537320]
71987,NWD1,NACHT and WD repeat domain containing 1,ENSG00000188039,ENST00000552788,19,4695,3.6716355966021297,False,True,NWD1 [ENST00000552788]
86090,DNAH17,dynein axonemal heavy chain 17,ENSG00000187775,ENST00000591369,17,4692,3.671358003443492,True,True,DNAH17 [ENST00000591369]
100630,FRYL,FRY like transcription coactivator,ENSG00000075539,ENST00000641795,4,4692,3.671358003443492,False,True,FRYL [ENST00000641795]
30762,NEURL4,neuralized E3 ubiquitin protein ligase 4,ENSG00000215041,ENST00000399464,17,4689,3.6710802327388494,False,True,NEURL4 [ENST00000399464]
19901,ARHGEF11,Rho guanine nucleotide exchange factor 11,ENSG00000132694,ENST00000368194,1,4689,3.6710802327388494,False,True,ARHGEF11 [ENST00000368194]
54899,NACAD,NAC alpha domain containing,ENSG00000136274,ENST00000490531,7,4689,3.6710802327388494,False,True,NACAD [ENST00000490531]
118753,SKIC3,SKI3 subunit of superkiller complex,ENSG00000198677,ENST00000698487,5,4689,3.6710802327388494,True,True,SKIC3 [ENST00000698487]
108550,NEURL4,neuralized E3 ubiquitin protein ligase 4,ENSG00000288301,ENST00000671847,CHR_HG2087_PATCH,4689,3.6710802327388494,False,True,NEURL4 [ENST00000671847]
118756,SKIC3,SKI3 subunit of superkiller complex,ENSG00000198677,ENST00000698490,5,4686,3.670802284260944,True,True,SKIC3 [ENST00000698490]
119313,SKIC3,SKI3 subunit of superkiller complex,ENSG00000198677,ENST00000698454,5,4686,3.670802284260944,True,True,SKIC3 [ENST00000698454]
107957,NEURL4,neuralized E3 ubiquitin protein ligase 4,ENSG00000288301,ENST00000673081,CHR_HG2087_PATCH,4683,3.6705241577820797,False,True,NEURL4 [ENST00000673081]
39872,PCSK5,proprotein convertase subtilisin/kexin type 5,ENSG00000099139,ENST00000424854,9,4683,3.6705241577820797,False,True,PCSK5 [ENST00000424854]
7127,NEURL4,neuralized E3 ubiquitin protein ligase 4,ENSG00000215041,ENST00000315614,17,4683,3.6705241577820797,False,True,NEURL4 [ENST00000315614]
21709,KDM5C,lysine demethylase 5C,ENSG00000126012,ENST00000375401,X,4683,3.6705241577820797,True,True,KDM5C [ENST00000375401]
88237,BICRA,BRD4 interacting chromatin remodeling complex associated protein,ENSG00000063169,ENST00000594866,19,4683,3.6705241577820797,True,True,BICRA [ENST00000594866]
51760,CAMTA1,calmodulin binding transcription activator 1,ENSG00000171735,ENST00000476864,1,4683,3.6705241577820797,True,True,CAMTA1 [ENST00000476864]
30719,BICRA,BRD4 interacting chromatin remodeling complex associated protein,ENSG00000063169,ENST00000396720,19,4683,3.6705241577820797,True,True,BICRA [ENST00000396720]
32955,EIF4G1,eukaryotic translation initiation factor 4 gamma 1,ENSG00000114867,ENST00000411531,3,4683,3.6705241577820797,False,True,EIF4G1 [ENST00000411531]
118469,CLASP1,cytoplasmic linker associated protein 1,ENSG00000074054,ENST00000696935,2,4680,3.670245853074124,False,True,CLASP1 [ENST00000696935]
31592,EIF4G1,eukaryotic translation initiation factor 4 gamma 1,ENSG00000114867,ENST00000414031,3,4680,3.670245853074124,False,True,EIF4G1 [ENST00000414031]
120776,TNS3,tensin 3,ENSG00000136205,ENST00000705350,7,4680,3.670245853074124,False,True,TNS3 [ENST00000705350]
28088,KDM5C,lysine demethylase 5C,ENSG00000126012,ENST00000404049,X,4680,3.670245853074124,True,True,KDM5C [ENST00000404049]
114061,ARFGEF2,ADP ribosylation factor guanine nucleotide exchange factor 2,ENSG00000124198,ENST00000681885,20,4680,3.670245853074124,True,True,ARFGEF2 [ENST00000681885]
102568,RAPGEF2,Rap guanine nucleotide exchange factor 2,ENSG00000109756,ENST00000644902,4,4680,3.670245853074124,False,True,RAPGEF2 [ENST00000644902]
71520,ZNF236,zinc finger protein 236,ENSG00000130856,ENST00000543926,18,4677,3.669967369908504,False,True,ZNF236 [ENST00000543926]
11566,CEP170,centrosomal protein 170,ENSG00000143702,ENST00000336415,1,4677,3.669967369908504,False,True,CEP170 [ENST00000336415]
14759,MAP3K4,mitogen-activated protein kinase kinase kinase 4,ENSG00000085511,ENST00000366919,6,4677,3.669967369908504,False,True,MAP3K4 [ENST00000366919]
20369,KDM5C,lysine demethylase 5C,ENSG00000126012,ENST00000375379,X,4674,3.669688708056208,True,True,KDM5C [ENST00000375379]
32076,LCOR,ligand dependent nuclear receptor corepressor,ENSG00000196233,ENST00000421806,10,4674,3.669688708056208,False,True,LCOR [ENST00000421806]
30987,LTBP4,latent transforming growth factor beta binding protein 4,ENSG00000090006,ENST00000396819,19,4674,3.669688708056208,True,True,LTBP4 [ENST00000396819]
114559,MED12L,mediator complex subunit 12L,ENSG00000144893,ENST00000686666,3,4673,3.6695957810243134,True,True,MED12L [ENST00000686666]
29201,TRPM3,transient receptor potential cation channel subfamily M member 3,ENSG00000083067,ENST00000396280,9,4671,3.669409867287783,True,True,TRPM3 [ENST00000396280]
102729,VPS13D,vacuolar protein sorting 13 homolog D,ENSG00000048707,ENST00000646917,1,4671,3.669409867287783,True,True,VPS13D [ENST00000646917]
15205,BAZ1A,bromodomain adjacent to zinc finger domain 1A,ENSG00000198604,ENST00000360310,14,4671,3.669409867287783,False,True,BAZ1A [ENST00000360310]
8232,DIP2C,disco interacting protein 2 homolog C,ENSG00000151240,ENST00000280886,10,4671,3.669409867287783,False,True,DIP2C [ENST00000280886]
107240,PRX,periaxin,ENSG00000105227,ENST00000674005,19,4671,3.669409867287783,True,True,PRX [ENST00000674005]
22426,BAZ1A,bromodomain adjacent to zinc finger domain 1A,ENSG00000198604,ENST00000382422,14,4671,3.669409867287783,False,True,BAZ1A [ENST00000382422]
106148,INO80,INO80 complex ATPase subunit,ENSG00000128908,ENST00000648947,15,4671,3.669409867287783,False,True,INO80 [ENST00000648947]
4189,UGGT1,UDP-glucose glycoprotein glucosyltransferase 1,ENSG00000136731,ENST00000259253,2,4668,3.6691308473733324,False,True,UGGT1 [ENST00000259253]
32898,CACNA1G,calcium voltage-gated channel subunit alpha1 G,ENSG00000006283,ENST00000416767,17,4668,3.6691308473733324,True,True,CACNA1G [ENST00000416767]
7346,PCF11,PCF11 cleavage and polyadenylation factor subunit,ENSG00000165494,ENST00000298281,11,4668,3.6691308473733324,False,True,PCF11 [ENST00000298281]
14838,MAP3K4,mitogen-activated protein kinase kinase kinase 4,ENSG00000085511,ENST00000348824,6,4665,3.668851648082519,False,True,MAP3K4 [ENST00000348824]
104565,CHD4,chromodomain helicase DNA binding protein 4,ENSG00000111642,ENST00000646608,12,4665,3.668851648082519,True,True,CHD4 [ENST00000646608]
31303,CEP170B,centrosomal protein 170B,ENSG00000099814,ENST00000414716,14,4665,3.668851648082519,False,True,CEP170B [ENST00000414716]
30947,ADGRB2,adhesion G protein-coupled receptor B2,ENSG00000121753,ENST00000398538,1,4665,3.668851648082519,False,True,ADGRB2 [ENST00000398538]
36413,PTPRF,protein tyrosine phosphatase receptor type F,ENSG00000142949,ENST00000429895,1,4662,3.668572269184558,False,True,PTPRF [ENST00000429895]
57579,FRYL,FRY like transcription coactivator,ENSG00000075539,ENST00000507711,4,4662,3.668572269184558,False,True,FRYL [ENST00000507711]
28375,TRPM2,transient receptor potential cation channel subfamily M member 2,ENSG00000142185,ENST00000397932,21,4662,3.668572269184558,False,True,TRPM2 [ENST00000397932]
25262,DEPDC5,"DEP domain containing 5, GATOR1 subcomplex subunit",ENSG00000100150,ENST00000382111,22,4659,3.668292710448221,True,True,DEPDC5 [ENST00000382111]
43460,CNOT1,CCR4-NOT transcription complex subunit 1,ENSG00000125107,ENST00000441024,16,4656,3.668012971641832,True,True,CNOT1 [ENST00000441024]
65151,ADGRB2,adhesion G protein-coupled receptor B2,ENSG00000121753,ENST00000527361,1,4656,3.668012971641832,False,True,ADGRB2 [ENST00000527361]
10046,CDC42BPG,CDC42 binding protein kinase gamma,ENSG00000171219,ENST00000342711,11,4656,3.668012971641832,False,True,CDC42BPG [ENST00000342711]
23338,DUOX1,dual oxidase 1,ENSG00000137857,ENST00000389037,15,4656,3.668012971641832,False,True,DUOX1 [ENST00000389037]
13213,DUOX1,dual oxidase 1,ENSG00000137857,ENST00000321429,15,4656,3.668012971641832,False,True,DUOX1 [ENST00000321429]
49929,ROBO1,roundabout guidance receptor 1,ENSG00000169855,ENST00000467549,3,4656,3.668012971641832,True,True,ROBO1 [ENST00000467549]
112295,ERCC6L2,ERCC excision repair 6 like 2,ENSG00000182150,ENST00000682983,9,4653,3.667733052533267,True,True,ERCC6L2 [ENST00000682983]
106436,ERCC6L2,ERCC excision repair 6 like 2,ENSG00000182150,ENST00000653738,9,4653,3.667733052533267,True,True,ERCC6L2 [ENST00000653738]
15092,NFAT5,nuclear factor of activated T cells 5,ENSG00000102908,ENST00000349945,16,4650,3.667452952889954,False,True,NFAT5 [ENST00000349945]
23218,SCRIB,scribble planar cell polarity protein,ENSG00000180900,ENST00000377533,8,4650,3.667452952889954,False,True,SCRIB [ENST00000377533]
3433,ABCC9,ATP binding cassette subfamily C member 9,ENSG00000069431,ENST00000261201,12,4650,3.667452952889954,True,True,ABCC9 [ENST00000261201]
89819,SCRIB,scribble planar cell polarity protein,ENSG00000274287,ENST00000611528,CHR_HSCHR8_3_CTG7,4650,3.667452952889954,False,True,SCRIB [ENST00000611528]
4354,ABCC9,ATP binding cassette subfamily C member 9,ENSG00000069431,ENST00000261200,12,4650,3.667452952889954,True,True,ABCC9 [ENST00000261200]
106099,KIAA0586,KIAA0586,ENSG00000100578,ENST00000652326,14,4647,3.6671726724788685,True,True,KIAA0586 [ENST00000652326]
101970,ITPR1,"inositol 1,4,5-trisphosphate receptor type 1",ENSG00000150995,ENST00000648016,3,4647,3.6671726724788685,True,True,ITPR1 [ENST00000648016]
108908,CUL7,cullin 7,ENSG00000044090,ENST00000674112,6,4647,3.6671726724788685,True,True,CUL7 [ENST00000674112]
5122,ZMYM4,zinc finger MYM-type containing 4,ENSG00000146463,ENST00000314607,1,4647,3.6671726724788685,False,True,ZMYM4 [ENST00000314607]
80553,NFAT5,nuclear factor of activated T cells 5,ENSG00000102908,ENST00000567239,16,4647,3.6671726724788685,False,True,NFAT5 [ENST00000567239]
47051,TNS3,tensin 3,ENSG00000136205,ENST00000457718,7,4647,3.6671726724788685,False,True,TNS3 [ENST00000457718]
89161,DUOX2,dual oxidase 2,ENSG00000140279,ENST00000603300,15,4647,3.6671726724788685,True,True,DUOX2 [ENST00000603300]
25992,DUOX2,dual oxidase 2,ENSG00000140279,ENST00000389039,15,4647,3.6671726724788685,True,True,DUOX2 [ENST00000389039]
27005,NRXN1,neurexin 1,ENSG00000179915,ENST00000404971,2,4644,3.666892211066536,True,True,NRXN1 [ENST00000404971]
16314,USH2A,usherin,ENSG00000042781,ENST00000366942,1,4641,3.66661156841903,True,True,USH2A [ENST00000366942]
60737,MTCL1,microtubule crosslinking factor 1,ENSG00000168502,ENST00000517570,18,4638,3.6663307443019684,False,True,MTCL1 [ENST00000517570]
102246,ABCC2,ATP binding cassette subfamily C member 2,ENSG00000023839,ENST00000647814,10,4638,3.6663307443019684,True,True,ABCC2 [ENST00000647814]
111239,ATM,ATM serine/threonine kinase,ENSG00000149311,ENST00000675595,11,4638,3.6663307443019684,True,True,ATM [ENST00000675595]
65357,ATM,ATM serine/threonine kinase,ENSG00000149311,ENST00000527805,11,4638,3.6663307443019684,True,True,ATM [ENST00000527805]
73618,MED13L,mediator complex subunit 13L,ENSG00000123066,ENST00000549786,12,4638,3.6663307443019684,True,True,MED13L [ENST00000549786]
30044,MADD,MAP kinase activating death domain,ENSG00000110514,ENST00000402799,11,4638,3.6663307443019684,True,True,MADD [ENST00000402799]
15884,KDM5B,lysine demethylase 5B,ENSG00000117139,ENST00000367265,1,4635,3.666049738480516,True,True,KDM5B [ENST00000367265]
1814,ARAP3,"ArfGAP with RhoGAP domain, ankyrin repeat and PH domain 3",ENSG00000120318,ENST00000239440,5,4635,3.666049738480516,False,True,ARAP3 [ENST00000239440]
28702,ARHGEF12,Rho guanine nucleotide exchange factor 12,ENSG00000196914,ENST00000397843,11,4635,3.666049738480516,False,True,ARHGEF12 [ENST00000397843]
17384,TULP4,TUB like protein 4,ENSG00000130338,ENST00000367097,6,4632,3.66576855071938,False,True,TULP4 [ENST00000367097]
7442,ABCA10,ATP binding cassette subfamily A member 10,ENSG00000154263,ENST00000269081,17,4632,3.66576855071938,False,True,ABCA10 [ENST00000269081]
89212,OBSL1,obscurin like cytoskeletal adaptor 1,ENSG00000124006,ENST00000603926,2,4632,3.66576855071938,True,True,OBSL1 [ENST00000603926]
117686,ABCA10,ATP binding cassette subfamily A member 10,ENSG00000154263,ENST00000690296,17,4632,3.66576855071938,False,True,ABCA10 [ENST00000690296]
112681,ADGRL3,adhesion G protein-coupled receptor L3,ENSG00000150471,ENST00000683033,4,4632,3.66576855071938,False,True,ADGRL3 [ENST00000683033]
6878,SLIT2,slit guidance ligand 2,ENSG00000145147,ENST00000273739,4,4629,3.6654871807828107,False,True,SLIT2 [ENST00000273739]
113258,ABCC8,ATP binding cassette subfamily C member 8,ENSG00000006071,ENST00000683136,11,4629,3.6654871807828107,True,True,ABCC8 [ENST00000683136]
18275,ASXL1,ASXL transcriptional regulator 1,ENSG00000171456,ENST00000375687,20,4626,3.6652056284346006,True,True,ASXL1 [ENST00000375687]
30199,ABCC1,ATP binding cassette subfamily C member 1,ENSG00000103222,ENST00000399408,16,4626,3.6652056284346006,False,True,ABCC1 [ENST00000399408]
120685,LRRC37A2,leucine rich repeat containing 37 member A2,ENSG00000238083,ENST00000706058,17,4626,3.6652056284346006,False,True,LRRC37A2 [ENST00000706058]
14569,MEGF6,multiple EGF like domains 6,ENSG00000162591,ENST00000356575,1,4626,3.6652056284346006,False,True,MEGF6 [ENST00000356575]
121549,IQSEC2,IQ motif and Sec7 domain ArfGEF 2,ENSG00000124313,ENST00000706952,X,4626,3.6652056284346006,True,True,IQSEC2 [ENST00000706952]
29020,MADD,MAP kinase activating death domain,ENSG00000110514,ENST00000395344,11,4626,3.6652056284346006,True,True,MADD [ENST00000395344]
4463,RIMS1,regulating synaptic membrane exocytosis 1,ENSG00000079841,ENST00000264839,6,4626,3.6652056284346006,True,True,RIMS1 [ENST00000264839]
91707,ASXL1,ASXL transcriptional regulator 1,ENSG00000171456,ENST00000620121,20,4626,3.6652056284346006,True,True,ASXL1 [ENST00000620121]
93301,ASXL1,ASXL transcriptional regulator 1,ENSG00000171456,ENST00000613218,20,4626,3.6652056284346006,True,True,ASXL1 [ENST00000613218]
55894,RAPGEF2,Rap guanine nucleotide exchange factor 2,ENSG00000109756,ENST00000505026,4,4623,3.6649238934380817,False,True,RAPGEF2 [ENST00000505026]
100965,ARID1B,AT-rich interaction domain 1B,ENSG00000049618,ENST00000637904,6,4620,3.6646419755561257,True,True,ARID1B [ENST00000637904]
61312,ZFYVE16,zinc finger FYVE-type containing 16,ENSG00000039319,ENST00000510158,5,4620,3.6646419755561257,False,True,ZFYVE16 [ENST00000510158]
56808,ZFYVE16,zinc finger FYVE-type containing 16,ENSG00000039319,ENST00000505560,5,4620,3.6646419755561257,False,True,ZFYVE16 [ENST00000505560]
110023,SETBP1,SET binding protein 1,ENSG00000152217,ENST00000677699,18,4620,3.6646419755561257,True,True,SETBP1 [ENST00000677699]
103343,KDM5B,lysine demethylase 5B,ENSG00000117139,ENST00000648056,1,4620,3.6646419755561257,True,True,KDM5B [ENST00000648056]
12002,ZFYVE16,zinc finger FYVE-type containing 16,ENSG00000039319,ENST00000338008,5,4620,3.6646419755561257,False,True,ZFYVE16 [ENST00000338008]
11072,KDM5D,lysine demethylase 5D,ENSG00000012817,ENST00000317961,Y,4620,3.6646419755561257,False,True,KDM5D [ENST00000317961]
92722,PCDH15,protocadherin related 15,ENSG00000150275,ENST00000617271,10,4620,3.6646419755561257,True,True,PCDH15 [ENST00000617271]
81963,NEURL4,neuralized E3 ubiquitin protein ligase 4,ENSG00000215041,ENST00000570460,17,4617,3.664359874551141,False,True,NEURL4 [ENST00000570460]
107486,NEURL4,neuralized E3 ubiquitin protein ligase 4,ENSG00000288301,ENST00000672757,CHR_HG2087_PATCH,4617,3.664359874551141,False,True,NEURL4 [ENST00000672757]
4432,CLASP1,cytoplasmic linker associated protein 1,ENSG00000074054,ENST00000263710,2,4617,3.664359874551141,False,True,CLASP1 [ENST00000263710]
93703,HMGXB3,HMG-box containing 3,ENSG00000113716,ENST00000613459,5,4617,3.664359874551141,False,True,HMGXB3 [ENST00000613459]
121087,MADD,MAP kinase activating death domain,ENSG00000110514,ENST00000706891,11,4617,3.664359874551141,True,True,MADD [ENST00000706891]
118916,CAMTA1,calmodulin binding transcription activator 1,ENSG00000171735,ENST00000700415,1,4614,3.664077590185075,True,True,CAMTA1 [ENST00000700415]
30497,DOT1L,DOT1 like histone lysine methyltransferase,ENSG00000104885,ENST00000398665,19,4614,3.664077590185075,False,True,DOT1L [ENST00000398665]
109529,CIT,citron rho-interacting serine/threonine kinase,ENSG00000122966,ENST00000678677,12,4614,3.664077590185075,True,True,CIT [ENST00000678677]
24066,DIP2C,disco interacting protein 2 homolog C,ENSG00000151240,ENST00000381496,10,4614,3.664077590185075,False,True,DIP2C [ENST00000381496]
113948,C2CD3,C2 domain containing 3 centriole elongation regulator,ENSG00000168014,ENST00000681811,11,4614,3.664077590185075,True,True,C2CD3 [ENST00000681811]
7861,ASXL1,ASXL transcriptional regulator 1,ENSG00000171456,ENST00000306058,20,4611,3.6637951222194074,True,True,ASXL1 [ENST00000306058]
119824,CAMTA1,calmodulin binding transcription activator 1,ENSG00000171735,ENST00000700417,1,4611,3.6637951222194074,True,True,CAMTA1 [ENST00000700417]
115849,ERCC6L2,ERCC excision repair 6 like 2,ENSG00000182150,ENST00000683937,9,4608,3.6635124704151556,True,True,ERCC6L2 [ENST00000683937]
114293,PRRC2B,proline rich coiled-coil 2B,ENSG00000288701,ENST00000682501,9,4608,3.6635124704151556,False,True,PRRC2B [ENST00000682501]
2867,SLIT1,slit guidance ligand 1,ENSG00000187122,ENST00000266058,10,4605,3.663229634532868,False,True,SLIT1 [ENST00000266058]
45920,TNS3,tensin 3,ENSG00000136205,ENST00000450444,7,4605,3.663229634532868,False,True,TNS3 [ENST00000450444]
120729,SMARCA4,"SWI/SNF related, matrix associated, actin dependent regulator of chromatin, subfamily a, member 4",ENSG00000127616,ENST00000704344,19,4605,3.663229634532868,True,True,SMARCA4 [ENST00000704344]
116561,KIAA1210,KIAA1210,ENSG00000250423,ENST00000691062,X,4602,3.6629466143326246,False,True,KIAA1210 [ENST00000691062]
93994,KIAA0586,KIAA0586,ENSG00000100578,ENST00000619416,14,4602,3.6629466143326246,True,True,KIAA0586 [ENST00000619416]
16079,AGL,"amylo-alpha-1, 6-glucosidase, 4-alpha-glucanotransferase",ENSG00000162688,ENST00000361915,1,4599,3.6626634095740376,True,True,AGL [ENST00000361915]
19334,AGL,"amylo-alpha-1, 6-glucosidase, 4-alpha-glucanotransferase",ENSG00000162688,ENST00000370165,1,4599,3.6626634095740376,True,True,AGL [ENST00000370165]
114518,ABCC9,ATP binding cassette subfamily C member 9,ENSG00000069431,ENST00000684084,12,4599,3.6626634095740376,True,True,ABCC9 [ENST00000684084]
8924,AGL,"amylo-alpha-1, 6-glucosidase, 4-alpha-glucanotransferase",ENSG00000162688,ENST00000294724,1,4599,3.6626634095740376,True,True,AGL [ENST00000294724]
19971,AGL,"amylo-alpha-1, 6-glucosidase, 4-alpha-glucanotransferase",ENSG00000162688,ENST00000370163,1,4599,3.6626634095740376,True,True,AGL [ENST00000370163]
47638,TIAM1,TIAM Rac1 associated GEF 1,ENSG00000156299,ENST00000455508,21,4596,3.6623800200162475,True,True,TIAM1 [ENST00000455508]
94955,ABCC1,ATP binding cassette subfamily C member 1,ENSG00000278183,ENST00000621144,CHR_HSCHR16_1_CTG1,4596,3.6623800200162475,False,True,ABCC1 [ENST00000621144]
40236,ROBO1,roundabout guidance receptor 1,ENSG00000169855,ENST00000436010,3,4596,3.6623800200162475,True,True,ROBO1 [ENST00000436010]
27236,ABCC1,ATP binding cassette subfamily C member 1,ENSG00000103222,ENST00000399410,16,4596,3.6623800200162475,False,True,ABCC1 [ENST00000399410]
116542,ROBO2,roundabout guidance receptor 2,ENSG00000185008,ENST00000696630,3,4596,3.6623800200162475,True,True,ROBO2 [ENST00000696630]
39417,TOP2A,DNA topoisomerase II alpha,ENSG00000131747,ENST00000423485,17,4596,3.6623800200162475,True,True,TOP2A [ENST00000423485]
110008,WNK1,WNK lysine deficient protein kinase 1,ENSG00000060237,ENST00000676347,12,4596,3.6623800200162475,True,True,WNK1 [ENST00000676347]
117362,ATP7A,ATPase copper transporting alpha,ENSG00000165240,ENST00000689767,X,4596,3.6623800200162475,True,True,ATP7A [ENST00000689767]
17444,NFAT5,nuclear factor of activated T cells 5,ENSG00000102908,ENST00000354436,16,4596,3.6623800200162475,False,True,NFAT5 [ENST00000354436]
19516,SYCP2,synaptonemal complex protein 2,ENSG00000196074,ENST00000371001,20,4593,3.6620964454179235,True,True,SYCP2 [ENST00000371001]
11274,SLIT3,slit guidance ligand 3,ENSG00000184347,ENST00000332966,5,4593,3.6620964454179235,False,True,SLIT3 [ENST00000332966]
11378,ERICH3,glutamate rich 3,ENSG00000178965,ENST00000326665,1,4593,3.6620964454179235,False,True,ERICH3 [ENST00000326665]
44028,CCDC141,coiled-coil domain containing 141,ENSG00000163492,ENST00000443758,2,4593,3.6620964454179235,False,True,CCDC141 [ENST00000443758]
16136,SYCP2,synaptonemal complex protein 2,ENSG00000196074,ENST00000357552,20,4593,3.6620964454179235,True,True,SYCP2 [ENST00000357552]
92453,GON4L,gon-4 like,ENSG00000116580,ENST00000622608,1,4590,3.661812685537261,False,True,GON4L [ENST00000622608]
56184,SLIT2,slit guidance ligand 2,ENSG00000145147,ENST00000504154,4,4590,3.661812685537261,False,True,SLIT2 [ENST00000504154]
14062,GON4L,gon-4 like,ENSG00000116580,ENST00000361040,1,4590,3.661812685537261,False,True,GON4L [ENST00000361040]
56338,ADGRL3,adhesion G protein-coupled receptor L3,ENSG00000150471,ENST00000507625,4,4587,3.6615287401319825,False,True,ADGRL3 [ENST00000507625]
6298,DLC1,DLC1 Rho GTPase activating protein,ENSG00000164741,ENST00000276297,8,4587,3.6615287401319825,True,True,DLC1 [ENST00000276297]
115001,ABCC8,ATP binding cassette subfamily C member 8,ENSG00000006071,ENST00000684571,11,4587,3.6615287401319825,True,True,ABCC8 [ENST00000684571]
108614,SYNE1,spectrin repeat containing nuclear envelope protein 1,ENSG00000131018,ENST00000673281,6,4585,3.66133934000604,True,True,SYNE1 [ENST00000673281]
6634,ABCC3,ATP binding cassette subfamily C member 3,ENSG00000108846,ENST00000285238,17,4584,3.6612446089593336,False,True,ABCC3 [ENST00000285238]
106792,DMBT1,deleted in malignant brain tumors 1,ENSG00000187908,ENST00000664974,10,4584,3.6612446089593336,False,True,DMBT1 [ENST00000664974]
108694,PLCE1,phospholipase C epsilon 1,ENSG00000138193,ENST00000674827,10,4584,3.6612446089593336,True,True,PLCE1 [ENST00000674827]
96482,SYNJ1,synaptojanin 1,ENSG00000159082,ENST00000630077,21,4581,3.6609602917760835,True,True,SYNJ1 [ENST00000630077]
74933,TRPM1,transient receptor potential cation channel subfamily M member 1,ENSG00000134160,ENST00000558768,15,4581,3.6609602917760835,True,True,TRPM1 [ENST00000558768]
93027,ROBO1,roundabout guidance receptor 1,ENSG00000169855,ENST00000618846,3,4578,3.660675788338524,True,True,ROBO1 [ENST00000618846]
17348,ARHGEF12,Rho guanine nucleotide exchange factor 12,ENSG00000196914,ENST00000356641,11,4578,3.660675788338524,False,True,ARHGEF12 [ENST00000356641]
103733,DEPDC5,"DEP domain containing 5, GATOR1 subcomplex subunit",ENSG00000100150,ENST00000645560,22,4578,3.660675788338524,True,True,DEPDC5 [ENST00000645560]
57215,SLIT2,slit guidance ligand 2,ENSG00000145147,ENST00000503837,4,4578,3.660675788338524,False,True,SLIT2 [ENST00000503837]
23259,IQGAP2,IQ motif containing GTPase activating protein 2,ENSG00000145703,ENST00000379730,5,4578,3.660675788338524,False,True,IQGAP2 [ENST00000379730]
104714,DEPDC5,"DEP domain containing 5, GATOR1 subcomplex subunit",ENSG00000100150,ENST00000646969,22,4578,3.660675788338524,True,True,DEPDC5 [ENST00000646969]
117159,ANKRD30B,ankyrin repeat domain 30B,ENSG00000180777,ENST00000690538,18,4578,3.660675788338524,False,True,ANKRD30B [ENST00000690538]
4771,DISP1,dispatched RND transporter family member 1,ENSG00000154309,ENST00000284476,1,4575,3.6603910984024672,False,True,DISP1 [ENST00000284476]
17581,BAZ1A,bromodomain adjacent to zinc finger domain 1A,ENSG00000198604,ENST00000358716,14,4575,3.6603910984024672,False,True,BAZ1A [ENST00000358716]
111380,DISP1,dispatched RND transporter family member 1,ENSG00000154309,ENST00000675850,1,4575,3.6603910984024672,False,True,DISP1 [ENST00000675850]
3529,URB2,URB2 ribosome biogenesis homolog,ENSG00000135763,ENST00000258243,1,4575,3.6603910984024672,False,True,URB2 [ENST00000258243]
109827,DISP1,dispatched RND transporter family member 1,ENSG00000154309,ENST00000675961,1,4575,3.6603910984024672,False,True,DISP1 [ENST00000675961]
7381,EHBP1L1,EH domain binding protein 1 like 1,ENSG00000173442,ENST00000309295,11,4572,3.660106221723244,False,True,EHBP1L1 [ENST00000309295]
107754,DISP1,dispatched RND transporter family member 1,ENSG00000154309,ENST00000675039,1,4572,3.660106221723244,False,True,DISP1 [ENST00000675039]
29319,WDR62,WD repeat domain 62,ENSG00000075702,ENST00000401500,19,4572,3.660106221723244,True,True,WDR62 [ENST00000401500]
61725,SLIT3,slit guidance ligand 3,ENSG00000184347,ENST00000519560,5,4572,3.660106221723244,False,True,SLIT3 [ENST00000519560]
70482,NWD1,NACHT and WD repeat domain containing 1,ENSG00000188039,ENST00000549814,19,4569,3.659821158055705,False,True,NWD1 [ENST00000549814]
16633,ARHGEF11,Rho guanine nucleotide exchange factor 11,ENSG00000132694,ENST00000361409,1,4569,3.659821158055705,False,True,ARHGEF11 [ENST00000361409]
18564,ADGRB3,adhesion G protein-coupled receptor B3,ENSG00000135298,ENST00000370598,6,4569,3.659821158055705,False,True,ADGRB3 [ENST00000370598]
2579,TOPBP1,DNA topoisomerase II binding protein 1,ENSG00000163781,ENST00000260810,3,4569,3.659821158055705,False,True,TOPBP1 [ENST00000260810]
103696,NALCN,"sodium leak channel, non-selective",ENSG00000102452,ENST00000648359,13,4569,3.659821158055705,True,True,NALCN [ENST00000648359]
110215,GLI3,GLI family zinc finger 3,ENSG00000106571,ENST00000677288,7,4569,3.659821158055705,True,True,GLI3 [ENST00000677288]
73158,ADGRB3,adhesion G protein-coupled receptor B3,ENSG00000135298,ENST00000546190,6,4569,3.659821158055705,False,True,ADGRB3 [ENST00000546190]
121454,NRXN2,neurexin 2,ENSG00000110076,ENST00000704781,11,4566,3.6595359071542166,False,True,NRXN2 [ENST00000704781]
52899,GLI3,GLI family zinc finger 3,ENSG00000106571,ENST00000479210,7,4566,3.6595359071542166,True,True,GLI3 [ENST00000479210]
119439,RANBP2,RAN binding protein 2,ENSG00000153201,ENST00000697745,2,4566,3.6595359071542166,False,True,RANBP2 [ENST00000697745]
50083,PARP14,poly(ADP-ribose) polymerase family member 14,ENSG00000173193,ENST00000460683,3,4566,3.6595359071542166,False,True,PARP14 [ENST00000460683]
105781,KIAA0586,KIAA0586,ENSG00000100578,ENST00000650904,14,4566,3.6595359071542166,True,True,KIAA0586 [ENST00000650904]
121188,RIMS2,regulating synaptic membrane exocytosis 2,ENSG00000176406,ENST00000705945,8,4566,3.6595359071542166,True,True,RIMS2 [ENST00000705945]
57769,SLIT2,slit guidance ligand 2,ENSG00000145147,ENST00000503823,4,4566,3.6595359071542166,False,True,SLIT2 [ENST00000503823]
112922,WDR62,WD repeat domain 62,ENSG00000075702,ENST00000679714,19,4566,3.6595359071542166,True,True,WDR62 [ENST00000679714]
75347,CEP170B,centrosomal protein 170B,ENSG00000099814,ENST00000556508,14,4560,3.658964842664435,False,True,CEP170B [ENST00000556508]
17516,COL18A1,collagen type XVIII alpha 1 chain,ENSG00000182871,ENST00000355480,21,4560,3.658964842664435,True,True,COL18A1 [ENST00000355480]
7399,ARHGEF40,Rho guanine nucleotide exchange factor 40,ENSG00000165801,ENST00000298694,14,4560,3.658964842664435,False,True,ARHGEF40 [ENST00000298694]
6911,WDR62,WD repeat domain 62,ENSG00000075702,ENST00000270301,19,4557,3.6586790285824486,True,True,WDR62 [ENST00000270301]
18587,ADCY10,adenylate cyclase 10,ENSG00000143199,ENST00000367848,1,4557,3.6586790285824486,False,True,ADCY10 [ENST00000367848]
113027,WDR62,WD repeat domain 62,ENSG00000075702,ENST00000679682,19,4557,3.6586790285824486,True,True,WDR62 [ENST00000679682]
116338,FANCM,FA complementation group M,ENSG00000187790,ENST00000696685,14,4557,3.6586790285824486,True,True,FANCM [ENST00000696685]
102658,KDM5B,lysine demethylase 5B,ENSG00000117139,ENST00000648338,1,4554,3.658393026279124,True,True,KDM5B [ENST00000648338]
119014,TOP2B,DNA topoisomerase II beta,ENSG00000077097,ENST00000699037,3,4554,3.658393026279124,True,True,TOP2B [ENST00000699037]
100988,TOPBP1,DNA topoisomerase II binding protein 1,ENSG00000163781,ENST00000642236,3,4554,3.658393026279124,False,True,TOPBP1 [ENST00000642236]
17928,ANKRD30A,ankyrin repeat domain 30A,ENSG00000148513,ENST00000374660,10,4551,3.658106835506393,False,True,ANKRD30A [ENST00000374660]
120571,CLTC,clathrin heavy chain,ENSG00000141367,ENST00000700714,17,4551,3.658106835506393,True,True,CLTC [ENST00000700714]
16096,RUSC2,RUN and SH3 domain containing 2,ENSG00000198853,ENST00000361226,9,4551,3.658106835506393,True,True,RUSC2 [ENST00000361226]
21398,AGL,"amylo-alpha-1, 6-glucosidase, 4-alpha-glucanotransferase",ENSG00000162688,ENST00000370161,1,4551,3.658106835506393,True,True,AGL [ENST00000370161]
19194,UGGT2,UDP-glucose glycoprotein glucosyltransferase 2,ENSG00000102595,ENST00000376747,13,4551,3.658106835506393,False,True,UGGT2 [ENST00000376747]
21028,KDM5C,lysine demethylase 5C,ENSG00000126012,ENST00000375383,X,4551,3.658106835506393,True,True,KDM5C [ENST00000375383]
16796,CUX1,cut like homeobox 1,ENSG00000257923,ENST00000360264,7,4551,3.658106835506393,True,True,CUX1 [ENST00000360264]
90884,NEXMIF,neurite extension and migration factor,ENSG00000050030,ENST00000616200,X,4551,3.658106835506393,True,True,NEXMIF [ENST00000616200]
48284,RUSC2,RUN and SH3 domain containing 2,ENSG00000198853,ENST00000455600,9,4551,3.658106835506393,True,True,RUSC2 [ENST00000455600]
78,NEXMIF,neurite extension and migration factor,ENSG00000050030,ENST00000055682,X,4551,3.658106835506393,True,True,NEXMIF [ENST00000055682]
32107,FAM135A,family with sequence similarity 135 member A,ENSG00000082269,ENST00000418814,6,4548,3.6578204560156973,False,True,FAM135A [ENST00000418814]
15455,CLASP2,cytoplasmic linker associated protein 2,ENSG00000163539,ENST00000359576,3,4548,3.6578204560156973,False,True,CLASP2 [ENST00000359576]
119433,RIMS1,regulating synaptic membrane exocytosis 1,ENSG00000079841,ENST00000697193,6,4548,3.6578204560156973,True,True,RIMS1 [ENST00000697193]
101217,FAM193A,family with sequence similarity 193 member A,ENSG00000125386,ENST00000637812,4,4548,3.6578204560156973,False,True,FAM193A [ENST00000637812]
17973,FAM135A,family with sequence similarity 135 member A,ENSG00000082269,ENST00000370479,6,4548,3.6578204560156973,False,True,FAM135A [ENST00000370479]
46584,SMARCA2,"SWI/SNF related, matrix associated, actin dependent regulator of chromatin, subfamily a, member 2",ENSG00000080503,ENST00000450198,9,4545,3.657533887557986,True,True,SMARCA2 [ENST00000450198]
50765,CLASP2,cytoplasmic linker associated protein 2,ENSG00000163539,ENST00000468888,3,4545,3.657533887557986,False,True,CLASP2 [ENST00000468888]
121437,USP9X,ubiquitin specific peptidase 9 X-linked,ENSG00000124486,ENST00000704654,X,4545,3.657533887557986,True,True,USP9X [ENST00000704654]
48965,MAPKBP1,mitogen-activated protein kinase binding protein 1,ENSG00000137802,ENST00000456763,15,4545,3.657533887557986,True,True,MAPKBP1 [ENST00000456763]
29968,CLASP2,cytoplasmic linker associated protein 2,ENSG00000163539,ENST00000399362,3,4542,3.6572471298837166,False,True,CLASP2 [ENST00000399362]
39748,EIF4G1,eukaryotic translation initiation factor 4 gamma 1,ENSG00000114867,ENST00000427845,3,4542,3.6572471298837166,False,True,EIF4G1 [ENST00000427845]
106330,PTPRZ1,protein tyrosine phosphatase receptor type Z1,ENSG00000106278,ENST00000650826,7,4542,3.6572471298837166,False,True,PTPRZ1 [ENST00000650826]
60733,ZNF608,zinc finger protein 608,ENSG00000168916,ENST00000513986,5,4539,3.656960182742849,False,True,ZNF608 [ENST00000513986]
23113,EIF4G1,eukaryotic translation initiation factor 4 gamma 1,ENSG00000114867,ENST00000392537,3,4539,3.656960182742849,False,True,EIF4G1 [ENST00000392537]
27183,MAP3K1,mitogen-activated protein kinase kinase kinase 1,ENSG00000095015,ENST00000399503,5,4539,3.656960182742849,True,True,MAP3K1 [ENST00000399503]
53651,TASOR,transcription activation suppressor,ENSG00000163946,ENST00000493960,3,4539,3.656960182742849,False,True,TASOR [ENST00000493960]
17129,EPRS1,glutamyl-prolyl-tRNA synthetase 1,ENSG00000136628,ENST00000366923,1,4539,3.656960182742849,False,True,EPRS1 [ENST00000366923]
64513,MADD,MAP kinase activating death domain,ENSG00000110514,ENST00000526603,11,4539,3.656960182742849,True,True,MADD [ENST00000526603]
6948,ZNF608,zinc finger protein 608,ENSG00000168916,ENST00000306315,5,4539,3.656960182742849,False,True,ZNF608 [ENST00000306315]
108693,CC2D2A,coiled-coil and C2 domain containing 2A,ENSG00000048342,ENST00000674945,4,4539,3.656960182742849,True,True,CC2D2A [ENST00000674945]
60054,ADGRL3,adhesion G protein-coupled receptor L3,ENSG00000150471,ENST00000508946,4,4539,3.656960182742849,False,True,ADGRL3 [ENST00000508946]
280,CDK13,cyclin dependent kinase 13,ENSG00000065883,ENST00000181839,7,4539,3.656960182742849,True,True,CDK13 [ENST00000181839]
115626,NRXN2,neurexin 2,ENSG00000110076,ENST00000688050,11,4536,3.65667304588485,False,True,NRXN2 [ENST00000688050]
12979,ATP7A,ATPase copper transporting alpha,ENSG00000165240,ENST00000343533,X,4533,3.656385719058688,True,True,ATP7A [ENST00000343533]
14350,ADAMTS12,ADAM metallopeptidase with thrombospondin type 1 motif 12,ENSG00000151388,ENST00000352040,5,4530,3.656098202012832,False,True,ADAMTS12 [ENST00000352040]
55710,RAPGEF6,Rap guanine nucleotide exchange factor 6,ENSG00000158987,ENST00000507093,5,4530,3.656098202012832,False,True,RAPGEF6 [ENST00000507093]
5106,GEMIN5,gem nuclear organelle associated protein 5,ENSG00000082516,ENST00000285873,5,4527,3.655810494495252,True,True,GEMIN5 [ENST00000285873]
112577,SHOC1,shortage in chiasmata 1,ENSG00000165181,ENST00000682961,9,4527,3.655810494495252,True,True,SHOC1 [ENST00000682961]
28008,PTPRD,protein tyrosine phosphatase receptor type D,ENSG00000153707,ENST00000397617,9,4527,3.655810494495252,False,True,PTPRD [ENST00000397617]
44931,MAPKBP1,mitogen-activated protein kinase binding protein 1,ENSG00000137802,ENST00000457542,15,4527,3.655810494495252,True,True,MAPKBP1 [ENST00000457542]
68963,C4orf50,chromosome 4 open reading frame 50,ENSG00000181215,ENST00000531445,4,4527,3.655810494495252,False,True,C4orf50 [ENST00000531445]
60065,TRIO,trio Rho guanine nucleotide exchange factor,ENSG00000038382,ENST00000509967,5,4527,3.655810494495252,True,True,TRIO [ENST00000509967]
99961,MBD5,methyl-CpG binding domain protein 5,ENSG00000204406,ENST00000638043,2,4524,3.6555225962534177,True,True,MBD5 [ENST00000638043]
29226,NRXN1,neurexin 1,ENSG00000179915,ENST00000401669,2,4524,3.6555225962534177,True,True,NRXN1 [ENST00000401669]
116269,DCAF1,DDB1 and CUL4 associated factor 1,ENSG00000145041,ENST00000684031,3,4524,3.6555225962534177,False,True,DCAF1 [ENST00000684031]
120445,MTOR,mechanistic target of rapamycin kinase,ENSG00000198793,ENST00000703118,1,4524,3.6555225962534177,True,True,MTOR [ENST00000703118]
37418,DCAF1,DDB1 and CUL4 associated factor 1,ENSG00000145041,ENST00000423656,3,4524,3.6555225962534177,False,True,DCAF1 [ENST00000423656]
39835,CPS1,carbamoyl-phosphate synthase 1,ENSG00000021826,ENST00000430249,2,4521,3.655234507034294,True,True,CPS1 [ENST00000430249]
100479,PTPRD,protein tyrosine phosphatase receptor type D,ENSG00000282932,ENST00000635613,CHR_HSCHR9_1_CTG6,4521,3.655234507034294,False,True,PTPRD [ENST00000635613]
69285,NUP153,nucleoporin 153,ENSG00000124789,ENST00000537253,6,4521,3.655234507034294,False,True,NUP153 [ENST00000537253]
15169,PTPRD,protein tyrosine phosphatase receptor type D,ENSG00000153707,ENST00000355233,9,4521,3.655234507034294,False,True,PTPRD [ENST00000355233]
57725,DCAF1,DDB1 and CUL4 associated factor 1,ENSG00000145041,ENST00000504652,3,4521,3.655234507034294,False,True,DCAF1 [ENST00000504652]
112523,CLASP2,cytoplasmic linker associated protein 2,ENSG00000163539,ENST00000682230,3,4521,3.655234507034294,False,True,CLASP2 [ENST00000682230]
54992,PTPRD,protein tyrosine phosphatase receptor type D,ENSG00000153707,ENST00000486161,9,4518,3.6549462265843444,False,True,PTPRD [ENST00000486161]
104556,KDM5B,lysine demethylase 5B,ENSG00000117139,ENST00000648473,1,4518,3.6549462265843444,True,True,KDM5B [ENST00000648473]
98131,PTPRD,protein tyrosine phosphatase receptor type D,ENSG00000282932,ENST00000634360,CHR_HSCHR9_1_CTG6,4518,3.6549462265843444,False,True,PTPRD [ENST00000634360]
28558,PTPRD,protein tyrosine phosphatase receptor type D,ENSG00000153707,ENST00000397606,9,4518,3.6549462265843444,False,True,PTPRD [ENST00000397606]
7971,CUX1,cut like homeobox 1,ENSG00000257923,ENST00000292535,7,4518,3.6549462265843444,True,True,CUX1 [ENST00000292535]
72304,CUX1,cut like homeobox 1,ENSG00000257923,ENST00000546411,7,4518,3.6549462265843444,True,True,CUX1 [ENST00000546411]
99094,PTPRD,protein tyrosine phosphatase receptor type D,ENSG00000282932,ENST00000635279,CHR_HSCHR9_1_CTG6,4518,3.6549462265843444,False,True,PTPRD [ENST00000635279]
97455,PTPRD,protein tyrosine phosphatase receptor type D,ENSG00000282932,ENST00000634583,CHR_HSCHR9_1_CTG6,4518,3.6549462265843444,False,True,PTPRD [ENST00000634583]
117455,,novel protein,ENSG00000289697,ENST00000696032,1,4515,3.6546577546495245,False,True, [ENST00000696032]
53104,NISCH,nischarin,ENSG00000010322,ENST00000479054,3,4515,3.6546577546495245,False,True,NISCH [ENST00000479054]
71115,ADAMTS20,ADAM metallopeptidase with thrombospondin type 1 motif 20,ENSG00000173157,ENST00000553158,12,4515,3.6546577546495245,False,True,ADAMTS20 [ENST00000553158]
12472,NISCH,nischarin,ENSG00000010322,ENST00000345716,3,4515,3.6546577546495245,False,True,NISCH [ENST00000345716]
96979,RAPGEF6,Rap guanine nucleotide exchange factor 6,ENSG00000158987,ENST00000627212,5,4515,3.6546577546495245,False,True,RAPGEF6 [ENST00000627212]
36661,KIAA0586,KIAA0586,ENSG00000100578,ENST00000423743,14,4515,3.6546577546495245,True,True,KIAA0586 [ENST00000423743]
60326,ADGRL3,adhesion G protein-coupled receptor L3,ENSG00000150471,ENST00000514996,4,4512,3.654369090975286,False,True,ADGRL3 [ENST00000514996]
487,ABCC6,ATP binding cassette subfamily C member 6,ENSG00000091262,ENST00000205557,16,4512,3.654369090975286,True,True,ABCC6 [ENST00000205557]
93683,ABCC6,ATP binding cassette subfamily C member 6,ENSG00000275331,ENST00000620078,CHR_HSCHR16_1_CTG1,4512,3.654369090975286,True,True,ABCC6 [ENST00000620078]
67268,DEPDC5,"DEP domain containing 5, GATOR1 subcomplex subunit",ENSG00000100150,ENST00000535622,22,4512,3.654369090975286,True,True,DEPDC5 [ENST00000535622]
27293,EFCAB5,EF-hand calcium binding domain 5,ENSG00000176927,ENST00000394835,17,4512,3.654369090975286,False,True,EFCAB5 [ENST00000394835]
7196,TRPM2,transient receptor potential cation channel subfamily M member 2,ENSG00000142185,ENST00000300482,21,4512,3.654369090975286,False,True,TRPM2 [ENST00000300482]
29474,TRPM2,transient receptor potential cation channel subfamily M member 2,ENSG00000142185,ENST00000397928,21,4512,3.654369090975286,False,True,TRPM2 [ENST00000397928]
8088,LMTK2,lemur tyrosine kinase 2,ENSG00000164715,ENST00000297293,7,4512,3.654369090975286,False,True,LMTK2 [ENST00000297293]
104292,KDM5B,lysine demethylase 5B,ENSG00000117139,ENST00000648469,1,4512,3.654369090975286,True,True,KDM5B [ENST00000648469]
99231,PTPRD,protein tyrosine phosphatase receptor type D,ENSG00000282932,ENST00000635611,CHR_HSCHR9_1_CTG6,4509,3.6540802353065707,False,True,PTPRD [ENST00000635611]
9470,ARHGAP5,Rho GTPase activating protein 5,ENSG00000100852,ENST00000345122,14,4509,3.6540802353065707,False,True,ARHGAP5 [ENST00000345122]
69321,ARHGAP5,Rho GTPase activating protein 5,ENSG00000100852,ENST00000539826,14,4509,3.6540802353065707,False,True,ARHGAP5 [ENST00000539826]
84444,GPATCH8,G-patch domain containing 8,ENSG00000186566,ENST00000591680,17,4509,3.6540802353065707,False,True,GPATCH8 [ENST00000591680]
29626,PTPRD,protein tyrosine phosphatase receptor type D,ENSG00000153707,ENST00000397611,9,4509,3.6540802353065707,False,True,PTPRD [ENST00000397611]
84284,PTPRS,protein tyrosine phosphatase receptor type S,ENSG00000105426,ENST00000592099,19,4506,3.653791187387812,False,True,PTPRS [ENST00000592099]
77394,ARHGAP5,Rho GTPase activating protein 5,ENSG00000100852,ENST00000556611,14,4506,3.653791187387812,False,True,ARHGAP5 [ENST00000556611]
3086,EFCAB6,EF-hand calcium binding domain 6,ENSG00000186976,ENST00000262726,22,4506,3.653791187387812,False,True,EFCAB6 [ENST00000262726]
108546,CPS1,carbamoyl-phosphate synthase 1,ENSG00000021826,ENST00000673510,2,4503,3.653501946962933,True,True,CPS1 [ENST00000673510]
114796,ATP7A,ATPase copper transporting alpha,ENSG00000165240,ENST00000686133,X,4503,3.653501946962933,True,True,ATP7A [ENST00000686133]
27946,ADGRB2,adhesion G protein-coupled receptor B2,ENSG00000121753,ENST00000398556,1,4503,3.653501946962933,False,True,ADGRB2 [ENST00000398556]
108542,CPS1,carbamoyl-phosphate synthase 1,ENSG00000021826,ENST00000673630,2,4503,3.653501946962933,True,True,CPS1 [ENST00000673630]
107491,CPS1,carbamoyl-phosphate synthase 1,ENSG00000021826,ENST00000673711,2,4503,3.653501946962933,True,True,CPS1 [ENST00000673711]
115411,ATP7A,ATPase copper transporting alpha,ENSG00000165240,ENST00000687086,X,4503,3.653501946962933,True,True,ATP7A [ENST00000687086]
113706,KMT2C,lysine methyltransferase 2C,ENSG00000055609,ENST00000683397,7,4503,3.653501946962933,True,True,KMT2C [ENST00000683397]
11250,ATP7A,ATPase copper transporting alpha,ENSG00000165240,ENST00000341514,X,4503,3.653501946962933,True,True,ATP7A [ENST00000341514]
115656,ATP7A,ATPase copper transporting alpha,ENSG00000165240,ENST00000685264,X,4503,3.653501946962933,True,True,ATP7A [ENST00000685264]
1634,CPS1,carbamoyl-phosphate synthase 1,ENSG00000021826,ENST00000233072,2,4503,3.653501946962933,True,True,CPS1 [ENST00000233072]
